Using pre-set license
Built from '2022.3/staging' branch; Version is '2022.3.2f1 (d74737c6db50) revision 14108471'; Using compiler version '192829333'; Build Type 'Release'
OS: 'Windows 10  (10.0.19045) 64bit CoreSingleLanguage' Language: 'pt' Physical Memory: 6020 MB
BatchMode: 1, IsHumanControllingUs: 0, StartBugReporterOnCrash: 0, Is64bit: 1, IsPro: 1

COMMAND LINE ARGUMENTS:
C:\Users\walla\Desktop\All\Unity project\2022.3.2f1\Editor\Unity.exe
-adb2
-batchMode
-noUpm
-name
AssetImportWorker0
-projectPath
C:/Users/walla/Desktop/All/Estudos/2024_2/Desenvolvimento Games/NovoJogo/DevGames/New Unity Project
-logFile
Logs/AssetImportWorker0.log
-srvPort
50576
Successfully changed project path to: C:/Users/walla/Desktop/All/Estudos/2024_2/Desenvolvimento Games/NovoJogo/DevGames/New Unity Project
C:/Users/walla/Desktop/All/Estudos/2024_2/Desenvolvimento Games/NovoJogo/DevGames/New Unity Project
[UnityMemory] Configuration Parameters - Can be set up in boot.config
    "memorysetup-bucket-allocator-granularity=16"
    "memorysetup-bucket-allocator-bucket-count=8"
    "memorysetup-bucket-allocator-block-size=33554432"
    "memorysetup-bucket-allocator-block-count=8"
    "memorysetup-main-allocator-block-size=16777216"
    "memorysetup-thread-allocator-block-size=16777216"
    "memorysetup-gfx-main-allocator-block-size=16777216"
    "memorysetup-gfx-thread-allocator-block-size=16777216"
    "memorysetup-cache-allocator-block-size=4194304"
    "memorysetup-typetree-allocator-block-size=2097152"
    "memorysetup-profiler-bucket-allocator-granularity=16"
    "memorysetup-profiler-bucket-allocator-bucket-count=8"
    "memorysetup-profiler-bucket-allocator-block-size=33554432"
    "memorysetup-profiler-bucket-allocator-block-count=8"
    "memorysetup-profiler-allocator-block-size=16777216"
    "memorysetup-profiler-editor-allocator-block-size=1048576"
    "memorysetup-temp-allocator-size-main=16777216"
    "memorysetup-job-temp-allocator-block-size=2097152"
    "memorysetup-job-temp-allocator-block-size-background=1048576"
    "memorysetup-job-temp-allocator-reduction-small-platforms=262144"
    "memorysetup-allocator-temp-initial-block-size-main=262144"
    "memorysetup-allocator-temp-initial-block-size-worker=262144"
    "memorysetup-temp-allocator-size-background-worker=32768"
    "memorysetup-temp-allocator-size-job-worker=262144"
    "memorysetup-temp-allocator-size-preload-manager=33554432"
    "memorysetup-temp-allocator-size-nav-mesh-worker=65536"
    "memorysetup-temp-allocator-size-audio-worker=65536"
    "memorysetup-temp-allocator-size-cloud-worker=32768"
    "memorysetup-temp-allocator-size-gi-baking-worker=262144"
    "memorysetup-temp-allocator-size-gfx=262144"
Player connection [25616] Host "[IP] 192.168.0.105 [Port] 0 [Flags] 2 [Guid] 1000978817 [EditorId] 1000978817 [Version] 1048832 [Id] WindowsEditor(7,LAPTOP-QRBPGOGI) [Debug] 1 [PackageName] WindowsEditor [ProjectName] Editor" joined multi-casting on [225.0.0.222:54997]...

Player connection [25616] Host "[IP] 192.168.0.105 [Port] 0 [Flags] 2 [Guid] 1000978817 [EditorId] 1000978817 [Version] 1048832 [Id] WindowsEditor(7,LAPTOP-QRBPGOGI) [Debug] 1 [PackageName] WindowsEditor [ProjectName] Editor" joined alternative multi-casting on [225.0.0.222:34997]...

Refreshing native plugins compatible for Editor in 22.40 ms, found 1 plugins.
Preloading 0 native plugins for Editor in 0.00 ms.
Initialize engine version: 2022.3.2f1 (d74737c6db50)
[Subsystems] Discovering subsystems at path C:/Users/walla/Desktop/All/Unity project/2022.3.2f1/Editor/Data/Resources/UnitySubsystems
[Subsystems] Discovering subsystems at path C:/Users/walla/Desktop/All/Estudos/2024_2/Desenvolvimento Games/NovoJogo/DevGames/New Unity Project/Assets
GfxDevice: creating device client; threaded=0; jobified=0
Direct3D:
    Version:  Direct3D 11.0 [level 11.1]
    Renderer: AMD Radeon(TM) Vega 8 Graphics (ID=0x15d8)
    Vendor:   ATI
    VRAM:     3010 MB
    Driver:   26.20.14046.3
Initialize mono
Mono path[0] = 'C:/Users/walla/Desktop/All/Unity project/2022.3.2f1/Editor/Data/Managed'
Mono path[1] = 'C:/Users/walla/Desktop/All/Unity project/2022.3.2f1/Editor/Data/MonoBleedingEdge/lib/mono/unityjit-win32'
Mono config path = 'C:/Users/walla/Desktop/All/Unity project/2022.3.2f1/Editor/Data/MonoBleedingEdge/etc'
Using monoOptions --debugger-agent=transport=dt_socket,embedding=1,server=y,suspend=n,address=127.0.0.1:56580
Begin MonoManager ReloadAssembly
Registering precompiled unity dll's ...
Register platform support module: C:/Users/walla/Desktop/All/Unity project/2022.3.2f1/Editor/Data/PlaybackEngines/WebGLSupport/UnityEditor.WebGL.Extensions.dll
Register platform support module: C:/Users/walla/Desktop/All/Unity project/2022.3.2f1/Editor/Data/PlaybackEngines/WindowsStandaloneSupport/UnityEditor.WindowsStandalone.Extensions.dll
Registered in 0.049711 seconds.
- Loaded All Assemblies, in  0.853 seconds
Native extension for WindowsStandalone target not found
Native extension for WebGL target not found
Mono: successfully reloaded assembly
- Finished resetting the current domain, in  0.692 seconds
Domain Reload Profiling: 1540ms
	BeginReloadAssembly (215ms)
		ExecutionOrderSort (0ms)
		DisableScriptedObjects (0ms)
		BackupInstance (0ms)
		ReleaseScriptingObjects (0ms)
		CreateAndSetChildDomain (2ms)
	RebuildCommonClasses (91ms)
	RebuildNativeTypeToScriptingClass (31ms)
	initialDomainReloadingComplete (216ms)
	LoadAllAssembliesAndSetupDomain (294ms)
		LoadAssemblies (209ms)
		RebuildTransferFunctionScriptingTraits (0ms)
		AnalyzeDomain (279ms)
			TypeCache.Refresh (278ms)
				TypeCache.ScanAssembly (256ms)
			ScanForSourceGeneratedMonoScriptInfo (1ms)
			ResolveRequiredComponents (1ms)
	FinalizeReload (693ms)
		ReleaseScriptCaches (0ms)
		RebuildScriptCaches (0ms)
		SetupLoadedEditorAssemblies (562ms)
			LogAssemblyErrors (0ms)
			InitializePlatformSupportModulesInManaged (25ms)
			SetLoadedEditorAssemblies (13ms)
			RefreshPlugins (0ms)
			BeforeProcessingInitializeOnLoad (4ms)
			ProcessInitializeOnLoadAttributes (369ms)
			ProcessInitializeOnLoadMethodAttributes (150ms)
			AfterProcessingInitializeOnLoad (0ms)
			EditorAssembliesLoaded (0ms)
		ExecutionOrderSort2 (0ms)
		AwakeInstancesAfterBackupRestoration (0ms)
========================================================================
Worker process is ready to serve import requests
Begin MonoManager ReloadAssembly
- Loaded All Assemblies, in  2.055 seconds
Refreshing native plugins compatible for Editor in 15.57 ms, found 1 plugins.
Native extension for WindowsStandalone target not found
Native extension for WebGL target not found
Mono: successfully reloaded assembly
- Finished resetting the current domain, in  2.383 seconds
Domain Reload Profiling: 4432ms
	BeginReloadAssembly (462ms)
		ExecutionOrderSort (0ms)
		DisableScriptedObjects (27ms)
		BackupInstance (0ms)
		ReleaseScriptingObjects (0ms)
		CreateAndSetChildDomain (55ms)
	RebuildCommonClasses (88ms)
	RebuildNativeTypeToScriptingClass (26ms)
	initialDomainReloadingComplete (127ms)
	LoadAllAssembliesAndSetupDomain (1339ms)
		LoadAssemblies (853ms)
		RebuildTransferFunctionScriptingTraits (0ms)
		AnalyzeDomain (736ms)
			TypeCache.Refresh (662ms)
				TypeCache.ScanAssembly (626ms)
			ScanForSourceGeneratedMonoScriptInfo (48ms)
			ResolveRequiredComponents (26ms)
	FinalizeReload (2389ms)
		ReleaseScriptCaches (0ms)
		RebuildScriptCaches (0ms)
		SetupLoadedEditorAssemblies (1759ms)
			LogAssemblyErrors (0ms)
			InitializePlatformSupportModulesInManaged (37ms)
			SetLoadedEditorAssemblies (140ms)
			RefreshPlugins (0ms)
			BeforeProcessingInitializeOnLoad (459ms)
			ProcessInitializeOnLoadAttributes (929ms)
			ProcessInitializeOnLoadMethodAttributes (157ms)
			AfterProcessingInitializeOnLoad (36ms)
			EditorAssembliesLoaded (1ms)
		ExecutionOrderSort2 (0ms)
		AwakeInstancesAfterBackupRestoration (18ms)
Launched and connected shader compiler UnityShaderCompiler.exe after 0.38 seconds
Refreshing native plugins compatible for Editor in 7.27 ms, found 1 plugins.
Preloading 0 native plugins for Editor in 0.00 ms.
Unloading 1751 Unused Serialized files (Serialized files now loaded: 0)
Unloading 53 unused Assets / (99.9 KB). Loaded Objects now: 2232.
Memory consumption went from 89.0 MB to 88.9 MB.
Total: 8.830800 ms (FindLiveObjects: 0.267100 ms CreateObjectMapping: 0.100700 ms MarkObjects: 8.265900 ms  DeleteObjects: 0.194900 ms)

AssetImportParameters requested are different than current active one (requested -> active):
  custom:video-decoder-webm-vp8: 9c59270c3fd7afecdb556c50c9e8de78 -> 
  custom:container-demuxer-ogg: 62fdf1f143b41e24485cea50d1cbac27 -> 
  custom:AudioImporter_EditorPlatform: d09bf68614088b80899f8185d706f6e7 -> 
  custom:video-codec-MediaFoundation-h265: 746d11721c4dcdbdad8f713fa42b33f4 -> 
  custom:video-decoder-ogg-theora: a1e56fd34408186e4bbccfd4996cb3dc -> 
  custom:framework-win-MediaFoundation: 216162199b28c13a410421893ffa2e32 -> 
  custom:video-encoder-webm-vp8: eb34c28f22e8b96e1ab97ce403110664 -> 
  custom:audio-decoder-ogg-vorbis: bf7c407c2cedff20999df2af8eb42d56 -> 
  custom:container-demuxer-webm: 4f35f7cbe854078d1ac9338744f61a02 -> 
  custom:audio-encoder-webm-vorbis: bf7c407c2cedff20999df2af8eb42d56 -> 
  custom:container-muxer-webm: aa71ff27fc2769a1b78a27578f13a17b -> 
========================================================================
Received Import Request.
  Time since last request: 251482.635217 seconds.
  path: Assets/Scripts/Questions.cs
  artifactKey: Guid(3cf9c09ae821db2448fd759b0f654760) Importer(815301076,1909f56bfc062723c751e8b465ee728b)
Start importing Assets/Scripts/Questions.cs using Guid(3cf9c09ae821db2448fd759b0f654760) Importer(815301076,1909f56bfc062723c751e8b465ee728b)  -> (artifact id: '679f5b9d2095693d6873766fadfc5f8a') in 0.010880 seconds
Number of updated asset objects reloaded before import = 0
Number of asset objects unloaded after import = 0
========================================================================
Received Prepare
Begin MonoManager ReloadAssembly
- Loaded All Assemblies, in  1.007 seconds
Refreshing native plugins compatible for Editor in 3.73 ms, found 1 plugins.
Native extension for WindowsStandalone target not found
Native extension for WebGL target not found
Mono: successfully reloaded assembly
- Finished resetting the current domain, in  1.356 seconds
Domain Reload Profiling: 2354ms
	BeginReloadAssembly (256ms)
		ExecutionOrderSort (0ms)
		DisableScriptedObjects (29ms)
		BackupInstance (0ms)
		ReleaseScriptingObjects (0ms)
		CreateAndSetChildDomain (45ms)
	RebuildCommonClasses (74ms)
	RebuildNativeTypeToScriptingClass (24ms)
	initialDomainReloadingComplete (60ms)
	LoadAllAssembliesAndSetupDomain (582ms)
		LoadAssemblies (412ms)
		RebuildTransferFunctionScriptingTraits (0ms)
		AnalyzeDomain (291ms)
			TypeCache.Refresh (283ms)
				TypeCache.ScanAssembly (264ms)
			ScanForSourceGeneratedMonoScriptInfo (2ms)
			ResolveRequiredComponents (5ms)
	FinalizeReload (1357ms)
		ReleaseScriptCaches (0ms)
		RebuildScriptCaches (0ms)
		SetupLoadedEditorAssemblies (492ms)
			LogAssemblyErrors (0ms)
			InitializePlatformSupportModulesInManaged (14ms)
			SetLoadedEditorAssemblies (6ms)
			RefreshPlugins (0ms)
			BeforeProcessingInitializeOnLoad (103ms)
			ProcessInitializeOnLoadAttributes (282ms)
			ProcessInitializeOnLoadMethodAttributes (69ms)
			AfterProcessingInitializeOnLoad (17ms)
			EditorAssembliesLoaded (0ms)
		ExecutionOrderSort2 (0ms)
		AwakeInstancesAfterBackupRestoration (20ms)
Refreshing native plugins compatible for Editor in 5.40 ms, found 1 plugins.
Preloading 0 native plugins for Editor in 0.00 ms.
Unloading 1739 Unused Serialized files (Serialized files now loaded: 0)
Unloading 19 unused Assets / (99.1 KB). Loaded Objects now: 2249.
Memory consumption went from 86.2 MB to 86.1 MB.
Total: 4.369300 ms (FindLiveObjects: 0.244600 ms CreateObjectMapping: 0.052900 ms MarkObjects: 3.994700 ms  DeleteObjects: 0.075200 ms)

Prepare: number of updated asset objects reloaded= 0
AssetImportParameters requested are different than current active one (requested -> active):
  custom:video-decoder-webm-vp8: 9c59270c3fd7afecdb556c50c9e8de78 -> 
  custom:container-demuxer-ogg: 62fdf1f143b41e24485cea50d1cbac27 -> 
  custom:AudioImporter_EditorPlatform: d09bf68614088b80899f8185d706f6e7 -> 
  custom:video-codec-MediaFoundation-h265: 746d11721c4dcdbdad8f713fa42b33f4 -> 
  custom:video-decoder-ogg-theora: a1e56fd34408186e4bbccfd4996cb3dc -> 
  custom:framework-win-MediaFoundation: 216162199b28c13a410421893ffa2e32 -> 
  custom:video-encoder-webm-vp8: eb34c28f22e8b96e1ab97ce403110664 -> 
  custom:audio-decoder-ogg-vorbis: bf7c407c2cedff20999df2af8eb42d56 -> 
  custom:container-demuxer-webm: 4f35f7cbe854078d1ac9338744f61a02 -> 
  custom:audio-encoder-webm-vorbis: bf7c407c2cedff20999df2af8eb42d56 -> 
  custom:container-muxer-webm: aa71ff27fc2769a1b78a27578f13a17b -> 
========================================================================
Received Prepare
Begin MonoManager ReloadAssembly
- Loaded All Assemblies, in  1.008 seconds
Refreshing native plugins compatible for Editor in 3.88 ms, found 1 plugins.
Native extension for WindowsStandalone target not found
Native extension for WebGL target not found
Mono: successfully reloaded assembly
- Finished resetting the current domain, in  1.036 seconds
Domain Reload Profiling: 2038ms
	BeginReloadAssembly (277ms)
		ExecutionOrderSort (0ms)
		DisableScriptedObjects (42ms)
		BackupInstance (0ms)
		ReleaseScriptingObjects (0ms)
		CreateAndSetChildDomain (49ms)
	RebuildCommonClasses (76ms)
	RebuildNativeTypeToScriptingClass (23ms)
	initialDomainReloadingComplete (57ms)
	LoadAllAssembliesAndSetupDomain (570ms)
		LoadAssemblies (393ms)
		RebuildTransferFunctionScriptingTraits (0ms)
		AnalyzeDomain (293ms)
			TypeCache.Refresh (286ms)
				TypeCache.ScanAssembly (266ms)
			ScanForSourceGeneratedMonoScriptInfo (0ms)
			ResolveRequiredComponents (7ms)
	FinalizeReload (1037ms)
		ReleaseScriptCaches (0ms)
		RebuildScriptCaches (0ms)
		SetupLoadedEditorAssemblies (494ms)
			LogAssemblyErrors (0ms)
			InitializePlatformSupportModulesInManaged (15ms)
			SetLoadedEditorAssemblies (6ms)
			RefreshPlugins (0ms)
			BeforeProcessingInitializeOnLoad (101ms)
			ProcessInitializeOnLoadAttributes (298ms)
			ProcessInitializeOnLoadMethodAttributes (58ms)
			AfterProcessingInitializeOnLoad (16ms)
			EditorAssembliesLoaded (0ms)
		ExecutionOrderSort2 (0ms)
		AwakeInstancesAfterBackupRestoration (20ms)
Refreshing native plugins compatible for Editor in 5.09 ms, found 1 plugins.
Preloading 0 native plugins for Editor in 0.00 ms.
Unloading 1740 Unused Serialized files (Serialized files now loaded: 0)
Unloading 19 unused Assets / (99.1 KB). Loaded Objects now: 2265.
Memory consumption went from 86.5 MB to 86.4 MB.
Total: 5.948300 ms (FindLiveObjects: 0.444000 ms CreateObjectMapping: 0.086000 ms MarkObjects: 5.328000 ms  DeleteObjects: 0.087700 ms)

Prepare: number of updated asset objects reloaded= 0
AssetImportParameters requested are different than current active one (requested -> active):
  custom:video-decoder-webm-vp8: 9c59270c3fd7afecdb556c50c9e8de78 -> 
  custom:container-demuxer-ogg: 62fdf1f143b41e24485cea50d1cbac27 -> 
  custom:AudioImporter_EditorPlatform: d09bf68614088b80899f8185d706f6e7 -> 
  custom:video-codec-MediaFoundation-h265: 746d11721c4dcdbdad8f713fa42b33f4 -> 
  custom:video-decoder-ogg-theora: a1e56fd34408186e4bbccfd4996cb3dc -> 
  custom:framework-win-MediaFoundation: 216162199b28c13a410421893ffa2e32 -> 
  custom:video-encoder-webm-vp8: eb34c28f22e8b96e1ab97ce403110664 -> 
  custom:audio-decoder-ogg-vorbis: bf7c407c2cedff20999df2af8eb42d56 -> 
  custom:container-demuxer-webm: 4f35f7cbe854078d1ac9338744f61a02 -> 
  custom:audio-encoder-webm-vorbis: bf7c407c2cedff20999df2af8eb42d56 -> 
  custom:container-muxer-webm: aa71ff27fc2769a1b78a27578f13a17b -> 
========================================================================
Received Import Request.
  Time since last request: 38.330377 seconds.
  path: Assets/Scripts/Questions.cs
  artifactKey: Guid(3cf9c09ae821db2448fd759b0f654760) Importer(815301076,1909f56bfc062723c751e8b465ee728b)
Start importing Assets/Scripts/Questions.cs using Guid(3cf9c09ae821db2448fd759b0f654760) Importer(815301076,1909f56bfc062723c751e8b465ee728b)  -> (artifact id: 'f30c9c6ad3e239638bf94498da16de51') in 0.003929 seconds
Number of updated asset objects reloaded before import = 0
Number of asset objects unloaded after import = 0
========================================================================
Received Prepare
Begin MonoManager ReloadAssembly
- Loaded All Assemblies, in  1.070 seconds
Refreshing native plugins compatible for Editor in 4.47 ms, found 1 plugins.
Native extension for WindowsStandalone target not found
Native extension for WebGL target not found
Mono: successfully reloaded assembly
- Finished resetting the current domain, in  1.370 seconds
Domain Reload Profiling: 2436ms
	BeginReloadAssembly (224ms)
		ExecutionOrderSort (0ms)
		DisableScriptedObjects (20ms)
		BackupInstance (0ms)
		ReleaseScriptingObjects (0ms)
		CreateAndSetChildDomain (40ms)
	RebuildCommonClasses (58ms)
	RebuildNativeTypeToScriptingClass (22ms)
	initialDomainReloadingComplete (59ms)
	LoadAllAssembliesAndSetupDomain (701ms)
		LoadAssemblies (507ms)
		RebuildTransferFunctionScriptingTraits (0ms)
		AnalyzeDomain (296ms)
			TypeCache.Refresh (289ms)
				TypeCache.ScanAssembly (273ms)
			ScanForSourceGeneratedMonoScriptInfo (0ms)
			ResolveRequiredComponents (6ms)
	FinalizeReload (1372ms)
		ReleaseScriptCaches (0ms)
		RebuildScriptCaches (0ms)
		SetupLoadedEditorAssemblies (488ms)
			LogAssemblyErrors (0ms)
			InitializePlatformSupportModulesInManaged (14ms)
			SetLoadedEditorAssemblies (8ms)
			RefreshPlugins (0ms)
			BeforeProcessingInitializeOnLoad (104ms)
			ProcessInitializeOnLoadAttributes (286ms)
			ProcessInitializeOnLoadMethodAttributes (59ms)
			AfterProcessingInitializeOnLoad (16ms)
			EditorAssembliesLoaded (0ms)
		ExecutionOrderSort2 (0ms)
		AwakeInstancesAfterBackupRestoration (21ms)
Refreshing native plugins compatible for Editor in 7.34 ms, found 1 plugins.
Preloading 0 native plugins for Editor in 0.00 ms.
Unloading 1739 Unused Serialized files (Serialized files now loaded: 0)
Unloading 19 unused Assets / (99.2 KB). Loaded Objects now: 2281.
Memory consumption went from 86.2 MB to 86.1 MB.
Total: 7.144800 ms (FindLiveObjects: 0.358500 ms CreateObjectMapping: 0.339500 ms MarkObjects: 6.262800 ms  DeleteObjects: 0.182000 ms)

Prepare: number of updated asset objects reloaded= 0
AssetImportParameters requested are different than current active one (requested -> active):
  custom:video-decoder-webm-vp8: 9c59270c3fd7afecdb556c50c9e8de78 -> 
  custom:container-demuxer-ogg: 62fdf1f143b41e24485cea50d1cbac27 -> 
  custom:AudioImporter_EditorPlatform: d09bf68614088b80899f8185d706f6e7 -> 
  custom:video-codec-MediaFoundation-h265: 746d11721c4dcdbdad8f713fa42b33f4 -> 
  custom:video-decoder-ogg-theora: a1e56fd34408186e4bbccfd4996cb3dc -> 
  custom:framework-win-MediaFoundation: 216162199b28c13a410421893ffa2e32 -> 
  custom:video-encoder-webm-vp8: eb34c28f22e8b96e1ab97ce403110664 -> 
  custom:audio-decoder-ogg-vorbis: bf7c407c2cedff20999df2af8eb42d56 -> 
  custom:container-demuxer-webm: 4f35f7cbe854078d1ac9338744f61a02 -> 
  custom:audio-encoder-webm-vorbis: bf7c407c2cedff20999df2af8eb42d56 -> 
  custom:container-muxer-webm: aa71ff27fc2769a1b78a27578f13a17b -> 
========================================================================
Received Prepare
Begin MonoManager ReloadAssembly
- Loaded All Assemblies, in  1.052 seconds
Refreshing native plugins compatible for Editor in 4.68 ms, found 1 plugins.
Native extension for WindowsStandalone target not found
Native extension for WebGL target not found
Mono: successfully reloaded assembly
- Finished resetting the current domain, in  1.302 seconds
Domain Reload Profiling: 2348ms
	BeginReloadAssembly (250ms)
		ExecutionOrderSort (0ms)
		DisableScriptedObjects (23ms)
		BackupInstance (0ms)
		ReleaseScriptingObjects (0ms)
		CreateAndSetChildDomain (42ms)
	RebuildCommonClasses (78ms)
	RebuildNativeTypeToScriptingClass (27ms)
	initialDomainReloadingComplete (62ms)
	LoadAllAssembliesAndSetupDomain (628ms)
		LoadAssemblies (397ms)
		RebuildTransferFunctionScriptingTraits (0ms)
		AnalyzeDomain (357ms)
			TypeCache.Refresh (346ms)
				TypeCache.ScanAssembly (329ms)
			ScanForSourceGeneratedMonoScriptInfo (3ms)
			ResolveRequiredComponents (8ms)
	FinalizeReload (1303ms)
		ReleaseScriptCaches (0ms)
		RebuildScriptCaches (0ms)
		SetupLoadedEditorAssemblies (739ms)
			LogAssemblyErrors (0ms)
			InitializePlatformSupportModulesInManaged (15ms)
			SetLoadedEditorAssemblies (8ms)
			RefreshPlugins (0ms)
			BeforeProcessingInitializeOnLoad (106ms)
			ProcessInitializeOnLoadAttributes (499ms)
			ProcessInitializeOnLoadMethodAttributes (93ms)
			AfterProcessingInitializeOnLoad (16ms)
			EditorAssembliesLoaded (0ms)
		ExecutionOrderSort2 (0ms)
		AwakeInstancesAfterBackupRestoration (25ms)
Refreshing native plugins compatible for Editor in 4.56 ms, found 1 plugins.
Preloading 0 native plugins for Editor in 0.00 ms.
Unloading 1740 Unused Serialized files (Serialized files now loaded: 0)
Unloading 19 unused Assets / (99.2 KB). Loaded Objects now: 2297.
Memory consumption went from 86.5 MB to 86.4 MB.
Total: 5.156500 ms (FindLiveObjects: 0.274400 ms CreateObjectMapping: 0.079900 ms MarkObjects: 4.721600 ms  DeleteObjects: 0.079000 ms)

Prepare: number of updated asset objects reloaded= 0
AssetImportParameters requested are different than current active one (requested -> active):
  custom:video-decoder-webm-vp8: 9c59270c3fd7afecdb556c50c9e8de78 -> 
  custom:container-demuxer-ogg: 62fdf1f143b41e24485cea50d1cbac27 -> 
  custom:AudioImporter_EditorPlatform: d09bf68614088b80899f8185d706f6e7 -> 
  custom:video-codec-MediaFoundation-h265: 746d11721c4dcdbdad8f713fa42b33f4 -> 
  custom:video-decoder-ogg-theora: a1e56fd34408186e4bbccfd4996cb3dc -> 
  custom:framework-win-MediaFoundation: 216162199b28c13a410421893ffa2e32 -> 
  custom:video-encoder-webm-vp8: eb34c28f22e8b96e1ab97ce403110664 -> 
  custom:audio-decoder-ogg-vorbis: bf7c407c2cedff20999df2af8eb42d56 -> 
  custom:container-demuxer-webm: 4f35f7cbe854078d1ac9338744f61a02 -> 
  custom:audio-encoder-webm-vorbis: bf7c407c2cedff20999df2af8eb42d56 -> 
  custom:container-muxer-webm: aa71ff27fc2769a1b78a27578f13a17b -> 
========================================================================
Received Prepare
Begin MonoManager ReloadAssembly
- Loaded All Assemblies, in  0.908 seconds
Refreshing native plugins compatible for Editor in 5.21 ms, found 1 plugins.
Native extension for WindowsStandalone target not found
Native extension for WebGL target not found
Mono: successfully reloaded assembly
- Finished resetting the current domain, in  1.025 seconds
Domain Reload Profiling: 1927ms
	BeginReloadAssembly (221ms)
		ExecutionOrderSort (0ms)
		DisableScriptedObjects (19ms)
		BackupInstance (0ms)
		ReleaseScriptingObjects (0ms)
		CreateAndSetChildDomain (40ms)
	RebuildCommonClasses (61ms)
	RebuildNativeTypeToScriptingClass (21ms)
	initialDomainReloadingComplete (60ms)
	LoadAllAssembliesAndSetupDomain (538ms)
		LoadAssemblies (346ms)
		RebuildTransferFunctionScriptingTraits (0ms)
		AnalyzeDomain (291ms)
			TypeCache.Refresh (282ms)
				TypeCache.ScanAssembly (260ms)
			ScanForSourceGeneratedMonoScriptInfo (0ms)
			ResolveRequiredComponents (8ms)
	FinalizeReload (1026ms)
		ReleaseScriptCaches (0ms)
		RebuildScriptCaches (0ms)
		SetupLoadedEditorAssemblies (487ms)
			LogAssemblyErrors (0ms)
			InitializePlatformSupportModulesInManaged (17ms)
			SetLoadedEditorAssemblies (9ms)
			RefreshPlugins (0ms)
			BeforeProcessingInitializeOnLoad (108ms)
			ProcessInitializeOnLoadAttributes (278ms)
			ProcessInitializeOnLoadMethodAttributes (60ms)
			AfterProcessingInitializeOnLoad (14ms)
			EditorAssembliesLoaded (0ms)
		ExecutionOrderSort2 (0ms)
		AwakeInstancesAfterBackupRestoration (17ms)
Refreshing native plugins compatible for Editor in 4.15 ms, found 1 plugins.
Preloading 0 native plugins for Editor in 0.00 ms.
Unloading 1740 Unused Serialized files (Serialized files now loaded: 0)
Unloading 19 unused Assets / (99.2 KB). Loaded Objects now: 2313.
Memory consumption went from 86.5 MB to 86.4 MB.
Total: 4.666300 ms (FindLiveObjects: 0.251100 ms CreateObjectMapping: 0.077700 ms MarkObjects: 4.248000 ms  DeleteObjects: 0.087700 ms)

Prepare: number of updated asset objects reloaded= 0
AssetImportParameters requested are different than current active one (requested -> active):
  custom:video-decoder-webm-vp8: 9c59270c3fd7afecdb556c50c9e8de78 -> 
  custom:container-demuxer-ogg: 62fdf1f143b41e24485cea50d1cbac27 -> 
  custom:AudioImporter_EditorPlatform: d09bf68614088b80899f8185d706f6e7 -> 
  custom:video-codec-MediaFoundation-h265: 746d11721c4dcdbdad8f713fa42b33f4 -> 
  custom:video-decoder-ogg-theora: a1e56fd34408186e4bbccfd4996cb3dc -> 
  custom:framework-win-MediaFoundation: 216162199b28c13a410421893ffa2e32 -> 
  custom:video-encoder-webm-vp8: eb34c28f22e8b96e1ab97ce403110664 -> 
  custom:audio-decoder-ogg-vorbis: bf7c407c2cedff20999df2af8eb42d56 -> 
  custom:container-demuxer-webm: 4f35f7cbe854078d1ac9338744f61a02 -> 
  custom:audio-encoder-webm-vorbis: bf7c407c2cedff20999df2af8eb42d56 -> 
  custom:container-muxer-webm: aa71ff27fc2769a1b78a27578f13a17b -> 
========================================================================
Received Prepare
Begin MonoManager ReloadAssembly
- Loaded All Assemblies, in  0.911 seconds
Refreshing native plugins compatible for Editor in 4.14 ms, found 1 plugins.
Native extension for WindowsStandalone target not found
Native extension for WebGL target not found
Mono: successfully reloaded assembly
- Finished resetting the current domain, in  0.989 seconds
Domain Reload Profiling: 1894ms
	BeginReloadAssembly (224ms)
		ExecutionOrderSort (0ms)
		DisableScriptedObjects (20ms)
		BackupInstance (0ms)
		ReleaseScriptingObjects (0ms)
		CreateAndSetChildDomain (48ms)
	RebuildCommonClasses (63ms)
	RebuildNativeTypeToScriptingClass (23ms)
	initialDomainReloadingComplete (59ms)
	LoadAllAssembliesAndSetupDomain (534ms)
		LoadAssemblies (360ms)
		RebuildTransferFunctionScriptingTraits (0ms)
		AnalyzeDomain (272ms)
			TypeCache.Refresh (266ms)
				TypeCache.ScanAssembly (244ms)
			ScanForSourceGeneratedMonoScriptInfo (0ms)
			ResolveRequiredComponents (6ms)
	FinalizeReload (990ms)
		ReleaseScriptCaches (0ms)
		RebuildScriptCaches (0ms)
		SetupLoadedEditorAssemblies (451ms)
			LogAssemblyErrors (0ms)
			InitializePlatformSupportModulesInManaged (13ms)
			SetLoadedEditorAssemblies (8ms)
			RefreshPlugins (0ms)
			BeforeProcessingInitializeOnLoad (99ms)
			ProcessInitializeOnLoadAttributes (264ms)
			ProcessInitializeOnLoadMethodAttributes (53ms)
			AfterProcessingInitializeOnLoad (14ms)
			EditorAssembliesLoaded (0ms)
		ExecutionOrderSort2 (0ms)
		AwakeInstancesAfterBackupRestoration (18ms)
Refreshing native plugins compatible for Editor in 4.31 ms, found 1 plugins.
Preloading 0 native plugins for Editor in 0.00 ms.
Unloading 1740 Unused Serialized files (Serialized files now loaded: 0)
Unloading 19 unused Assets / (99.2 KB). Loaded Objects now: 2329.
Memory consumption went from 86.5 MB to 86.4 MB.
Total: 4.545500 ms (FindLiveObjects: 0.282200 ms CreateObjectMapping: 0.099400 ms MarkObjects: 4.083200 ms  DeleteObjects: 0.078800 ms)

Prepare: number of updated asset objects reloaded= 0
AssetImportParameters requested are different than current active one (requested -> active):
  custom:video-decoder-webm-vp8: 9c59270c3fd7afecdb556c50c9e8de78 -> 
  custom:container-demuxer-ogg: 62fdf1f143b41e24485cea50d1cbac27 -> 
  custom:AudioImporter_EditorPlatform: d09bf68614088b80899f8185d706f6e7 -> 
  custom:video-codec-MediaFoundation-h265: 746d11721c4dcdbdad8f713fa42b33f4 -> 
  custom:video-decoder-ogg-theora: a1e56fd34408186e4bbccfd4996cb3dc -> 
  custom:framework-win-MediaFoundation: 216162199b28c13a410421893ffa2e32 -> 
  custom:video-encoder-webm-vp8: eb34c28f22e8b96e1ab97ce403110664 -> 
  custom:audio-decoder-ogg-vorbis: bf7c407c2cedff20999df2af8eb42d56 -> 
  custom:container-demuxer-webm: 4f35f7cbe854078d1ac9338744f61a02 -> 
  custom:audio-encoder-webm-vorbis: bf7c407c2cedff20999df2af8eb42d56 -> 
  custom:container-muxer-webm: aa71ff27fc2769a1b78a27578f13a17b -> 
========================================================================
Received Prepare
Begin MonoManager ReloadAssembly
- Loaded All Assemblies, in  1.021 seconds
Refreshing native plugins compatible for Editor in 5.49 ms, found 1 plugins.
Native extension for WindowsStandalone target not found
Native extension for WebGL target not found
Mono: successfully reloaded assembly
- Finished resetting the current domain, in  1.153 seconds
Domain Reload Profiling: 2164ms
	BeginReloadAssembly (247ms)
		ExecutionOrderSort (0ms)
		DisableScriptedObjects (19ms)
		BackupInstance (0ms)
		ReleaseScriptingObjects (0ms)
		CreateAndSetChildDomain (41ms)
	RebuildCommonClasses (80ms)
	RebuildNativeTypeToScriptingClass (20ms)
	initialDomainReloadingComplete (58ms)
	LoadAllAssembliesAndSetupDomain (605ms)
		LoadAssemblies (393ms)
		RebuildTransferFunctionScriptingTraits (0ms)
		AnalyzeDomain (340ms)
			TypeCache.Refresh (328ms)
				TypeCache.ScanAssembly (305ms)
			ScanForSourceGeneratedMonoScriptInfo (3ms)
			ResolveRequiredComponents (8ms)
	FinalizeReload (1153ms)
		ReleaseScriptCaches (0ms)
		RebuildScriptCaches (0ms)
		SetupLoadedEditorAssemblies (578ms)
			LogAssemblyErrors (0ms)
			InitializePlatformSupportModulesInManaged (16ms)
			SetLoadedEditorAssemblies (8ms)
			RefreshPlugins (0ms)
			BeforeProcessingInitializeOnLoad (104ms)
			ProcessInitializeOnLoadAttributes (373ms)
			ProcessInitializeOnLoadMethodAttributes (59ms)
			AfterProcessingInitializeOnLoad (18ms)
			EditorAssembliesLoaded (0ms)
		ExecutionOrderSort2 (0ms)
		AwakeInstancesAfterBackupRestoration (18ms)
Refreshing native plugins compatible for Editor in 3.60 ms, found 1 plugins.
Preloading 0 native plugins for Editor in 0.00 ms.
Unloading 1740 Unused Serialized files (Serialized files now loaded: 0)
Unloading 19 unused Assets / (99.2 KB). Loaded Objects now: 2345.
Memory consumption went from 86.5 MB to 86.4 MB.
Total: 5.833000 ms (FindLiveObjects: 0.279900 ms CreateObjectMapping: 0.088300 ms MarkObjects: 5.388000 ms  DeleteObjects: 0.075100 ms)

Prepare: number of updated asset objects reloaded= 0
AssetImportParameters requested are different than current active one (requested -> active):
  custom:video-decoder-webm-vp8: 9c59270c3fd7afecdb556c50c9e8de78 -> 
  custom:container-demuxer-ogg: 62fdf1f143b41e24485cea50d1cbac27 -> 
  custom:AudioImporter_EditorPlatform: d09bf68614088b80899f8185d706f6e7 -> 
  custom:video-codec-MediaFoundation-h265: 746d11721c4dcdbdad8f713fa42b33f4 -> 
  custom:video-decoder-ogg-theora: a1e56fd34408186e4bbccfd4996cb3dc -> 
  custom:framework-win-MediaFoundation: 216162199b28c13a410421893ffa2e32 -> 
  custom:video-encoder-webm-vp8: eb34c28f22e8b96e1ab97ce403110664 -> 
  custom:audio-decoder-ogg-vorbis: bf7c407c2cedff20999df2af8eb42d56 -> 
  custom:container-demuxer-webm: 4f35f7cbe854078d1ac9338744f61a02 -> 
  custom:audio-encoder-webm-vorbis: bf7c407c2cedff20999df2af8eb42d56 -> 
  custom:container-muxer-webm: aa71ff27fc2769a1b78a27578f13a17b -> 
========================================================================
Received Prepare
Begin MonoManager ReloadAssembly
- Loaded All Assemblies, in  0.917 seconds
Refreshing native plugins compatible for Editor in 3.75 ms, found 1 plugins.
Native extension for WindowsStandalone target not found
Native extension for WebGL target not found
Mono: successfully reloaded assembly
- Finished resetting the current domain, in  1.250 seconds
Domain Reload Profiling: 2161ms
	BeginReloadAssembly (245ms)
		ExecutionOrderSort (0ms)
		DisableScriptedObjects (25ms)
		BackupInstance (0ms)
		ReleaseScriptingObjects (0ms)
		CreateAndSetChildDomain (49ms)
	RebuildCommonClasses (65ms)
	RebuildNativeTypeToScriptingClass (16ms)
	initialDomainReloadingComplete (54ms)
	LoadAllAssembliesAndSetupDomain (530ms)
		LoadAssemblies (373ms)
		RebuildTransferFunctionScriptingTraits (0ms)
		AnalyzeDomain (266ms)
			TypeCache.Refresh (261ms)
				TypeCache.ScanAssembly (245ms)
			ScanForSourceGeneratedMonoScriptInfo (0ms)
			ResolveRequiredComponents (5ms)
	FinalizeReload (1251ms)
		ReleaseScriptCaches (0ms)
		RebuildScriptCaches (0ms)
		SetupLoadedEditorAssemblies (659ms)
			LogAssemblyErrors (0ms)
			InitializePlatformSupportModulesInManaged (15ms)
			SetLoadedEditorAssemblies (7ms)
			RefreshPlugins (0ms)
			BeforeProcessingInitializeOnLoad (112ms)
			ProcessInitializeOnLoadAttributes (405ms)
			ProcessInitializeOnLoadMethodAttributes (96ms)
			AfterProcessingInitializeOnLoad (24ms)
			EditorAssembliesLoaded (1ms)
		ExecutionOrderSort2 (0ms)
		AwakeInstancesAfterBackupRestoration (34ms)
Refreshing native plugins compatible for Editor in 7.92 ms, found 1 plugins.
Preloading 0 native plugins for Editor in 0.00 ms.
Unloading 1740 Unused Serialized files (Serialized files now loaded: 0)
Unloading 19 unused Assets / (99.2 KB). Loaded Objects now: 2361.
Memory consumption went from 86.5 MB to 86.4 MB.
Total: 5.080400 ms (FindLiveObjects: 0.296500 ms CreateObjectMapping: 0.147100 ms MarkObjects: 4.492700 ms  DeleteObjects: 0.142000 ms)

Prepare: number of updated asset objects reloaded= 0
AssetImportParameters requested are different than current active one (requested -> active):
  custom:video-decoder-webm-vp8: 9c59270c3fd7afecdb556c50c9e8de78 -> 
  custom:container-demuxer-ogg: 62fdf1f143b41e24485cea50d1cbac27 -> 
  custom:AudioImporter_EditorPlatform: d09bf68614088b80899f8185d706f6e7 -> 
  custom:video-codec-MediaFoundation-h265: 746d11721c4dcdbdad8f713fa42b33f4 -> 
  custom:video-decoder-ogg-theora: a1e56fd34408186e4bbccfd4996cb3dc -> 
  custom:framework-win-MediaFoundation: 216162199b28c13a410421893ffa2e32 -> 
  custom:video-encoder-webm-vp8: eb34c28f22e8b96e1ab97ce403110664 -> 
  custom:audio-decoder-ogg-vorbis: bf7c407c2cedff20999df2af8eb42d56 -> 
  custom:container-demuxer-webm: 4f35f7cbe854078d1ac9338744f61a02 -> 
  custom:audio-encoder-webm-vorbis: bf7c407c2cedff20999df2af8eb42d56 -> 
  custom:container-muxer-webm: aa71ff27fc2769a1b78a27578f13a17b -> 
========================================================================
Received Prepare
Begin MonoManager ReloadAssembly
- Loaded All Assemblies, in  0.965 seconds
Refreshing native plugins compatible for Editor in 6.44 ms, found 1 plugins.
Native extension for WindowsStandalone target not found
Native extension for WebGL target not found
Mono: successfully reloaded assembly
- Finished resetting the current domain, in  1.436 seconds
Domain Reload Profiling: 2395ms
	BeginReloadAssembly (249ms)
		ExecutionOrderSort (0ms)
		DisableScriptedObjects (23ms)
		BackupInstance (0ms)
		ReleaseScriptingObjects (0ms)
		CreateAndSetChildDomain (44ms)
	RebuildCommonClasses (71ms)
	RebuildNativeTypeToScriptingClass (20ms)
	initialDomainReloadingComplete (57ms)
	LoadAllAssembliesAndSetupDomain (562ms)
		LoadAssemblies (374ms)
		RebuildTransferFunctionScriptingTraits (0ms)
		AnalyzeDomain (301ms)
			TypeCache.Refresh (290ms)
				TypeCache.ScanAssembly (253ms)
			ScanForSourceGeneratedMonoScriptInfo (0ms)
			ResolveRequiredComponents (11ms)
	FinalizeReload (1437ms)
		ReleaseScriptCaches (0ms)
		RebuildScriptCaches (0ms)
		SetupLoadedEditorAssemblies (686ms)
			LogAssemblyErrors (0ms)
			InitializePlatformSupportModulesInManaged (15ms)
			SetLoadedEditorAssemblies (7ms)
			RefreshPlugins (0ms)
			BeforeProcessingInitializeOnLoad (114ms)
			ProcessInitializeOnLoadAttributes (440ms)
			ProcessInitializeOnLoadMethodAttributes (89ms)
			AfterProcessingInitializeOnLoad (22ms)
			EditorAssembliesLoaded (1ms)
		ExecutionOrderSort2 (0ms)
		AwakeInstancesAfterBackupRestoration (33ms)
Refreshing native plugins compatible for Editor in 7.16 ms, found 1 plugins.
Preloading 0 native plugins for Editor in 0.00 ms.
Unloading 1740 Unused Serialized files (Serialized files now loaded: 0)
Unloading 19 unused Assets / (99.2 KB). Loaded Objects now: 2377.
Memory consumption went from 86.6 MB to 86.5 MB.
Total: 8.709500 ms (FindLiveObjects: 0.595700 ms CreateObjectMapping: 0.093700 ms MarkObjects: 7.927200 ms  DeleteObjects: 0.089100 ms)

Prepare: number of updated asset objects reloaded= 0
AssetImportParameters requested are different than current active one (requested -> active):
  custom:video-decoder-webm-vp8: 9c59270c3fd7afecdb556c50c9e8de78 -> 
  custom:container-demuxer-ogg: 62fdf1f143b41e24485cea50d1cbac27 -> 
  custom:AudioImporter_EditorPlatform: d09bf68614088b80899f8185d706f6e7 -> 
  custom:video-codec-MediaFoundation-h265: 746d11721c4dcdbdad8f713fa42b33f4 -> 
  custom:video-decoder-ogg-theora: a1e56fd34408186e4bbccfd4996cb3dc -> 
  custom:framework-win-MediaFoundation: 216162199b28c13a410421893ffa2e32 -> 
  custom:video-encoder-webm-vp8: eb34c28f22e8b96e1ab97ce403110664 -> 
  custom:audio-decoder-ogg-vorbis: bf7c407c2cedff20999df2af8eb42d56 -> 
  custom:container-demuxer-webm: 4f35f7cbe854078d1ac9338744f61a02 -> 
  custom:audio-encoder-webm-vorbis: bf7c407c2cedff20999df2af8eb42d56 -> 
  custom:container-muxer-webm: aa71ff27fc2769a1b78a27578f13a17b -> 
========================================================================
Received Prepare
Begin MonoManager ReloadAssembly
- Loaded All Assemblies, in  0.969 seconds
Refreshing native plugins compatible for Editor in 4.10 ms, found 1 plugins.
Native extension for WindowsStandalone target not found
Native extension for WebGL target not found
Mono: successfully reloaded assembly
- Finished resetting the current domain, in  1.862 seconds
Domain Reload Profiling: 2825ms
	BeginReloadAssembly (247ms)
		ExecutionOrderSort (0ms)
		DisableScriptedObjects (26ms)
		BackupInstance (0ms)
		ReleaseScriptingObjects (0ms)
		CreateAndSetChildDomain (41ms)
	RebuildCommonClasses (67ms)
	RebuildNativeTypeToScriptingClass (17ms)
	initialDomainReloadingComplete (51ms)
	LoadAllAssembliesAndSetupDomain (579ms)
		LoadAssemblies (395ms)
		RebuildTransferFunctionScriptingTraits (0ms)
		AnalyzeDomain (304ms)
			TypeCache.Refresh (299ms)
				TypeCache.ScanAssembly (283ms)
			ScanForSourceGeneratedMonoScriptInfo (0ms)
			ResolveRequiredComponents (5ms)
	FinalizeReload (1863ms)
		ReleaseScriptCaches (0ms)
		RebuildScriptCaches (0ms)
		SetupLoadedEditorAssemblies (828ms)
			LogAssemblyErrors (0ms)
			InitializePlatformSupportModulesInManaged (23ms)
			SetLoadedEditorAssemblies (12ms)
			RefreshPlugins (0ms)
			BeforeProcessingInitializeOnLoad (166ms)
			ProcessInitializeOnLoadAttributes (503ms)
			ProcessInitializeOnLoadMethodAttributes (99ms)
			AfterProcessingInitializeOnLoad (24ms)
			EditorAssembliesLoaded (1ms)
		ExecutionOrderSort2 (0ms)
		AwakeInstancesAfterBackupRestoration (43ms)
Refreshing native plugins compatible for Editor in 6.76 ms, found 1 plugins.
Preloading 0 native plugins for Editor in 0.00 ms.
Unloading 1740 Unused Serialized files (Serialized files now loaded: 0)
Unloading 19 unused Assets / (99.2 KB). Loaded Objects now: 2393.
Memory consumption went from 86.6 MB to 86.5 MB.
Total: 10.804300 ms (FindLiveObjects: 0.716600 ms CreateObjectMapping: 0.271800 ms MarkObjects: 9.676500 ms  DeleteObjects: 0.136500 ms)

Prepare: number of updated asset objects reloaded= 0
AssetImportParameters requested are different than current active one (requested -> active):
  custom:video-decoder-webm-vp8: 9c59270c3fd7afecdb556c50c9e8de78 -> 
  custom:container-demuxer-ogg: 62fdf1f143b41e24485cea50d1cbac27 -> 
  custom:AudioImporter_EditorPlatform: d09bf68614088b80899f8185d706f6e7 -> 
  custom:video-codec-MediaFoundation-h265: 746d11721c4dcdbdad8f713fa42b33f4 -> 
  custom:video-decoder-ogg-theora: a1e56fd34408186e4bbccfd4996cb3dc -> 
  custom:framework-win-MediaFoundation: 216162199b28c13a410421893ffa2e32 -> 
  custom:video-encoder-webm-vp8: eb34c28f22e8b96e1ab97ce403110664 -> 
  custom:audio-decoder-ogg-vorbis: bf7c407c2cedff20999df2af8eb42d56 -> 
  custom:container-demuxer-webm: 4f35f7cbe854078d1ac9338744f61a02 -> 
  custom:audio-encoder-webm-vorbis: bf7c407c2cedff20999df2af8eb42d56 -> 
  custom:container-muxer-webm: aa71ff27fc2769a1b78a27578f13a17b -> 
========================================================================
Received Prepare
Begin MonoManager ReloadAssembly
- Loaded All Assemblies, in  0.950 seconds
Refreshing native plugins compatible for Editor in 4.20 ms, found 1 plugins.
Native extension for WindowsStandalone target not found
Native extension for WebGL target not found
Mono: successfully reloaded assembly
- Finished resetting the current domain, in  1.854 seconds
Domain Reload Profiling: 2797ms
	BeginReloadAssembly (252ms)
		ExecutionOrderSort (0ms)
		DisableScriptedObjects (23ms)
		BackupInstance (0ms)
		ReleaseScriptingObjects (0ms)
		CreateAndSetChildDomain (50ms)
	RebuildCommonClasses (72ms)
	RebuildNativeTypeToScriptingClass (18ms)
	initialDomainReloadingComplete (56ms)
	LoadAllAssembliesAndSetupDomain (543ms)
		LoadAssemblies (403ms)
		RebuildTransferFunctionScriptingTraits (0ms)
		AnalyzeDomain (253ms)
			TypeCache.Refresh (247ms)
				TypeCache.ScanAssembly (231ms)
			ScanForSourceGeneratedMonoScriptInfo (0ms)
			ResolveRequiredComponents (6ms)
	FinalizeReload (1855ms)
		ReleaseScriptCaches (0ms)
		RebuildScriptCaches (0ms)
		SetupLoadedEditorAssemblies (848ms)
			LogAssemblyErrors (0ms)
			InitializePlatformSupportModulesInManaged (21ms)
			SetLoadedEditorAssemblies (13ms)
			RefreshPlugins (0ms)
			BeforeProcessingInitializeOnLoad (171ms)
			ProcessInitializeOnLoadAttributes (514ms)
			ProcessInitializeOnLoadMethodAttributes (104ms)
			AfterProcessingInitializeOnLoad (25ms)
			EditorAssembliesLoaded (1ms)
		ExecutionOrderSort2 (0ms)
		AwakeInstancesAfterBackupRestoration (39ms)
Refreshing native plugins compatible for Editor in 7.32 ms, found 1 plugins.
Preloading 0 native plugins for Editor in 0.00 ms.
Unloading 1740 Unused Serialized files (Serialized files now loaded: 0)
Unloading 19 unused Assets / (99.2 KB). Loaded Objects now: 2409.
Memory consumption went from 86.6 MB to 86.5 MB.
Total: 9.278200 ms (FindLiveObjects: 0.779400 ms CreateObjectMapping: 0.264900 ms MarkObjects: 8.114500 ms  DeleteObjects: 0.116300 ms)

Prepare: number of updated asset objects reloaded= 0
AssetImportParameters requested are different than current active one (requested -> active):
  custom:video-decoder-webm-vp8: 9c59270c3fd7afecdb556c50c9e8de78 -> 
  custom:container-demuxer-ogg: 62fdf1f143b41e24485cea50d1cbac27 -> 
  custom:AudioImporter_EditorPlatform: d09bf68614088b80899f8185d706f6e7 -> 
  custom:video-codec-MediaFoundation-h265: 746d11721c4dcdbdad8f713fa42b33f4 -> 
  custom:video-decoder-ogg-theora: a1e56fd34408186e4bbccfd4996cb3dc -> 
  custom:framework-win-MediaFoundation: 216162199b28c13a410421893ffa2e32 -> 
  custom:video-encoder-webm-vp8: eb34c28f22e8b96e1ab97ce403110664 -> 
  custom:audio-decoder-ogg-vorbis: bf7c407c2cedff20999df2af8eb42d56 -> 
  custom:container-demuxer-webm: 4f35f7cbe854078d1ac9338744f61a02 -> 
  custom:audio-encoder-webm-vorbis: bf7c407c2cedff20999df2af8eb42d56 -> 
  custom:container-muxer-webm: aa71ff27fc2769a1b78a27578f13a17b -> 
========================================================================
Received Prepare
Begin MonoManager ReloadAssembly
- Loaded All Assemblies, in  1.167 seconds
Refreshing native plugins compatible for Editor in 3.70 ms, found 1 plugins.
Native extension for WindowsStandalone target not found
Native extension for WebGL target not found
Mono: successfully reloaded assembly
- Finished resetting the current domain, in  1.059 seconds
Domain Reload Profiling: 2220ms
	BeginReloadAssembly (240ms)
		ExecutionOrderSort (0ms)
		DisableScriptedObjects (21ms)
		BackupInstance (0ms)
		ReleaseScriptingObjects (0ms)
		CreateAndSetChildDomain (51ms)
	RebuildCommonClasses (59ms)
	RebuildNativeTypeToScriptingClass (17ms)
	initialDomainReloadingComplete (54ms)
	LoadAllAssembliesAndSetupDomain (790ms)
		LoadAssemblies (553ms)
		RebuildTransferFunctionScriptingTraits (0ms)
		AnalyzeDomain (349ms)
			TypeCache.Refresh (344ms)
				TypeCache.ScanAssembly (327ms)
			ScanForSourceGeneratedMonoScriptInfo (0ms)
			ResolveRequiredComponents (5ms)
	FinalizeReload (1060ms)
		ReleaseScriptCaches (0ms)
		RebuildScriptCaches (0ms)
		SetupLoadedEditorAssemblies (490ms)
			LogAssemblyErrors (0ms)
			InitializePlatformSupportModulesInManaged (20ms)
			SetLoadedEditorAssemblies (7ms)
			RefreshPlugins (0ms)
			BeforeProcessingInitializeOnLoad (113ms)
			ProcessInitializeOnLoadAttributes (281ms)
			ProcessInitializeOnLoadMethodAttributes (52ms)
			AfterProcessingInitializeOnLoad (17ms)
			EditorAssembliesLoaded (0ms)
		ExecutionOrderSort2 (0ms)
		AwakeInstancesAfterBackupRestoration (22ms)
Refreshing native plugins compatible for Editor in 6.64 ms, found 1 plugins.
Preloading 0 native plugins for Editor in 0.00 ms.
Unloading 1740 Unused Serialized files (Serialized files now loaded: 0)
Unloading 19 unused Assets / (99.2 KB). Loaded Objects now: 2425.
Memory consumption went from 86.6 MB to 86.5 MB.
Total: 7.515400 ms (FindLiveObjects: 0.281700 ms CreateObjectMapping: 0.078400 ms MarkObjects: 6.948700 ms  DeleteObjects: 0.204100 ms)

Prepare: number of updated asset objects reloaded= 0
AssetImportParameters requested are different than current active one (requested -> active):
  custom:video-decoder-webm-vp8: 9c59270c3fd7afecdb556c50c9e8de78 -> 
  custom:container-demuxer-ogg: 62fdf1f143b41e24485cea50d1cbac27 -> 
  custom:AudioImporter_EditorPlatform: d09bf68614088b80899f8185d706f6e7 -> 
  custom:video-codec-MediaFoundation-h265: 746d11721c4dcdbdad8f713fa42b33f4 -> 
  custom:video-decoder-ogg-theora: a1e56fd34408186e4bbccfd4996cb3dc -> 
  custom:framework-win-MediaFoundation: 216162199b28c13a410421893ffa2e32 -> 
  custom:video-encoder-webm-vp8: eb34c28f22e8b96e1ab97ce403110664 -> 
  custom:audio-decoder-ogg-vorbis: bf7c407c2cedff20999df2af8eb42d56 -> 
  custom:container-demuxer-webm: 4f35f7cbe854078d1ac9338744f61a02 -> 
  custom:audio-encoder-webm-vorbis: bf7c407c2cedff20999df2af8eb42d56 -> 
  custom:container-muxer-webm: aa71ff27fc2769a1b78a27578f13a17b -> 
========================================================================
Received Prepare
Begin MonoManager ReloadAssembly
- Loaded All Assemblies, in  0.929 seconds
Refreshing native plugins compatible for Editor in 6.04 ms, found 1 plugins.
Native extension for WindowsStandalone target not found
Native extension for WebGL target not found
Mono: successfully reloaded assembly
- Finished resetting the current domain, in  1.441 seconds
Domain Reload Profiling: 2362ms
	BeginReloadAssembly (236ms)
		ExecutionOrderSort (0ms)
		DisableScriptedObjects (21ms)
		BackupInstance (0ms)
		ReleaseScriptingObjects (0ms)
		CreateAndSetChildDomain (47ms)
	RebuildCommonClasses (59ms)
	RebuildNativeTypeToScriptingClass (17ms)
	initialDomainReloadingComplete (52ms)
	LoadAllAssembliesAndSetupDomain (557ms)
		LoadAssemblies (352ms)
		RebuildTransferFunctionScriptingTraits (0ms)
		AnalyzeDomain (309ms)
			TypeCache.Refresh (301ms)
				TypeCache.ScanAssembly (277ms)
			ScanForSourceGeneratedMonoScriptInfo (0ms)
			ResolveRequiredComponents (8ms)
	FinalizeReload (1442ms)
		ReleaseScriptCaches (0ms)
		RebuildScriptCaches (0ms)
		SetupLoadedEditorAssemblies (526ms)
			LogAssemblyErrors (0ms)
			InitializePlatformSupportModulesInManaged (16ms)
			SetLoadedEditorAssemblies (8ms)
			RefreshPlugins (0ms)
			BeforeProcessingInitializeOnLoad (101ms)
			ProcessInitializeOnLoadAttributes (326ms)
			ProcessInitializeOnLoadMethodAttributes (57ms)
			AfterProcessingInitializeOnLoad (18ms)
			EditorAssembliesLoaded (0ms)
		ExecutionOrderSort2 (0ms)
		AwakeInstancesAfterBackupRestoration (24ms)
Refreshing native plugins compatible for Editor in 6.88 ms, found 1 plugins.
Preloading 0 native plugins for Editor in 0.00 ms.
Unloading 1740 Unused Serialized files (Serialized files now loaded: 0)
Unloading 19 unused Assets / (99.3 KB). Loaded Objects now: 2441.
Memory consumption went from 86.6 MB to 86.5 MB.
Total: 8.313100 ms (FindLiveObjects: 0.601100 ms CreateObjectMapping: 0.151700 ms MarkObjects: 7.354700 ms  DeleteObjects: 0.203400 ms)

Prepare: number of updated asset objects reloaded= 0
AssetImportParameters requested are different than current active one (requested -> active):
  custom:video-decoder-webm-vp8: 9c59270c3fd7afecdb556c50c9e8de78 -> 
  custom:container-demuxer-ogg: 62fdf1f143b41e24485cea50d1cbac27 -> 
  custom:AudioImporter_EditorPlatform: d09bf68614088b80899f8185d706f6e7 -> 
  custom:video-codec-MediaFoundation-h265: 746d11721c4dcdbdad8f713fa42b33f4 -> 
  custom:video-decoder-ogg-theora: a1e56fd34408186e4bbccfd4996cb3dc -> 
  custom:framework-win-MediaFoundation: 216162199b28c13a410421893ffa2e32 -> 
  custom:video-encoder-webm-vp8: eb34c28f22e8b96e1ab97ce403110664 -> 
  custom:audio-decoder-ogg-vorbis: bf7c407c2cedff20999df2af8eb42d56 -> 
  custom:container-demuxer-webm: 4f35f7cbe854078d1ac9338744f61a02 -> 
  custom:audio-encoder-webm-vorbis: bf7c407c2cedff20999df2af8eb42d56 -> 
  custom:container-muxer-webm: aa71ff27fc2769a1b78a27578f13a17b -> 
========================================================================
Received Import Request.
  Time since last request: 3939.403203 seconds.
  path: Assets/Scripts/Puzzle.cs
  artifactKey: Guid(31f728e1e2c760c4d9d8d185b32d4e0e) Importer(815301076,1909f56bfc062723c751e8b465ee728b)
Start importing Assets/Scripts/Puzzle.cs using Guid(31f728e1e2c760c4d9d8d185b32d4e0e) Importer(815301076,1909f56bfc062723c751e8b465ee728b)  -> (artifact id: '9618e5f7d4129375e479d23dcbc77c4b') in 0.006321 seconds
Number of updated asset objects reloaded before import = 0
Number of asset objects unloaded after import = 0
========================================================================
Received Prepare
Begin MonoManager ReloadAssembly
- Loaded All Assemblies, in  1.003 seconds
Refreshing native plugins compatible for Editor in 5.01 ms, found 1 plugins.
Native extension for WindowsStandalone target not found
Native extension for WebGL target not found
Mono: successfully reloaded assembly
- Finished resetting the current domain, in  1.397 seconds
Domain Reload Profiling: 2394ms
	BeginReloadAssembly (255ms)
		ExecutionOrderSort (0ms)
		DisableScriptedObjects (22ms)
		BackupInstance (0ms)
		ReleaseScriptingObjects (0ms)
		CreateAndSetChildDomain (49ms)
	RebuildCommonClasses (70ms)
	RebuildNativeTypeToScriptingClass (20ms)
	initialDomainReloadingComplete (64ms)
	LoadAllAssembliesAndSetupDomain (588ms)
		LoadAssemblies (410ms)
		RebuildTransferFunctionScriptingTraits (0ms)
		AnalyzeDomain (298ms)
			TypeCache.Refresh (291ms)
				TypeCache.ScanAssembly (269ms)
			ScanForSourceGeneratedMonoScriptInfo (0ms)
			ResolveRequiredComponents (7ms)
	FinalizeReload (1398ms)
		ReleaseScriptCaches (0ms)
		RebuildScriptCaches (0ms)
		SetupLoadedEditorAssemblies (545ms)
			LogAssemblyErrors (0ms)
			InitializePlatformSupportModulesInManaged (16ms)
			SetLoadedEditorAssemblies (7ms)
			RefreshPlugins (0ms)
			BeforeProcessingInitializeOnLoad (105ms)
			ProcessInitializeOnLoadAttributes (319ms)
			ProcessInitializeOnLoadMethodAttributes (77ms)
			AfterProcessingInitializeOnLoad (22ms)
			EditorAssembliesLoaded (1ms)
		ExecutionOrderSort2 (0ms)
		AwakeInstancesAfterBackupRestoration (32ms)
Refreshing native plugins compatible for Editor in 6.41 ms, found 1 plugins.
Preloading 0 native plugins for Editor in 0.00 ms.
Unloading 1739 Unused Serialized files (Serialized files now loaded: 0)
Unloading 19 unused Assets / (99.3 KB). Loaded Objects now: 2457.
Memory consumption went from 86.4 MB to 86.3 MB.
Total: 7.609300 ms (FindLiveObjects: 0.665900 ms CreateObjectMapping: 0.286300 ms MarkObjects: 6.430100 ms  DeleteObjects: 0.224200 ms)

Prepare: number of updated asset objects reloaded= 0
AssetImportParameters requested are different than current active one (requested -> active):
  custom:video-decoder-webm-vp8: 9c59270c3fd7afecdb556c50c9e8de78 -> 
  custom:container-demuxer-ogg: 62fdf1f143b41e24485cea50d1cbac27 -> 
  custom:AudioImporter_EditorPlatform: d09bf68614088b80899f8185d706f6e7 -> 
  custom:video-codec-MediaFoundation-h265: 746d11721c4dcdbdad8f713fa42b33f4 -> 
  custom:video-decoder-ogg-theora: a1e56fd34408186e4bbccfd4996cb3dc -> 
  custom:framework-win-MediaFoundation: 216162199b28c13a410421893ffa2e32 -> 
  custom:video-encoder-webm-vp8: eb34c28f22e8b96e1ab97ce403110664 -> 
  custom:audio-decoder-ogg-vorbis: bf7c407c2cedff20999df2af8eb42d56 -> 
  custom:container-demuxer-webm: 4f35f7cbe854078d1ac9338744f61a02 -> 
  custom:audio-encoder-webm-vorbis: bf7c407c2cedff20999df2af8eb42d56 -> 
  custom:container-muxer-webm: aa71ff27fc2769a1b78a27578f13a17b -> 
========================================================================
Received Import Request.
  Time since last request: 246.885360 seconds.
  path: Assets/Scripts/Puzzle.cs
  artifactKey: Guid(31f728e1e2c760c4d9d8d185b32d4e0e) Importer(815301076,1909f56bfc062723c751e8b465ee728b)
Start importing Assets/Scripts/Puzzle.cs using Guid(31f728e1e2c760c4d9d8d185b32d4e0e) Importer(815301076,1909f56bfc062723c751e8b465ee728b)  -> (artifact id: '526d25081a818a4de60cfb42d8054c4a') in 0.003161 seconds
Number of updated asset objects reloaded before import = 0
Number of asset objects unloaded after import = 0
========================================================================
Received Prepare
Begin MonoManager ReloadAssembly
- Loaded All Assemblies, in  1.091 seconds
Refreshing native plugins compatible for Editor in 4.47 ms, found 1 plugins.
Native extension for WindowsStandalone target not found
Native extension for WebGL target not found
Mono: successfully reloaded assembly
- Finished resetting the current domain, in  1.451 seconds
Domain Reload Profiling: 2536ms
	BeginReloadAssembly (234ms)
		ExecutionOrderSort (0ms)
		DisableScriptedObjects (22ms)
		BackupInstance (0ms)
		ReleaseScriptingObjects (0ms)
		CreateAndSetChildDomain (43ms)
	RebuildCommonClasses (85ms)
	RebuildNativeTypeToScriptingClass (68ms)
	initialDomainReloadingComplete (93ms)
	LoadAllAssembliesAndSetupDomain (604ms)
		LoadAssemblies (415ms)
		RebuildTransferFunctionScriptingTraits (0ms)
		AnalyzeDomain (298ms)
			TypeCache.Refresh (290ms)
				TypeCache.ScanAssembly (270ms)
			ScanForSourceGeneratedMonoScriptInfo (3ms)
			ResolveRequiredComponents (5ms)
	FinalizeReload (1453ms)
		ReleaseScriptCaches (0ms)
		RebuildScriptCaches (0ms)
		SetupLoadedEditorAssemblies (523ms)
			LogAssemblyErrors (0ms)
			InitializePlatformSupportModulesInManaged (15ms)
			SetLoadedEditorAssemblies (6ms)
			RefreshPlugins (0ms)
			BeforeProcessingInitializeOnLoad (107ms)
			ProcessInitializeOnLoadAttributes (298ms)
			ProcessInitializeOnLoadMethodAttributes (75ms)
			AfterProcessingInitializeOnLoad (20ms)
			EditorAssembliesLoaded (1ms)
		ExecutionOrderSort2 (0ms)
		AwakeInstancesAfterBackupRestoration (37ms)
Refreshing native plugins compatible for Editor in 5.88 ms, found 1 plugins.
Preloading 0 native plugins for Editor in 0.00 ms.
Unloading 1739 Unused Serialized files (Serialized files now loaded: 0)
Unloading 19 unused Assets / (99.2 KB). Loaded Objects now: 2473.
Memory consumption went from 86.4 MB to 86.3 MB.
Total: 6.867000 ms (FindLiveObjects: 0.348000 ms CreateObjectMapping: 0.144500 ms MarkObjects: 6.283800 ms  DeleteObjects: 0.088400 ms)

Prepare: number of updated asset objects reloaded= 0
AssetImportParameters requested are different than current active one (requested -> active):
  custom:video-decoder-webm-vp8: 9c59270c3fd7afecdb556c50c9e8de78 -> 
  custom:container-demuxer-ogg: 62fdf1f143b41e24485cea50d1cbac27 -> 
  custom:AudioImporter_EditorPlatform: d09bf68614088b80899f8185d706f6e7 -> 
  custom:video-codec-MediaFoundation-h265: 746d11721c4dcdbdad8f713fa42b33f4 -> 
  custom:video-decoder-ogg-theora: a1e56fd34408186e4bbccfd4996cb3dc -> 
  custom:framework-win-MediaFoundation: 216162199b28c13a410421893ffa2e32 -> 
  custom:video-encoder-webm-vp8: eb34c28f22e8b96e1ab97ce403110664 -> 
  custom:audio-decoder-ogg-vorbis: bf7c407c2cedff20999df2af8eb42d56 -> 
  custom:container-demuxer-webm: 4f35f7cbe854078d1ac9338744f61a02 -> 
  custom:audio-encoder-webm-vorbis: bf7c407c2cedff20999df2af8eb42d56 -> 
  custom:container-muxer-webm: aa71ff27fc2769a1b78a27578f13a17b -> 
========================================================================
Received Prepare
Begin MonoManager ReloadAssembly
- Loaded All Assemblies, in  1.176 seconds
Refreshing native plugins compatible for Editor in 6.59 ms, found 1 plugins.
Native extension for WindowsStandalone target not found
Native extension for WebGL target not found
Mono: successfully reloaded assembly
- Finished resetting the current domain, in  1.196 seconds
Domain Reload Profiling: 2364ms
	BeginReloadAssembly (312ms)
		ExecutionOrderSort (0ms)
		DisableScriptedObjects (19ms)
		BackupInstance (0ms)
		ReleaseScriptingObjects (0ms)
		CreateAndSetChildDomain (53ms)
	RebuildCommonClasses (128ms)
	RebuildNativeTypeToScriptingClass (27ms)
	initialDomainReloadingComplete (74ms)
	LoadAllAssembliesAndSetupDomain (626ms)
		LoadAssemblies (455ms)
		RebuildTransferFunctionScriptingTraits (0ms)
		AnalyzeDomain (327ms)
			TypeCache.Refresh (313ms)
				TypeCache.ScanAssembly (295ms)
			ScanForSourceGeneratedMonoScriptInfo (4ms)
			ResolveRequiredComponents (10ms)
	FinalizeReload (1197ms)
		ReleaseScriptCaches (0ms)
		RebuildScriptCaches (0ms)
		SetupLoadedEditorAssemblies (542ms)
			LogAssemblyErrors (0ms)
			InitializePlatformSupportModulesInManaged (16ms)
			SetLoadedEditorAssemblies (8ms)
			RefreshPlugins (0ms)
			BeforeProcessingInitializeOnLoad (109ms)
			ProcessInitializeOnLoadAttributes (324ms)
			ProcessInitializeOnLoadMethodAttributes (67ms)
			AfterProcessingInitializeOnLoad (17ms)
			EditorAssembliesLoaded (0ms)
		ExecutionOrderSort2 (0ms)
		AwakeInstancesAfterBackupRestoration (23ms)
Refreshing native plugins compatible for Editor in 4.03 ms, found 1 plugins.
Preloading 0 native plugins for Editor in 0.00 ms.
Unloading 1740 Unused Serialized files (Serialized files now loaded: 0)
Unloading 19 unused Assets / (99.3 KB). Loaded Objects now: 2489.
Memory consumption went from 86.6 MB to 86.5 MB.
Total: 5.088600 ms (FindLiveObjects: 0.315700 ms CreateObjectMapping: 0.087000 ms MarkObjects: 4.592000 ms  DeleteObjects: 0.092200 ms)

Prepare: number of updated asset objects reloaded= 0
AssetImportParameters requested are different than current active one (requested -> active):
  custom:video-decoder-webm-vp8: 9c59270c3fd7afecdb556c50c9e8de78 -> 
  custom:container-demuxer-ogg: 62fdf1f143b41e24485cea50d1cbac27 -> 
  custom:AudioImporter_EditorPlatform: d09bf68614088b80899f8185d706f6e7 -> 
  custom:video-codec-MediaFoundation-h265: 746d11721c4dcdbdad8f713fa42b33f4 -> 
  custom:video-decoder-ogg-theora: a1e56fd34408186e4bbccfd4996cb3dc -> 
  custom:framework-win-MediaFoundation: 216162199b28c13a410421893ffa2e32 -> 
  custom:video-encoder-webm-vp8: eb34c28f22e8b96e1ab97ce403110664 -> 
  custom:audio-decoder-ogg-vorbis: bf7c407c2cedff20999df2af8eb42d56 -> 
  custom:container-demuxer-webm: 4f35f7cbe854078d1ac9338744f61a02 -> 
  custom:audio-encoder-webm-vorbis: bf7c407c2cedff20999df2af8eb42d56 -> 
  custom:container-muxer-webm: aa71ff27fc2769a1b78a27578f13a17b -> 
========================================================================
Received Prepare
Begin MonoManager ReloadAssembly
- Loaded All Assemblies, in  1.044 seconds
Refreshing native plugins compatible for Editor in 6.90 ms, found 1 plugins.
Native extension for WindowsStandalone target not found
Native extension for WebGL target not found
Mono: successfully reloaded assembly
- Finished resetting the current domain, in  1.041 seconds
Domain Reload Profiling: 2079ms
	BeginReloadAssembly (239ms)
		ExecutionOrderSort (0ms)
		DisableScriptedObjects (27ms)
		BackupInstance (0ms)
		ReleaseScriptingObjects (0ms)
		CreateAndSetChildDomain (47ms)
	RebuildCommonClasses (72ms)
	RebuildNativeTypeToScriptingClass (18ms)
	initialDomainReloadingComplete (65ms)
	LoadAllAssembliesAndSetupDomain (644ms)
		LoadAssemblies (364ms)
		RebuildTransferFunctionScriptingTraits (0ms)
		AnalyzeDomain (383ms)
			TypeCache.Refresh (375ms)
				TypeCache.ScanAssembly (352ms)
			ScanForSourceGeneratedMonoScriptInfo (0ms)
			ResolveRequiredComponents (8ms)
	FinalizeReload (1042ms)
		ReleaseScriptCaches (0ms)
		RebuildScriptCaches (0ms)
		SetupLoadedEditorAssemblies (482ms)
			LogAssemblyErrors (0ms)
			InitializePlatformSupportModulesInManaged (16ms)
			SetLoadedEditorAssemblies (9ms)
			RefreshPlugins (0ms)
			BeforeProcessingInitializeOnLoad (108ms)
			ProcessInitializeOnLoadAttributes (280ms)
			ProcessInitializeOnLoadMethodAttributes (53ms)
			AfterProcessingInitializeOnLoad (15ms)
			EditorAssembliesLoaded (0ms)
		ExecutionOrderSort2 (0ms)
		AwakeInstancesAfterBackupRestoration (19ms)
Refreshing native plugins compatible for Editor in 4.10 ms, found 1 plugins.
Preloading 0 native plugins for Editor in 0.00 ms.
Unloading 1740 Unused Serialized files (Serialized files now loaded: 0)
Unloading 19 unused Assets / (99.3 KB). Loaded Objects now: 2505.
Memory consumption went from 86.6 MB to 86.5 MB.
Total: 5.013500 ms (FindLiveObjects: 0.300300 ms CreateObjectMapping: 0.124400 ms MarkObjects: 4.493900 ms  DeleteObjects: 0.093300 ms)

Prepare: number of updated asset objects reloaded= 0
AssetImportParameters requested are different than current active one (requested -> active):
  custom:video-decoder-webm-vp8: 9c59270c3fd7afecdb556c50c9e8de78 -> 
  custom:container-demuxer-ogg: 62fdf1f143b41e24485cea50d1cbac27 -> 
  custom:AudioImporter_EditorPlatform: d09bf68614088b80899f8185d706f6e7 -> 
  custom:video-codec-MediaFoundation-h265: 746d11721c4dcdbdad8f713fa42b33f4 -> 
  custom:video-decoder-ogg-theora: a1e56fd34408186e4bbccfd4996cb3dc -> 
  custom:framework-win-MediaFoundation: 216162199b28c13a410421893ffa2e32 -> 
  custom:video-encoder-webm-vp8: eb34c28f22e8b96e1ab97ce403110664 -> 
  custom:audio-decoder-ogg-vorbis: bf7c407c2cedff20999df2af8eb42d56 -> 
  custom:container-demuxer-webm: 4f35f7cbe854078d1ac9338744f61a02 -> 
  custom:audio-encoder-webm-vorbis: bf7c407c2cedff20999df2af8eb42d56 -> 
  custom:container-muxer-webm: aa71ff27fc2769a1b78a27578f13a17b -> 
========================================================================
Received Prepare
Begin MonoManager ReloadAssembly
- Loaded All Assemblies, in  1.157 seconds
Refreshing native plugins compatible for Editor in 6.78 ms, found 1 plugins.
Native extension for WindowsStandalone target not found
Native extension for WebGL target not found
Mono: successfully reloaded assembly
- Finished resetting the current domain, in  1.113 seconds
Domain Reload Profiling: 2257ms
	BeginReloadAssembly (245ms)
		ExecutionOrderSort (0ms)
		DisableScriptedObjects (21ms)
		BackupInstance (0ms)
		ReleaseScriptingObjects (0ms)
		CreateAndSetChildDomain (40ms)
	RebuildCommonClasses (73ms)
	RebuildNativeTypeToScriptingClass (20ms)
	initialDomainReloadingComplete (145ms)
	LoadAllAssembliesAndSetupDomain (659ms)
		LoadAssemblies (447ms)
		RebuildTransferFunctionScriptingTraits (0ms)
		AnalyzeDomain (339ms)
			TypeCache.Refresh (327ms)
				TypeCache.ScanAssembly (309ms)
			ScanForSourceGeneratedMonoScriptInfo (4ms)
			ResolveRequiredComponents (8ms)
	FinalizeReload (1114ms)
		ReleaseScriptCaches (0ms)
		RebuildScriptCaches (0ms)
		SetupLoadedEditorAssemblies (514ms)
			LogAssemblyErrors (0ms)
			InitializePlatformSupportModulesInManaged (15ms)
			SetLoadedEditorAssemblies (8ms)
			RefreshPlugins (0ms)
			BeforeProcessingInitializeOnLoad (111ms)
			ProcessInitializeOnLoadAttributes (295ms)
			ProcessInitializeOnLoadMethodAttributes (66ms)
			AfterProcessingInitializeOnLoad (18ms)
			EditorAssembliesLoaded (0ms)
		ExecutionOrderSort2 (0ms)
		AwakeInstancesAfterBackupRestoration (20ms)
Refreshing native plugins compatible for Editor in 3.85 ms, found 1 plugins.
Preloading 0 native plugins for Editor in 0.00 ms.
Unloading 1740 Unused Serialized files (Serialized files now loaded: 0)
Unloading 19 unused Assets / (99.2 KB). Loaded Objects now: 2521.
Memory consumption went from 86.7 MB to 86.6 MB.
Total: 5.682900 ms (FindLiveObjects: 0.314100 ms CreateObjectMapping: 0.088500 ms MarkObjects: 5.176200 ms  DeleteObjects: 0.101900 ms)

Prepare: number of updated asset objects reloaded= 0
AssetImportParameters requested are different than current active one (requested -> active):
  custom:video-decoder-webm-vp8: 9c59270c3fd7afecdb556c50c9e8de78 -> 
  custom:container-demuxer-ogg: 62fdf1f143b41e24485cea50d1cbac27 -> 
  custom:AudioImporter_EditorPlatform: d09bf68614088b80899f8185d706f6e7 -> 
  custom:video-codec-MediaFoundation-h265: 746d11721c4dcdbdad8f713fa42b33f4 -> 
  custom:video-decoder-ogg-theora: a1e56fd34408186e4bbccfd4996cb3dc -> 
  custom:framework-win-MediaFoundation: 216162199b28c13a410421893ffa2e32 -> 
  custom:video-encoder-webm-vp8: eb34c28f22e8b96e1ab97ce403110664 -> 
  custom:audio-decoder-ogg-vorbis: bf7c407c2cedff20999df2af8eb42d56 -> 
  custom:container-demuxer-webm: 4f35f7cbe854078d1ac9338744f61a02 -> 
  custom:audio-encoder-webm-vorbis: bf7c407c2cedff20999df2af8eb42d56 -> 
  custom:container-muxer-webm: aa71ff27fc2769a1b78a27578f13a17b -> 
========================================================================
Received Prepare
Begin MonoManager ReloadAssembly
- Loaded All Assemblies, in  0.973 seconds
Refreshing native plugins compatible for Editor in 4.19 ms, found 1 plugins.
Native extension for WindowsStandalone target not found
Native extension for WebGL target not found
Mono: successfully reloaded assembly
- Finished resetting the current domain, in  1.186 seconds
Domain Reload Profiling: 2152ms
	BeginReloadAssembly (264ms)
		ExecutionOrderSort (0ms)
		DisableScriptedObjects (19ms)
		BackupInstance (0ms)
		ReleaseScriptingObjects (0ms)
		CreateAndSetChildDomain (57ms)
	RebuildCommonClasses (69ms)
	RebuildNativeTypeToScriptingClass (17ms)
	initialDomainReloadingComplete (57ms)
	LoadAllAssembliesAndSetupDomain (559ms)
		LoadAssemblies (385ms)
		RebuildTransferFunctionScriptingTraits (0ms)
		AnalyzeDomain (292ms)
			TypeCache.Refresh (286ms)
				TypeCache.ScanAssembly (267ms)
			ScanForSourceGeneratedMonoScriptInfo (0ms)
			ResolveRequiredComponents (6ms)
	FinalizeReload (1186ms)
		ReleaseScriptCaches (0ms)
		RebuildScriptCaches (0ms)
		SetupLoadedEditorAssemblies (470ms)
			LogAssemblyErrors (0ms)
			InitializePlatformSupportModulesInManaged (16ms)
			SetLoadedEditorAssemblies (6ms)
			RefreshPlugins (0ms)
			BeforeProcessingInitializeOnLoad (103ms)
			ProcessInitializeOnLoadAttributes (277ms)
			ProcessInitializeOnLoadMethodAttributes (53ms)
			AfterProcessingInitializeOnLoad (15ms)
			EditorAssembliesLoaded (0ms)
		ExecutionOrderSort2 (0ms)
		AwakeInstancesAfterBackupRestoration (22ms)
Refreshing native plugins compatible for Editor in 4.31 ms, found 1 plugins.
Preloading 0 native plugins for Editor in 0.00 ms.
Unloading 1740 Unused Serialized files (Serialized files now loaded: 0)
Unloading 19 unused Assets / (99.2 KB). Loaded Objects now: 2537.
Memory consumption went from 86.7 MB to 86.6 MB.
Total: 6.104000 ms (FindLiveObjects: 0.361000 ms CreateObjectMapping: 0.168300 ms MarkObjects: 5.462900 ms  DeleteObjects: 0.109600 ms)

Prepare: number of updated asset objects reloaded= 0
AssetImportParameters requested are different than current active one (requested -> active):
  custom:video-decoder-webm-vp8: 9c59270c3fd7afecdb556c50c9e8de78 -> 
  custom:container-demuxer-ogg: 62fdf1f143b41e24485cea50d1cbac27 -> 
  custom:AudioImporter_EditorPlatform: d09bf68614088b80899f8185d706f6e7 -> 
  custom:video-codec-MediaFoundation-h265: 746d11721c4dcdbdad8f713fa42b33f4 -> 
  custom:video-decoder-ogg-theora: a1e56fd34408186e4bbccfd4996cb3dc -> 
  custom:framework-win-MediaFoundation: 216162199b28c13a410421893ffa2e32 -> 
  custom:video-encoder-webm-vp8: eb34c28f22e8b96e1ab97ce403110664 -> 
  custom:audio-decoder-ogg-vorbis: bf7c407c2cedff20999df2af8eb42d56 -> 
  custom:container-demuxer-webm: 4f35f7cbe854078d1ac9338744f61a02 -> 
  custom:audio-encoder-webm-vorbis: bf7c407c2cedff20999df2af8eb42d56 -> 
  custom:container-muxer-webm: aa71ff27fc2769a1b78a27578f13a17b -> 
========================================================================
Received Prepare
Begin MonoManager ReloadAssembly
- Loaded All Assemblies, in  1.131 seconds
Refreshing native plugins compatible for Editor in 4.47 ms, found 1 plugins.
Native extension for WindowsStandalone target not found
Native extension for WebGL target not found
Mono: successfully reloaded assembly
- Finished resetting the current domain, in  1.167 seconds
Domain Reload Profiling: 2291ms
	BeginReloadAssembly (355ms)
		ExecutionOrderSort (0ms)
		DisableScriptedObjects (23ms)
		BackupInstance (0ms)
		ReleaseScriptingObjects (0ms)
		CreateAndSetChildDomain (92ms)
	RebuildCommonClasses (73ms)
	RebuildNativeTypeToScriptingClass (19ms)
	initialDomainReloadingComplete (62ms)
	LoadAllAssembliesAndSetupDomain (614ms)
		LoadAssemblies (472ms)
		RebuildTransferFunctionScriptingTraits (0ms)
		AnalyzeDomain (296ms)
			TypeCache.Refresh (285ms)
				TypeCache.ScanAssembly (264ms)
			ScanForSourceGeneratedMonoScriptInfo (4ms)
			ResolveRequiredComponents (8ms)
	FinalizeReload (1168ms)
		ReleaseScriptCaches (0ms)
		RebuildScriptCaches (0ms)
		SetupLoadedEditorAssemblies (590ms)
			LogAssemblyErrors (0ms)
			InitializePlatformSupportModulesInManaged (19ms)
			SetLoadedEditorAssemblies (9ms)
			RefreshPlugins (0ms)
			BeforeProcessingInitializeOnLoad (127ms)
			ProcessInitializeOnLoadAttributes (350ms)
			ProcessInitializeOnLoadMethodAttributes (67ms)
			AfterProcessingInitializeOnLoad (18ms)
			EditorAssembliesLoaded (0ms)
		ExecutionOrderSort2 (0ms)
		AwakeInstancesAfterBackupRestoration (28ms)
Refreshing native plugins compatible for Editor in 4.70 ms, found 1 plugins.
Preloading 0 native plugins for Editor in 0.00 ms.
Unloading 1740 Unused Serialized files (Serialized files now loaded: 0)
Unloading 19 unused Assets / (99.2 KB). Loaded Objects now: 2553.
Memory consumption went from 86.7 MB to 86.6 MB.
Total: 5.110900 ms (FindLiveObjects: 0.432800 ms CreateObjectMapping: 0.359000 ms MarkObjects: 4.215200 ms  DeleteObjects: 0.102400 ms)

Prepare: number of updated asset objects reloaded= 0
AssetImportParameters requested are different than current active one (requested -> active):
  custom:video-decoder-webm-vp8: 9c59270c3fd7afecdb556c50c9e8de78 -> 
  custom:container-demuxer-ogg: 62fdf1f143b41e24485cea50d1cbac27 -> 
  custom:AudioImporter_EditorPlatform: d09bf68614088b80899f8185d706f6e7 -> 
  custom:video-codec-MediaFoundation-h265: 746d11721c4dcdbdad8f713fa42b33f4 -> 
  custom:video-decoder-ogg-theora: a1e56fd34408186e4bbccfd4996cb3dc -> 
  custom:framework-win-MediaFoundation: 216162199b28c13a410421893ffa2e32 -> 
  custom:video-encoder-webm-vp8: eb34c28f22e8b96e1ab97ce403110664 -> 
  custom:audio-decoder-ogg-vorbis: bf7c407c2cedff20999df2af8eb42d56 -> 
  custom:container-demuxer-webm: 4f35f7cbe854078d1ac9338744f61a02 -> 
  custom:audio-encoder-webm-vorbis: bf7c407c2cedff20999df2af8eb42d56 -> 
  custom:container-muxer-webm: aa71ff27fc2769a1b78a27578f13a17b -> 
========================================================================
Received Import Request.
  Time since last request: 254.915893 seconds.
  path: Assets/Scripts/Puzzle.cs
  artifactKey: Guid(31f728e1e2c760c4d9d8d185b32d4e0e) Importer(815301076,1909f56bfc062723c751e8b465ee728b)
Start importing Assets/Scripts/Puzzle.cs using Guid(31f728e1e2c760c4d9d8d185b32d4e0e) Importer(815301076,1909f56bfc062723c751e8b465ee728b)  -> (artifact id: 'a435979b75c0dc3a84a7d6ec431c5024') in 0.003099 seconds
Number of updated asset objects reloaded before import = 0
Number of asset objects unloaded after import = 0
========================================================================
Received Prepare
Begin MonoManager ReloadAssembly
- Loaded All Assemblies, in  1.024 seconds
Refreshing native plugins compatible for Editor in 10.82 ms, found 1 plugins.
Native extension for WindowsStandalone target not found
Native extension for WebGL target not found
Mono: successfully reloaded assembly
- Finished resetting the current domain, in  1.078 seconds
Domain Reload Profiling: 2096ms
	BeginReloadAssembly (234ms)
		ExecutionOrderSort (0ms)
		DisableScriptedObjects (24ms)
		BackupInstance (0ms)
		ReleaseScriptingObjects (0ms)
		CreateAndSetChildDomain (45ms)
	RebuildCommonClasses (75ms)
	RebuildNativeTypeToScriptingClass (17ms)
	initialDomainReloadingComplete (62ms)
	LoadAllAssembliesAndSetupDomain (629ms)
		LoadAssemblies (376ms)
		RebuildTransferFunctionScriptingTraits (0ms)
		AnalyzeDomain (355ms)
			TypeCache.Refresh (340ms)
				TypeCache.ScanAssembly (282ms)
			ScanForSourceGeneratedMonoScriptInfo (0ms)
			ResolveRequiredComponents (15ms)
	FinalizeReload (1079ms)
		ReleaseScriptCaches (0ms)
		RebuildScriptCaches (0ms)
		SetupLoadedEditorAssemblies (462ms)
			LogAssemblyErrors (0ms)
			InitializePlatformSupportModulesInManaged (15ms)
			SetLoadedEditorAssemblies (10ms)
			RefreshPlugins (0ms)
			BeforeProcessingInitializeOnLoad (102ms)
			ProcessInitializeOnLoadAttributes (275ms)
			ProcessInitializeOnLoadMethodAttributes (47ms)
			AfterProcessingInitializeOnLoad (14ms)
			EditorAssembliesLoaded (0ms)
		ExecutionOrderSort2 (0ms)
		AwakeInstancesAfterBackupRestoration (22ms)
Refreshing native plugins compatible for Editor in 6.14 ms, found 1 plugins.
Preloading 0 native plugins for Editor in 0.00 ms.
Unloading 1739 Unused Serialized files (Serialized files now loaded: 0)
Unloading 19 unused Assets / (99.2 KB). Loaded Objects now: 2569.
Memory consumption went from 86.4 MB to 86.3 MB.
Total: 7.626900 ms (FindLiveObjects: 0.401900 ms CreateObjectMapping: 0.212500 ms MarkObjects: 6.864700 ms  DeleteObjects: 0.146000 ms)

Prepare: number of updated asset objects reloaded= 0
AssetImportParameters requested are different than current active one (requested -> active):
  custom:video-decoder-webm-vp8: 9c59270c3fd7afecdb556c50c9e8de78 -> 
  custom:container-demuxer-ogg: 62fdf1f143b41e24485cea50d1cbac27 -> 
  custom:AudioImporter_EditorPlatform: d09bf68614088b80899f8185d706f6e7 -> 
  custom:video-codec-MediaFoundation-h265: 746d11721c4dcdbdad8f713fa42b33f4 -> 
  custom:video-decoder-ogg-theora: a1e56fd34408186e4bbccfd4996cb3dc -> 
  custom:framework-win-MediaFoundation: 216162199b28c13a410421893ffa2e32 -> 
  custom:video-encoder-webm-vp8: eb34c28f22e8b96e1ab97ce403110664 -> 
  custom:audio-decoder-ogg-vorbis: bf7c407c2cedff20999df2af8eb42d56 -> 
  custom:container-demuxer-webm: 4f35f7cbe854078d1ac9338744f61a02 -> 
  custom:audio-encoder-webm-vorbis: bf7c407c2cedff20999df2af8eb42d56 -> 
  custom:container-muxer-webm: aa71ff27fc2769a1b78a27578f13a17b -> 
========================================================================
Received Prepare
Begin MonoManager ReloadAssembly
- Loaded All Assemblies, in  0.971 seconds
Refreshing native plugins compatible for Editor in 4.47 ms, found 1 plugins.
Native extension for WindowsStandalone target not found
Native extension for WebGL target not found
Mono: successfully reloaded assembly
- Finished resetting the current domain, in  1.233 seconds
Domain Reload Profiling: 2197ms
	BeginReloadAssembly (238ms)
		ExecutionOrderSort (0ms)
		DisableScriptedObjects (21ms)
		BackupInstance (0ms)
		ReleaseScriptingObjects (0ms)
		CreateAndSetChildDomain (48ms)
	RebuildCommonClasses (67ms)
	RebuildNativeTypeToScriptingClass (25ms)
	initialDomainReloadingComplete (53ms)
	LoadAllAssembliesAndSetupDomain (581ms)
		LoadAssemblies (366ms)
		RebuildTransferFunctionScriptingTraits (0ms)
		AnalyzeDomain (319ms)
			TypeCache.Refresh (310ms)
				TypeCache.ScanAssembly (290ms)
			ScanForSourceGeneratedMonoScriptInfo (3ms)
			ResolveRequiredComponents (6ms)
	FinalizeReload (1233ms)
		ReleaseScriptCaches (0ms)
		RebuildScriptCaches (0ms)
		SetupLoadedEditorAssemblies (500ms)
			LogAssemblyErrors (0ms)
			InitializePlatformSupportModulesInManaged (16ms)
			SetLoadedEditorAssemblies (8ms)
			RefreshPlugins (0ms)
			BeforeProcessingInitializeOnLoad (108ms)
			ProcessInitializeOnLoadAttributes (289ms)
			ProcessInitializeOnLoadMethodAttributes (65ms)
			AfterProcessingInitializeOnLoad (15ms)
			EditorAssembliesLoaded (0ms)
		ExecutionOrderSort2 (0ms)
		AwakeInstancesAfterBackupRestoration (23ms)
Refreshing native plugins compatible for Editor in 3.91 ms, found 1 plugins.
Preloading 0 native plugins for Editor in 0.00 ms.
Unloading 1740 Unused Serialized files (Serialized files now loaded: 0)
Unloading 19 unused Assets / (99.2 KB). Loaded Objects now: 2585.
Memory consumption went from 86.7 MB to 86.6 MB.
Total: 5.130600 ms (FindLiveObjects: 0.297000 ms CreateObjectMapping: 0.079700 ms MarkObjects: 4.656900 ms  DeleteObjects: 0.095100 ms)

Prepare: number of updated asset objects reloaded= 0
AssetImportParameters requested are different than current active one (requested -> active):
  custom:video-decoder-webm-vp8: 9c59270c3fd7afecdb556c50c9e8de78 -> 
  custom:container-demuxer-ogg: 62fdf1f143b41e24485cea50d1cbac27 -> 
  custom:AudioImporter_EditorPlatform: d09bf68614088b80899f8185d706f6e7 -> 
  custom:video-codec-MediaFoundation-h265: 746d11721c4dcdbdad8f713fa42b33f4 -> 
  custom:video-decoder-ogg-theora: a1e56fd34408186e4bbccfd4996cb3dc -> 
  custom:framework-win-MediaFoundation: 216162199b28c13a410421893ffa2e32 -> 
  custom:video-encoder-webm-vp8: eb34c28f22e8b96e1ab97ce403110664 -> 
  custom:audio-decoder-ogg-vorbis: bf7c407c2cedff20999df2af8eb42d56 -> 
  custom:container-demuxer-webm: 4f35f7cbe854078d1ac9338744f61a02 -> 
  custom:audio-encoder-webm-vorbis: bf7c407c2cedff20999df2af8eb42d56 -> 
  custom:container-muxer-webm: aa71ff27fc2769a1b78a27578f13a17b -> 
========================================================================
Received Prepare
Begin MonoManager ReloadAssembly
- Loaded All Assemblies, in  0.929 seconds
Refreshing native plugins compatible for Editor in 12.68 ms, found 1 plugins.
Native extension for WindowsStandalone target not found
Native extension for WebGL target not found
Mono: successfully reloaded assembly
- Finished resetting the current domain, in  1.168 seconds
Domain Reload Profiling: 2091ms
	BeginReloadAssembly (258ms)
		ExecutionOrderSort (0ms)
		DisableScriptedObjects (29ms)
		BackupInstance (0ms)
		ReleaseScriptingObjects (0ms)
		CreateAndSetChildDomain (46ms)
	RebuildCommonClasses (60ms)
	RebuildNativeTypeToScriptingClass (19ms)
	initialDomainReloadingComplete (56ms)
	LoadAllAssembliesAndSetupDomain (529ms)
		LoadAssemblies (365ms)
		RebuildTransferFunctionScriptingTraits (0ms)
		AnalyzeDomain (279ms)
			TypeCache.Refresh (271ms)
				TypeCache.ScanAssembly (256ms)
			ScanForSourceGeneratedMonoScriptInfo (0ms)
			ResolveRequiredComponents (8ms)
	FinalizeReload (1169ms)
		ReleaseScriptCaches (0ms)
		RebuildScriptCaches (0ms)
		SetupLoadedEditorAssemblies (472ms)
			LogAssemblyErrors (0ms)
			InitializePlatformSupportModulesInManaged (14ms)
			SetLoadedEditorAssemblies (6ms)
			RefreshPlugins (0ms)
			BeforeProcessingInitializeOnLoad (106ms)
			ProcessInitializeOnLoadAttributes (279ms)
			ProcessInitializeOnLoadMethodAttributes (52ms)
			AfterProcessingInitializeOnLoad (14ms)
			EditorAssembliesLoaded (0ms)
		ExecutionOrderSort2 (0ms)
		AwakeInstancesAfterBackupRestoration (20ms)
Refreshing native plugins compatible for Editor in 4.35 ms, found 1 plugins.
Preloading 0 native plugins for Editor in 0.00 ms.
Unloading 1740 Unused Serialized files (Serialized files now loaded: 0)
Unloading 19 unused Assets / (99.2 KB). Loaded Objects now: 2601.
Memory consumption went from 86.7 MB to 86.6 MB.
Total: 5.750700 ms (FindLiveObjects: 0.347200 ms CreateObjectMapping: 0.109200 ms MarkObjects: 5.183100 ms  DeleteObjects: 0.109000 ms)

Prepare: number of updated asset objects reloaded= 0
AssetImportParameters requested are different than current active one (requested -> active):
  custom:video-decoder-webm-vp8: 9c59270c3fd7afecdb556c50c9e8de78 -> 
  custom:container-demuxer-ogg: 62fdf1f143b41e24485cea50d1cbac27 -> 
  custom:AudioImporter_EditorPlatform: d09bf68614088b80899f8185d706f6e7 -> 
  custom:video-codec-MediaFoundation-h265: 746d11721c4dcdbdad8f713fa42b33f4 -> 
  custom:video-decoder-ogg-theora: a1e56fd34408186e4bbccfd4996cb3dc -> 
  custom:framework-win-MediaFoundation: 216162199b28c13a410421893ffa2e32 -> 
  custom:video-encoder-webm-vp8: eb34c28f22e8b96e1ab97ce403110664 -> 
  custom:audio-decoder-ogg-vorbis: bf7c407c2cedff20999df2af8eb42d56 -> 
  custom:container-demuxer-webm: 4f35f7cbe854078d1ac9338744f61a02 -> 
  custom:audio-encoder-webm-vorbis: bf7c407c2cedff20999df2af8eb42d56 -> 
  custom:container-muxer-webm: aa71ff27fc2769a1b78a27578f13a17b -> 
========================================================================
Received Import Request.
  Time since last request: 128.901401 seconds.
  path: Assets/Scripts/Puzzle.cs
  artifactKey: Guid(31f728e1e2c760c4d9d8d185b32d4e0e) Importer(815301076,1909f56bfc062723c751e8b465ee728b)
Start importing Assets/Scripts/Puzzle.cs using Guid(31f728e1e2c760c4d9d8d185b32d4e0e) Importer(815301076,1909f56bfc062723c751e8b465ee728b)  -> (artifact id: '38b0e3a2f672e39286e10dbb5f72dbbb') in 0.003408 seconds
Number of updated asset objects reloaded before import = 0
Number of asset objects unloaded after import = 0
========================================================================
Received Prepare
Begin MonoManager ReloadAssembly
- Loaded All Assemblies, in  0.994 seconds
Refreshing native plugins compatible for Editor in 4.17 ms, found 1 plugins.
Native extension for WindowsStandalone target not found
Native extension for WebGL target not found
Mono: successfully reloaded assembly
- Finished resetting the current domain, in  1.100 seconds
Domain Reload Profiling: 2086ms
	BeginReloadAssembly (243ms)
		ExecutionOrderSort (0ms)
		DisableScriptedObjects (28ms)
		BackupInstance (0ms)
		ReleaseScriptingObjects (0ms)
		CreateAndSetChildDomain (42ms)
	RebuildCommonClasses (69ms)
	RebuildNativeTypeToScriptingClass (21ms)
	initialDomainReloadingComplete (56ms)
	LoadAllAssembliesAndSetupDomain (595ms)
		LoadAssemblies (366ms)
		RebuildTransferFunctionScriptingTraits (0ms)
		AnalyzeDomain (331ms)
			TypeCache.Refresh (319ms)
				TypeCache.ScanAssembly (300ms)
			ScanForSourceGeneratedMonoScriptInfo (4ms)
			ResolveRequiredComponents (9ms)
	FinalizeReload (1101ms)
		ReleaseScriptCaches (0ms)
		RebuildScriptCaches (0ms)
		SetupLoadedEditorAssemblies (524ms)
			LogAssemblyErrors (0ms)
			InitializePlatformSupportModulesInManaged (18ms)
			SetLoadedEditorAssemblies (9ms)
			RefreshPlugins (0ms)
			BeforeProcessingInitializeOnLoad (109ms)
			ProcessInitializeOnLoadAttributes (310ms)
			ProcessInitializeOnLoadMethodAttributes (61ms)
			AfterProcessingInitializeOnLoad (16ms)
			EditorAssembliesLoaded (0ms)
		ExecutionOrderSort2 (0ms)
		AwakeInstancesAfterBackupRestoration (23ms)
Refreshing native plugins compatible for Editor in 4.48 ms, found 1 plugins.
Preloading 0 native plugins for Editor in 0.00 ms.
Unloading 1739 Unused Serialized files (Serialized files now loaded: 0)
Unloading 19 unused Assets / (99.3 KB). Loaded Objects now: 2617.
Memory consumption went from 86.5 MB to 86.4 MB.
Total: 5.796000 ms (FindLiveObjects: 0.340100 ms CreateObjectMapping: 0.112500 ms MarkObjects: 5.241800 ms  DeleteObjects: 0.099600 ms)

Prepare: number of updated asset objects reloaded= 0
AssetImportParameters requested are different than current active one (requested -> active):
  custom:video-decoder-webm-vp8: 9c59270c3fd7afecdb556c50c9e8de78 -> 
  custom:container-demuxer-ogg: 62fdf1f143b41e24485cea50d1cbac27 -> 
  custom:AudioImporter_EditorPlatform: d09bf68614088b80899f8185d706f6e7 -> 
  custom:video-codec-MediaFoundation-h265: 746d11721c4dcdbdad8f713fa42b33f4 -> 
  custom:video-decoder-ogg-theora: a1e56fd34408186e4bbccfd4996cb3dc -> 
  custom:framework-win-MediaFoundation: 216162199b28c13a410421893ffa2e32 -> 
  custom:video-encoder-webm-vp8: eb34c28f22e8b96e1ab97ce403110664 -> 
  custom:audio-decoder-ogg-vorbis: bf7c407c2cedff20999df2af8eb42d56 -> 
  custom:container-demuxer-webm: 4f35f7cbe854078d1ac9338744f61a02 -> 
  custom:audio-encoder-webm-vorbis: bf7c407c2cedff20999df2af8eb42d56 -> 
  custom:container-muxer-webm: aa71ff27fc2769a1b78a27578f13a17b -> 
========================================================================
Received Prepare
Begin MonoManager ReloadAssembly
- Loaded All Assemblies, in  0.908 seconds
Refreshing native plugins compatible for Editor in 6.09 ms, found 1 plugins.
Native extension for WindowsStandalone target not found
Native extension for WebGL target not found
Mono: successfully reloaded assembly
- Finished resetting the current domain, in  1.168 seconds
Domain Reload Profiling: 2070ms
	BeginReloadAssembly (241ms)
		ExecutionOrderSort (0ms)
		DisableScriptedObjects (24ms)
		BackupInstance (0ms)
		ReleaseScriptingObjects (0ms)
		CreateAndSetChildDomain (44ms)
	RebuildCommonClasses (57ms)
	RebuildNativeTypeToScriptingClass (20ms)
	initialDomainReloadingComplete (62ms)
	LoadAllAssembliesAndSetupDomain (521ms)
		LoadAssemblies (356ms)
		RebuildTransferFunctionScriptingTraits (0ms)
		AnalyzeDomain (274ms)
			TypeCache.Refresh (267ms)
				TypeCache.ScanAssembly (248ms)
			ScanForSourceGeneratedMonoScriptInfo (0ms)
			ResolveRequiredComponents (6ms)
	FinalizeReload (1169ms)
		ReleaseScriptCaches (0ms)
		RebuildScriptCaches (0ms)
		SetupLoadedEditorAssemblies (477ms)
			LogAssemblyErrors (0ms)
			InitializePlatformSupportModulesInManaged (20ms)
			SetLoadedEditorAssemblies (9ms)
			RefreshPlugins (0ms)
			BeforeProcessingInitializeOnLoad (100ms)
			ProcessInitializeOnLoadAttributes (270ms)
			ProcessInitializeOnLoadMethodAttributes (63ms)
			AfterProcessingInitializeOnLoad (14ms)
			EditorAssembliesLoaded (0ms)
		ExecutionOrderSort2 (0ms)
		AwakeInstancesAfterBackupRestoration (18ms)
Refreshing native plugins compatible for Editor in 4.17 ms, found 1 plugins.
Preloading 0 native plugins for Editor in 0.00 ms.
Unloading 1740 Unused Serialized files (Serialized files now loaded: 0)
Unloading 19 unused Assets / (99.2 KB). Loaded Objects now: 2633.
Memory consumption went from 86.8 MB to 86.7 MB.
Total: 5.662600 ms (FindLiveObjects: 0.448900 ms CreateObjectMapping: 0.213200 ms MarkObjects: 4.909600 ms  DeleteObjects: 0.088400 ms)

Prepare: number of updated asset objects reloaded= 0
AssetImportParameters requested are different than current active one (requested -> active):
  custom:video-decoder-webm-vp8: 9c59270c3fd7afecdb556c50c9e8de78 -> 
  custom:container-demuxer-ogg: 62fdf1f143b41e24485cea50d1cbac27 -> 
  custom:AudioImporter_EditorPlatform: d09bf68614088b80899f8185d706f6e7 -> 
  custom:video-codec-MediaFoundation-h265: 746d11721c4dcdbdad8f713fa42b33f4 -> 
  custom:video-decoder-ogg-theora: a1e56fd34408186e4bbccfd4996cb3dc -> 
  custom:framework-win-MediaFoundation: 216162199b28c13a410421893ffa2e32 -> 
  custom:video-encoder-webm-vp8: eb34c28f22e8b96e1ab97ce403110664 -> 
  custom:audio-decoder-ogg-vorbis: bf7c407c2cedff20999df2af8eb42d56 -> 
  custom:container-demuxer-webm: 4f35f7cbe854078d1ac9338744f61a02 -> 
  custom:audio-encoder-webm-vorbis: bf7c407c2cedff20999df2af8eb42d56 -> 
  custom:container-muxer-webm: aa71ff27fc2769a1b78a27578f13a17b -> 
========================================================================
Received Prepare
Begin MonoManager ReloadAssembly
- Loaded All Assemblies, in  1.156 seconds
Refreshing native plugins compatible for Editor in 5.78 ms, found 1 plugins.
Native extension for WindowsStandalone target not found
Native extension for WebGL target not found
Mono: successfully reloaded assembly
- Finished resetting the current domain, in  1.141 seconds
Domain Reload Profiling: 2289ms
	BeginReloadAssembly (252ms)
		ExecutionOrderSort (0ms)
		DisableScriptedObjects (22ms)
		BackupInstance (0ms)
		ReleaseScriptingObjects (0ms)
		CreateAndSetChildDomain (46ms)
	RebuildCommonClasses (76ms)
	RebuildNativeTypeToScriptingClass (28ms)
	initialDomainReloadingComplete (162ms)
	LoadAllAssembliesAndSetupDomain (628ms)
		LoadAssemblies (422ms)
		RebuildTransferFunctionScriptingTraits (0ms)
		AnalyzeDomain (329ms)
			TypeCache.Refresh (318ms)
				TypeCache.ScanAssembly (301ms)
			ScanForSourceGeneratedMonoScriptInfo (3ms)
			ResolveRequiredComponents (8ms)
	FinalizeReload (1142ms)
		ReleaseScriptCaches (0ms)
		RebuildScriptCaches (0ms)
		SetupLoadedEditorAssemblies (539ms)
			LogAssemblyErrors (0ms)
			InitializePlatformSupportModulesInManaged (16ms)
			SetLoadedEditorAssemblies (7ms)
			RefreshPlugins (0ms)
			BeforeProcessingInitializeOnLoad (116ms)
			ProcessInitializeOnLoadAttributes (313ms)
			ProcessInitializeOnLoadMethodAttributes (69ms)
			AfterProcessingInitializeOnLoad (18ms)
			EditorAssembliesLoaded (0ms)
		ExecutionOrderSort2 (0ms)
		AwakeInstancesAfterBackupRestoration (26ms)
Refreshing native plugins compatible for Editor in 4.17 ms, found 1 plugins.
Preloading 0 native plugins for Editor in 0.00 ms.
Unloading 1740 Unused Serialized files (Serialized files now loaded: 0)
Unloading 19 unused Assets / (99.2 KB). Loaded Objects now: 2649.
Memory consumption went from 86.8 MB to 86.7 MB.
Total: 6.276300 ms (FindLiveObjects: 0.344400 ms CreateObjectMapping: 0.099500 ms MarkObjects: 5.715900 ms  DeleteObjects: 0.114600 ms)

Prepare: number of updated asset objects reloaded= 0
AssetImportParameters requested are different than current active one (requested -> active):
  custom:video-decoder-webm-vp8: 9c59270c3fd7afecdb556c50c9e8de78 -> 
  custom:container-demuxer-ogg: 62fdf1f143b41e24485cea50d1cbac27 -> 
  custom:AudioImporter_EditorPlatform: d09bf68614088b80899f8185d706f6e7 -> 
  custom:video-codec-MediaFoundation-h265: 746d11721c4dcdbdad8f713fa42b33f4 -> 
  custom:video-decoder-ogg-theora: a1e56fd34408186e4bbccfd4996cb3dc -> 
  custom:framework-win-MediaFoundation: 216162199b28c13a410421893ffa2e32 -> 
  custom:video-encoder-webm-vp8: eb34c28f22e8b96e1ab97ce403110664 -> 
  custom:audio-decoder-ogg-vorbis: bf7c407c2cedff20999df2af8eb42d56 -> 
  custom:container-demuxer-webm: 4f35f7cbe854078d1ac9338744f61a02 -> 
  custom:audio-encoder-webm-vorbis: bf7c407c2cedff20999df2af8eb42d56 -> 
  custom:container-muxer-webm: aa71ff27fc2769a1b78a27578f13a17b -> 
========================================================================
Received Import Request.
  Time since last request: 138.561643 seconds.
  path: Assets/Scripts/Puzzle.cs
  artifactKey: Guid(31f728e1e2c760c4d9d8d185b32d4e0e) Importer(815301076,1909f56bfc062723c751e8b465ee728b)
Start importing Assets/Scripts/Puzzle.cs using Guid(31f728e1e2c760c4d9d8d185b32d4e0e) Importer(815301076,1909f56bfc062723c751e8b465ee728b)  -> (artifact id: '9a95aafa9eff11a8b1962786d11ca660') in 0.002672 seconds
Number of updated asset objects reloaded before import = 0
Number of asset objects unloaded after import = 0
========================================================================
Received Prepare
Begin MonoManager ReloadAssembly
- Loaded All Assemblies, in  1.045 seconds
Refreshing native plugins compatible for Editor in 3.89 ms, found 1 plugins.
Native extension for WindowsStandalone target not found
Native extension for WebGL target not found
Mono: successfully reloaded assembly
- Finished resetting the current domain, in  1.014 seconds
Domain Reload Profiling: 2053ms
	BeginReloadAssembly (226ms)
		ExecutionOrderSort (0ms)
		DisableScriptedObjects (21ms)
		BackupInstance (0ms)
		ReleaseScriptingObjects (0ms)
		CreateAndSetChildDomain (41ms)
	RebuildCommonClasses (73ms)
	RebuildNativeTypeToScriptingClass (24ms)
	initialDomainReloadingComplete (62ms)
	LoadAllAssembliesAndSetupDomain (653ms)
		LoadAssemblies (473ms)
		RebuildTransferFunctionScriptingTraits (0ms)
		AnalyzeDomain (284ms)
			TypeCache.Refresh (277ms)
				TypeCache.ScanAssembly (260ms)
			ScanForSourceGeneratedMonoScriptInfo (0ms)
			ResolveRequiredComponents (7ms)
	FinalizeReload (1014ms)
		ReleaseScriptCaches (0ms)
		RebuildScriptCaches (0ms)
		SetupLoadedEditorAssemblies (453ms)
			LogAssemblyErrors (0ms)
			InitializePlatformSupportModulesInManaged (13ms)
			SetLoadedEditorAssemblies (6ms)
			RefreshPlugins (0ms)
			BeforeProcessingInitializeOnLoad (106ms)
			ProcessInitializeOnLoadAttributes (259ms)
			ProcessInitializeOnLoadMethodAttributes (52ms)
			AfterProcessingInitializeOnLoad (16ms)
			EditorAssembliesLoaded (0ms)
		ExecutionOrderSort2 (0ms)
		AwakeInstancesAfterBackupRestoration (26ms)
Refreshing native plugins compatible for Editor in 6.43 ms, found 1 plugins.
Preloading 0 native plugins for Editor in 0.00 ms.
Unloading 1739 Unused Serialized files (Serialized files now loaded: 0)
Unloading 19 unused Assets / (99.2 KB). Loaded Objects now: 2665.
Memory consumption went from 86.7 MB to 86.6 MB.
Total: 5.087400 ms (FindLiveObjects: 0.335100 ms CreateObjectMapping: 0.115400 ms MarkObjects: 4.524700 ms  DeleteObjects: 0.110400 ms)

Prepare: number of updated asset objects reloaded= 0
AssetImportParameters requested are different than current active one (requested -> active):
  custom:video-decoder-webm-vp8: 9c59270c3fd7afecdb556c50c9e8de78 -> 
  custom:container-demuxer-ogg: 62fdf1f143b41e24485cea50d1cbac27 -> 
  custom:AudioImporter_EditorPlatform: d09bf68614088b80899f8185d706f6e7 -> 
  custom:video-codec-MediaFoundation-h265: 746d11721c4dcdbdad8f713fa42b33f4 -> 
  custom:video-decoder-ogg-theora: a1e56fd34408186e4bbccfd4996cb3dc -> 
  custom:framework-win-MediaFoundation: 216162199b28c13a410421893ffa2e32 -> 
  custom:video-encoder-webm-vp8: eb34c28f22e8b96e1ab97ce403110664 -> 
  custom:audio-decoder-ogg-vorbis: bf7c407c2cedff20999df2af8eb42d56 -> 
  custom:container-demuxer-webm: 4f35f7cbe854078d1ac9338744f61a02 -> 
  custom:audio-encoder-webm-vorbis: bf7c407c2cedff20999df2af8eb42d56 -> 
  custom:container-muxer-webm: aa71ff27fc2769a1b78a27578f13a17b -> 
========================================================================
Received Import Request.
  Time since last request: 126.884743 seconds.
  path: Assets/Scripts/Puzzle.cs
  artifactKey: Guid(31f728e1e2c760c4d9d8d185b32d4e0e) Importer(815301076,1909f56bfc062723c751e8b465ee728b)
Start importing Assets/Scripts/Puzzle.cs using Guid(31f728e1e2c760c4d9d8d185b32d4e0e) Importer(815301076,1909f56bfc062723c751e8b465ee728b)  -> (artifact id: 'a3629ed902ac307be12184955efa4e8a') in 0.002486 seconds
Number of updated asset objects reloaded before import = 0
Number of asset objects unloaded after import = 0
========================================================================
Received Import Request.
  Time since last request: 39.150925 seconds.
  path: Assets/Scripts/Puzzle.cs
  artifactKey: Guid(31f728e1e2c760c4d9d8d185b32d4e0e) Importer(815301076,1909f56bfc062723c751e8b465ee728b)
Start importing Assets/Scripts/Puzzle.cs using Guid(31f728e1e2c760c4d9d8d185b32d4e0e) Importer(815301076,1909f56bfc062723c751e8b465ee728b)  -> (artifact id: '8c04a5315343b7d2abb4032fd10624ff') in 0.000990 seconds
Number of updated asset objects reloaded before import = 0
Number of asset objects unloaded after import = 0
========================================================================
Received Prepare
Begin MonoManager ReloadAssembly
- Loaded All Assemblies, in  1.157 seconds
Refreshing native plugins compatible for Editor in 3.93 ms, found 1 plugins.
Native extension for WindowsStandalone target not found
Native extension for WebGL target not found
Mono: successfully reloaded assembly
- Finished resetting the current domain, in  1.117 seconds
Domain Reload Profiling: 2266ms
	BeginReloadAssembly (254ms)
		ExecutionOrderSort (0ms)
		DisableScriptedObjects (25ms)
		BackupInstance (0ms)
		ReleaseScriptingObjects (0ms)
		CreateAndSetChildDomain (48ms)
	RebuildCommonClasses (175ms)
	RebuildNativeTypeToScriptingClass (26ms)
	initialDomainReloadingComplete (72ms)
	LoadAllAssembliesAndSetupDomain (622ms)
		LoadAssemblies (393ms)
		RebuildTransferFunctionScriptingTraits (0ms)
		AnalyzeDomain (340ms)
			TypeCache.Refresh (331ms)
				TypeCache.ScanAssembly (312ms)
			ScanForSourceGeneratedMonoScriptInfo (3ms)
			ResolveRequiredComponents (6ms)
	FinalizeReload (1118ms)
		ReleaseScriptCaches (0ms)
		RebuildScriptCaches (0ms)
		SetupLoadedEditorAssemblies (549ms)
			LogAssemblyErrors (0ms)
			InitializePlatformSupportModulesInManaged (14ms)
			SetLoadedEditorAssemblies (6ms)
			RefreshPlugins (0ms)
			BeforeProcessingInitializeOnLoad (110ms)
			ProcessInitializeOnLoadAttributes (331ms)
			ProcessInitializeOnLoadMethodAttributes (67ms)
			AfterProcessingInitializeOnLoad (20ms)
			EditorAssembliesLoaded (0ms)
		ExecutionOrderSort2 (0ms)
		AwakeInstancesAfterBackupRestoration (28ms)
Refreshing native plugins compatible for Editor in 5.10 ms, found 1 plugins.
Preloading 0 native plugins for Editor in 0.00 ms.
Unloading 1739 Unused Serialized files (Serialized files now loaded: 0)
Unloading 19 unused Assets / (99.2 KB). Loaded Objects now: 2681.
Memory consumption went from 86.6 MB to 86.5 MB.
Total: 6.267800 ms (FindLiveObjects: 0.360800 ms CreateObjectMapping: 0.107600 ms MarkObjects: 5.704300 ms  DeleteObjects: 0.093500 ms)

Prepare: number of updated asset objects reloaded= 0
AssetImportParameters requested are different than current active one (requested -> active):
  custom:video-decoder-webm-vp8: 9c59270c3fd7afecdb556c50c9e8de78 -> 
  custom:container-demuxer-ogg: 62fdf1f143b41e24485cea50d1cbac27 -> 
  custom:AudioImporter_EditorPlatform: d09bf68614088b80899f8185d706f6e7 -> 
  custom:video-codec-MediaFoundation-h265: 746d11721c4dcdbdad8f713fa42b33f4 -> 
  custom:video-decoder-ogg-theora: a1e56fd34408186e4bbccfd4996cb3dc -> 
  custom:framework-win-MediaFoundation: 216162199b28c13a410421893ffa2e32 -> 
  custom:video-encoder-webm-vp8: eb34c28f22e8b96e1ab97ce403110664 -> 
  custom:audio-decoder-ogg-vorbis: bf7c407c2cedff20999df2af8eb42d56 -> 
  custom:container-demuxer-webm: 4f35f7cbe854078d1ac9338744f61a02 -> 
  custom:audio-encoder-webm-vorbis: bf7c407c2cedff20999df2af8eb42d56 -> 
  custom:container-muxer-webm: aa71ff27fc2769a1b78a27578f13a17b -> 
========================================================================
Received Prepare
Begin MonoManager ReloadAssembly
- Loaded All Assemblies, in  1.043 seconds
Refreshing native plugins compatible for Editor in 4.12 ms, found 1 plugins.
Native extension for WindowsStandalone target not found
Native extension for WebGL target not found
Mono: successfully reloaded assembly
- Finished resetting the current domain, in  1.047 seconds
Domain Reload Profiling: 2082ms
	BeginReloadAssembly (226ms)
		ExecutionOrderSort (0ms)
		DisableScriptedObjects (20ms)
		BackupInstance (0ms)
		ReleaseScriptingObjects (0ms)
		CreateAndSetChildDomain (40ms)
	RebuildCommonClasses (59ms)
	RebuildNativeTypeToScriptingClass (16ms)
	initialDomainReloadingComplete (73ms)
	LoadAllAssembliesAndSetupDomain (661ms)
		LoadAssemblies (476ms)
		RebuildTransferFunctionScriptingTraits (0ms)
		AnalyzeDomain (284ms)
			TypeCache.Refresh (278ms)
				TypeCache.ScanAssembly (262ms)
			ScanForSourceGeneratedMonoScriptInfo (0ms)
			ResolveRequiredComponents (5ms)
	FinalizeReload (1048ms)
		ReleaseScriptCaches (0ms)
		RebuildScriptCaches (0ms)
		SetupLoadedEditorAssemblies (472ms)
			LogAssemblyErrors (0ms)
			InitializePlatformSupportModulesInManaged (16ms)
			SetLoadedEditorAssemblies (9ms)
			RefreshPlugins (0ms)
			BeforeProcessingInitializeOnLoad (112ms)
			ProcessInitializeOnLoadAttributes (255ms)
			ProcessInitializeOnLoadMethodAttributes (64ms)
			AfterProcessingInitializeOnLoad (16ms)
			EditorAssembliesLoaded (0ms)
		ExecutionOrderSort2 (0ms)
		AwakeInstancesAfterBackupRestoration (19ms)
Refreshing native plugins compatible for Editor in 5.62 ms, found 1 plugins.
Preloading 0 native plugins for Editor in 0.00 ms.
Unloading 1740 Unused Serialized files (Serialized files now loaded: 0)
Unloading 19 unused Assets / (99.2 KB). Loaded Objects now: 2697.
Memory consumption went from 86.9 MB to 86.9 MB.
Total: 5.548700 ms (FindLiveObjects: 0.305600 ms CreateObjectMapping: 0.092400 ms MarkObjects: 5.032700 ms  DeleteObjects: 0.116800 ms)

Prepare: number of updated asset objects reloaded= 0
AssetImportParameters requested are different than current active one (requested -> active):
  custom:video-decoder-webm-vp8: 9c59270c3fd7afecdb556c50c9e8de78 -> 
  custom:container-demuxer-ogg: 62fdf1f143b41e24485cea50d1cbac27 -> 
  custom:AudioImporter_EditorPlatform: d09bf68614088b80899f8185d706f6e7 -> 
  custom:video-codec-MediaFoundation-h265: 746d11721c4dcdbdad8f713fa42b33f4 -> 
  custom:video-decoder-ogg-theora: a1e56fd34408186e4bbccfd4996cb3dc -> 
  custom:framework-win-MediaFoundation: 216162199b28c13a410421893ffa2e32 -> 
  custom:video-encoder-webm-vp8: eb34c28f22e8b96e1ab97ce403110664 -> 
  custom:audio-decoder-ogg-vorbis: bf7c407c2cedff20999df2af8eb42d56 -> 
  custom:container-demuxer-webm: 4f35f7cbe854078d1ac9338744f61a02 -> 
  custom:audio-encoder-webm-vorbis: bf7c407c2cedff20999df2af8eb42d56 -> 
  custom:container-muxer-webm: aa71ff27fc2769a1b78a27578f13a17b -> 
========================================================================
Received Prepare
Begin MonoManager ReloadAssembly
- Loaded All Assemblies, in  1.038 seconds
Refreshing native plugins compatible for Editor in 6.10 ms, found 1 plugins.
Native extension for WindowsStandalone target not found
Native extension for WebGL target not found
Mono: successfully reloaded assembly
- Finished resetting the current domain, in  1.161 seconds
Domain Reload Profiling: 2194ms
	BeginReloadAssembly (288ms)
		ExecutionOrderSort (0ms)
		DisableScriptedObjects (27ms)
		BackupInstance (0ms)
		ReleaseScriptingObjects (0ms)
		CreateAndSetChildDomain (58ms)
	RebuildCommonClasses (80ms)
	RebuildNativeTypeToScriptingClass (19ms)
	initialDomainReloadingComplete (64ms)
	LoadAllAssembliesAndSetupDomain (580ms)
		LoadAssemblies (394ms)
		RebuildTransferFunctionScriptingTraits (0ms)
		AnalyzeDomain (311ms)
			TypeCache.Refresh (299ms)
				TypeCache.ScanAssembly (281ms)
			ScanForSourceGeneratedMonoScriptInfo (4ms)
			ResolveRequiredComponents (8ms)
	FinalizeReload (1162ms)
		ReleaseScriptCaches (0ms)
		RebuildScriptCaches (0ms)
		SetupLoadedEditorAssemblies (580ms)
			LogAssemblyErrors (0ms)
			InitializePlatformSupportModulesInManaged (17ms)
			SetLoadedEditorAssemblies (7ms)
			RefreshPlugins (0ms)
			BeforeProcessingInitializeOnLoad (125ms)
			ProcessInitializeOnLoadAttributes (339ms)
			ProcessInitializeOnLoadMethodAttributes (71ms)
			AfterProcessingInitializeOnLoad (20ms)
			EditorAssembliesLoaded (0ms)
		ExecutionOrderSort2 (0ms)
		AwakeInstancesAfterBackupRestoration (29ms)
Refreshing native plugins compatible for Editor in 3.69 ms, found 1 plugins.
Preloading 0 native plugins for Editor in 0.00 ms.
Unloading 1740 Unused Serialized files (Serialized files now loaded: 0)
Unloading 19 unused Assets / (99.2 KB). Loaded Objects now: 2713.
Memory consumption went from 87.0 MB to 86.9 MB.
Total: 4.462300 ms (FindLiveObjects: 0.306400 ms CreateObjectMapping: 0.080600 ms MarkObjects: 3.988200 ms  DeleteObjects: 0.085700 ms)

Prepare: number of updated asset objects reloaded= 0
AssetImportParameters requested are different than current active one (requested -> active):
  custom:video-decoder-webm-vp8: 9c59270c3fd7afecdb556c50c9e8de78 -> 
  custom:container-demuxer-ogg: 62fdf1f143b41e24485cea50d1cbac27 -> 
  custom:AudioImporter_EditorPlatform: d09bf68614088b80899f8185d706f6e7 -> 
  custom:video-codec-MediaFoundation-h265: 746d11721c4dcdbdad8f713fa42b33f4 -> 
  custom:video-decoder-ogg-theora: a1e56fd34408186e4bbccfd4996cb3dc -> 
  custom:framework-win-MediaFoundation: 216162199b28c13a410421893ffa2e32 -> 
  custom:video-encoder-webm-vp8: eb34c28f22e8b96e1ab97ce403110664 -> 
  custom:audio-decoder-ogg-vorbis: bf7c407c2cedff20999df2af8eb42d56 -> 
  custom:container-demuxer-webm: 4f35f7cbe854078d1ac9338744f61a02 -> 
  custom:audio-encoder-webm-vorbis: bf7c407c2cedff20999df2af8eb42d56 -> 
  custom:container-muxer-webm: aa71ff27fc2769a1b78a27578f13a17b -> 
========================================================================
Received Prepare
Begin MonoManager ReloadAssembly
- Loaded All Assemblies, in  1.098 seconds
Refreshing native plugins compatible for Editor in 4.39 ms, found 1 plugins.
Native extension for WindowsStandalone target not found
Native extension for WebGL target not found
Mono: successfully reloaded assembly
- Finished resetting the current domain, in  1.030 seconds
Domain Reload Profiling: 2122ms
	BeginReloadAssembly (258ms)
		ExecutionOrderSort (0ms)
		DisableScriptedObjects (24ms)
		BackupInstance (0ms)
		ReleaseScriptingObjects (0ms)
		CreateAndSetChildDomain (47ms)
	RebuildCommonClasses (67ms)
	RebuildNativeTypeToScriptingClass (20ms)
	initialDomainReloadingComplete (64ms)
	LoadAllAssembliesAndSetupDomain (681ms)
		LoadAssemblies (412ms)
		RebuildTransferFunctionScriptingTraits (0ms)
		AnalyzeDomain (367ms)
			TypeCache.Refresh (358ms)
				TypeCache.ScanAssembly (329ms)
			ScanForSourceGeneratedMonoScriptInfo (0ms)
			ResolveRequiredComponents (8ms)
	FinalizeReload (1031ms)
		ReleaseScriptCaches (0ms)
		RebuildScriptCaches (0ms)
		SetupLoadedEditorAssemblies (468ms)
			LogAssemblyErrors (0ms)
			InitializePlatformSupportModulesInManaged (15ms)
			SetLoadedEditorAssemblies (6ms)
			RefreshPlugins (0ms)
			BeforeProcessingInitializeOnLoad (100ms)
			ProcessInitializeOnLoadAttributes (277ms)
			ProcessInitializeOnLoadMethodAttributes (54ms)
			AfterProcessingInitializeOnLoad (16ms)
			EditorAssembliesLoaded (0ms)
		ExecutionOrderSort2 (0ms)
		AwakeInstancesAfterBackupRestoration (20ms)
Refreshing native plugins compatible for Editor in 6.25 ms, found 1 plugins.
Preloading 0 native plugins for Editor in 0.00 ms.
Unloading 1740 Unused Serialized files (Serialized files now loaded: 0)
Unloading 19 unused Assets / (99.2 KB). Loaded Objects now: 2729.
Memory consumption went from 87.0 MB to 86.9 MB.
Total: 7.127700 ms (FindLiveObjects: 0.787200 ms CreateObjectMapping: 0.186100 ms MarkObjects: 6.056500 ms  DeleteObjects: 0.095400 ms)

Prepare: number of updated asset objects reloaded= 0
AssetImportParameters requested are different than current active one (requested -> active):
  custom:video-decoder-webm-vp8: 9c59270c3fd7afecdb556c50c9e8de78 -> 
  custom:container-demuxer-ogg: 62fdf1f143b41e24485cea50d1cbac27 -> 
  custom:AudioImporter_EditorPlatform: d09bf68614088b80899f8185d706f6e7 -> 
  custom:video-codec-MediaFoundation-h265: 746d11721c4dcdbdad8f713fa42b33f4 -> 
  custom:video-decoder-ogg-theora: a1e56fd34408186e4bbccfd4996cb3dc -> 
  custom:framework-win-MediaFoundation: 216162199b28c13a410421893ffa2e32 -> 
  custom:video-encoder-webm-vp8: eb34c28f22e8b96e1ab97ce403110664 -> 
  custom:audio-decoder-ogg-vorbis: bf7c407c2cedff20999df2af8eb42d56 -> 
  custom:container-demuxer-webm: 4f35f7cbe854078d1ac9338744f61a02 -> 
  custom:audio-encoder-webm-vorbis: bf7c407c2cedff20999df2af8eb42d56 -> 
  custom:container-muxer-webm: aa71ff27fc2769a1b78a27578f13a17b -> 
========================================================================
Received Import Request.
  Time since last request: 388.453800 seconds.
  path: Assets/Scripts/Puzzle.cs
  artifactKey: Guid(31f728e1e2c760c4d9d8d185b32d4e0e) Importer(815301076,1909f56bfc062723c751e8b465ee728b)
Start importing Assets/Scripts/Puzzle.cs using Guid(31f728e1e2c760c4d9d8d185b32d4e0e) Importer(815301076,1909f56bfc062723c751e8b465ee728b)  -> (artifact id: '061075345d1ee967307772bc7b1170f8') in 0.003503 seconds
Number of updated asset objects reloaded before import = 0
Number of asset objects unloaded after import = 0
========================================================================
Received Prepare
Begin MonoManager ReloadAssembly
- Loaded All Assemblies, in  0.996 seconds
Refreshing native plugins compatible for Editor in 3.82 ms, found 1 plugins.
Native extension for WindowsStandalone target not found
Native extension for WebGL target not found
Mono: successfully reloaded assembly
- Finished resetting the current domain, in  1.208 seconds
Domain Reload Profiling: 2198ms
	BeginReloadAssembly (245ms)
		ExecutionOrderSort (0ms)
		DisableScriptedObjects (22ms)
		BackupInstance (0ms)
		ReleaseScriptingObjects (0ms)
		CreateAndSetChildDomain (44ms)
	RebuildCommonClasses (59ms)
	RebuildNativeTypeToScriptingClass (17ms)
	initialDomainReloadingComplete (64ms)
	LoadAllAssembliesAndSetupDomain (604ms)
		LoadAssemblies (375ms)
		RebuildTransferFunctionScriptingTraits (0ms)
		AnalyzeDomain (344ms)
			TypeCache.Refresh (337ms)
				TypeCache.ScanAssembly (319ms)
			ScanForSourceGeneratedMonoScriptInfo (2ms)
			ResolveRequiredComponents (5ms)
	FinalizeReload (1208ms)
		ReleaseScriptCaches (0ms)
		RebuildScriptCaches (0ms)
		SetupLoadedEditorAssemblies (662ms)
			LogAssemblyErrors (0ms)
			InitializePlatformSupportModulesInManaged (14ms)
			SetLoadedEditorAssemblies (10ms)
			RefreshPlugins (0ms)
			BeforeProcessingInitializeOnLoad (110ms)
			ProcessInitializeOnLoadAttributes (424ms)
			ProcessInitializeOnLoadMethodAttributes (78ms)
			AfterProcessingInitializeOnLoad (25ms)
			EditorAssembliesLoaded (0ms)
		ExecutionOrderSort2 (0ms)
		AwakeInstancesAfterBackupRestoration (23ms)
Refreshing native plugins compatible for Editor in 5.84 ms, found 1 plugins.
Preloading 0 native plugins for Editor in 0.00 ms.
Unloading 1739 Unused Serialized files (Serialized files now loaded: 0)
Unloading 19 unused Assets / (99.1 KB). Loaded Objects now: 2745.
Memory consumption went from 86.7 MB to 86.6 MB.
Total: 7.782700 ms (FindLiveObjects: 0.342100 ms CreateObjectMapping: 0.147900 ms MarkObjects: 7.171200 ms  DeleteObjects: 0.119900 ms)

Prepare: number of updated asset objects reloaded= 0
AssetImportParameters requested are different than current active one (requested -> active):
  custom:video-decoder-webm-vp8: 9c59270c3fd7afecdb556c50c9e8de78 -> 
  custom:container-demuxer-ogg: 62fdf1f143b41e24485cea50d1cbac27 -> 
  custom:AudioImporter_EditorPlatform: d09bf68614088b80899f8185d706f6e7 -> 
  custom:video-codec-MediaFoundation-h265: 746d11721c4dcdbdad8f713fa42b33f4 -> 
  custom:video-decoder-ogg-theora: a1e56fd34408186e4bbccfd4996cb3dc -> 
  custom:framework-win-MediaFoundation: 216162199b28c13a410421893ffa2e32 -> 
  custom:video-encoder-webm-vp8: eb34c28f22e8b96e1ab97ce403110664 -> 
  custom:audio-decoder-ogg-vorbis: bf7c407c2cedff20999df2af8eb42d56 -> 
  custom:container-demuxer-webm: 4f35f7cbe854078d1ac9338744f61a02 -> 
  custom:audio-encoder-webm-vorbis: bf7c407c2cedff20999df2af8eb42d56 -> 
  custom:container-muxer-webm: aa71ff27fc2769a1b78a27578f13a17b -> 
========================================================================
Received Prepare
Begin MonoManager ReloadAssembly
- Loaded All Assemblies, in  0.994 seconds
Refreshing native plugins compatible for Editor in 4.03 ms, found 1 plugins.
Native extension for WindowsStandalone target not found
Native extension for WebGL target not found
Mono: successfully reloaded assembly
- Finished resetting the current domain, in  1.028 seconds
Domain Reload Profiling: 2016ms
	BeginReloadAssembly (340ms)
		ExecutionOrderSort (0ms)
		DisableScriptedObjects (87ms)
		BackupInstance (0ms)
		ReleaseScriptingObjects (0ms)
		CreateAndSetChildDomain (58ms)
	RebuildCommonClasses (61ms)
	RebuildNativeTypeToScriptingClass (18ms)
	initialDomainReloadingComplete (52ms)
	LoadAllAssembliesAndSetupDomain (516ms)
		LoadAssemblies (378ms)
		RebuildTransferFunctionScriptingTraits (0ms)
		AnalyzeDomain (259ms)
			TypeCache.Refresh (253ms)
				TypeCache.ScanAssembly (236ms)
			ScanForSourceGeneratedMonoScriptInfo (0ms)
			ResolveRequiredComponents (5ms)
	FinalizeReload (1029ms)
		ReleaseScriptCaches (0ms)
		RebuildScriptCaches (0ms)
		SetupLoadedEditorAssemblies (478ms)
			LogAssemblyErrors (0ms)
			InitializePlatformSupportModulesInManaged (19ms)
			SetLoadedEditorAssemblies (9ms)
			RefreshPlugins (0ms)
			BeforeProcessingInitializeOnLoad (107ms)
			ProcessInitializeOnLoadAttributes (269ms)
			ProcessInitializeOnLoadMethodAttributes (58ms)
			AfterProcessingInitializeOnLoad (16ms)
			EditorAssembliesLoaded (0ms)
		ExecutionOrderSort2 (0ms)
		AwakeInstancesAfterBackupRestoration (20ms)
Refreshing native plugins compatible for Editor in 5.31 ms, found 1 plugins.
Preloading 0 native plugins for Editor in 0.00 ms.
Unloading 1740 Unused Serialized files (Serialized files now loaded: 0)
Unloading 19 unused Assets / (99.2 KB). Loaded Objects now: 2761.
Memory consumption went from 87.0 MB to 86.9 MB.
Total: 5.274400 ms (FindLiveObjects: 0.330700 ms CreateObjectMapping: 0.106900 ms MarkObjects: 4.722100 ms  DeleteObjects: 0.112700 ms)

Prepare: number of updated asset objects reloaded= 0
AssetImportParameters requested are different than current active one (requested -> active):
  custom:video-decoder-webm-vp8: 9c59270c3fd7afecdb556c50c9e8de78 -> 
  custom:container-demuxer-ogg: 62fdf1f143b41e24485cea50d1cbac27 -> 
  custom:AudioImporter_EditorPlatform: d09bf68614088b80899f8185d706f6e7 -> 
  custom:video-codec-MediaFoundation-h265: 746d11721c4dcdbdad8f713fa42b33f4 -> 
  custom:video-decoder-ogg-theora: a1e56fd34408186e4bbccfd4996cb3dc -> 
  custom:framework-win-MediaFoundation: 216162199b28c13a410421893ffa2e32 -> 
  custom:video-encoder-webm-vp8: eb34c28f22e8b96e1ab97ce403110664 -> 
  custom:audio-decoder-ogg-vorbis: bf7c407c2cedff20999df2af8eb42d56 -> 
  custom:container-demuxer-webm: 4f35f7cbe854078d1ac9338744f61a02 -> 
  custom:audio-encoder-webm-vorbis: bf7c407c2cedff20999df2af8eb42d56 -> 
  custom:container-muxer-webm: aa71ff27fc2769a1b78a27578f13a17b -> 
========================================================================
Received Import Request.
  Time since last request: 71.975840 seconds.
  path: Assets/Scripts/Puzzle.cs
  artifactKey: Guid(31f728e1e2c760c4d9d8d185b32d4e0e) Importer(815301076,1909f56bfc062723c751e8b465ee728b)
Start importing Assets/Scripts/Puzzle.cs using Guid(31f728e1e2c760c4d9d8d185b32d4e0e) Importer(815301076,1909f56bfc062723c751e8b465ee728b)  -> (artifact id: '26499a9fc8966060e66a2564225c2ca1') in 0.002759 seconds
Number of updated asset objects reloaded before import = 0
Number of asset objects unloaded after import = 0
========================================================================
Received Import Request.
  Time since last request: 108.043185 seconds.
  path: Assets/Scripts/Puzzle.cs
  artifactKey: Guid(31f728e1e2c760c4d9d8d185b32d4e0e) Importer(815301076,1909f56bfc062723c751e8b465ee728b)
Start importing Assets/Scripts/Puzzle.cs using Guid(31f728e1e2c760c4d9d8d185b32d4e0e) Importer(815301076,1909f56bfc062723c751e8b465ee728b)  -> (artifact id: 'bd7603b93f453a0155248d4c615b2736') in 0.001058 seconds
Number of updated asset objects reloaded before import = 0
Number of asset objects unloaded after import = 0
========================================================================
Received Prepare
Begin MonoManager ReloadAssembly
- Loaded All Assemblies, in  1.051 seconds
Refreshing native plugins compatible for Editor in 4.67 ms, found 1 plugins.
Native extension for WindowsStandalone target not found
Native extension for WebGL target not found
Mono: successfully reloaded assembly
- Finished resetting the current domain, in  1.227 seconds
Domain Reload Profiling: 2273ms
	BeginReloadAssembly (240ms)
		ExecutionOrderSort (0ms)
		DisableScriptedObjects (19ms)
		BackupInstance (0ms)
		ReleaseScriptingObjects (0ms)
		CreateAndSetChildDomain (42ms)
	RebuildCommonClasses (81ms)
	RebuildNativeTypeToScriptingClass (23ms)
	initialDomainReloadingComplete (56ms)
	LoadAllAssembliesAndSetupDomain (644ms)
		LoadAssemblies (375ms)
		RebuildTransferFunctionScriptingTraits (0ms)
		AnalyzeDomain (376ms)
			TypeCache.Refresh (365ms)
				TypeCache.ScanAssembly (345ms)
			ScanForSourceGeneratedMonoScriptInfo (3ms)
			ResolveRequiredComponents (7ms)
	FinalizeReload (1228ms)
		ReleaseScriptCaches (0ms)
		RebuildScriptCaches (0ms)
		SetupLoadedEditorAssemblies (563ms)
			LogAssemblyErrors (0ms)
			InitializePlatformSupportModulesInManaged (20ms)
			SetLoadedEditorAssemblies (9ms)
			RefreshPlugins (0ms)
			BeforeProcessingInitializeOnLoad (138ms)
			ProcessInitializeOnLoadAttributes (301ms)
			ProcessInitializeOnLoadMethodAttributes (72ms)
			AfterProcessingInitializeOnLoad (23ms)
			EditorAssembliesLoaded (0ms)
		ExecutionOrderSort2 (0ms)
		AwakeInstancesAfterBackupRestoration (26ms)
Refreshing native plugins compatible for Editor in 3.58 ms, found 1 plugins.
Preloading 0 native plugins for Editor in 0.00 ms.
Unloading 1739 Unused Serialized files (Serialized files now loaded: 0)
Unloading 19 unused Assets / (99.2 KB). Loaded Objects now: 2777.
Memory consumption went from 86.7 MB to 86.7 MB.
Total: 6.722800 ms (FindLiveObjects: 0.298100 ms CreateObjectMapping: 0.080900 ms MarkObjects: 6.247600 ms  DeleteObjects: 0.094700 ms)

Prepare: number of updated asset objects reloaded= 0
AssetImportParameters requested are different than current active one (requested -> active):
  custom:video-decoder-webm-vp8: 9c59270c3fd7afecdb556c50c9e8de78 -> 
  custom:container-demuxer-ogg: 62fdf1f143b41e24485cea50d1cbac27 -> 
  custom:AudioImporter_EditorPlatform: d09bf68614088b80899f8185d706f6e7 -> 
  custom:video-codec-MediaFoundation-h265: 746d11721c4dcdbdad8f713fa42b33f4 -> 
  custom:video-decoder-ogg-theora: a1e56fd34408186e4bbccfd4996cb3dc -> 
  custom:framework-win-MediaFoundation: 216162199b28c13a410421893ffa2e32 -> 
  custom:video-encoder-webm-vp8: eb34c28f22e8b96e1ab97ce403110664 -> 
  custom:audio-decoder-ogg-vorbis: bf7c407c2cedff20999df2af8eb42d56 -> 
  custom:container-demuxer-webm: 4f35f7cbe854078d1ac9338744f61a02 -> 
  custom:audio-encoder-webm-vorbis: bf7c407c2cedff20999df2af8eb42d56 -> 
  custom:container-muxer-webm: aa71ff27fc2769a1b78a27578f13a17b -> 
========================================================================
Received Prepare
Begin MonoManager ReloadAssembly
- Loaded All Assemblies, in  0.933 seconds
Refreshing native plugins compatible for Editor in 4.75 ms, found 1 plugins.
Native extension for WindowsStandalone target not found
Native extension for WebGL target not found
Mono: successfully reloaded assembly
- Finished resetting the current domain, in  1.175 seconds
Domain Reload Profiling: 2102ms
	BeginReloadAssembly (237ms)
		ExecutionOrderSort (0ms)
		DisableScriptedObjects (23ms)
		BackupInstance (0ms)
		ReleaseScriptingObjects (0ms)
		CreateAndSetChildDomain (42ms)
	RebuildCommonClasses (64ms)
	RebuildNativeTypeToScriptingClass (21ms)
	initialDomainReloadingComplete (61ms)
	LoadAllAssembliesAndSetupDomain (543ms)
		LoadAssemblies (372ms)
		RebuildTransferFunctionScriptingTraits (0ms)
		AnalyzeDomain (281ms)
			TypeCache.Refresh (276ms)
				TypeCache.ScanAssembly (259ms)
			ScanForSourceGeneratedMonoScriptInfo (0ms)
			ResolveRequiredComponents (5ms)
	FinalizeReload (1176ms)
		ReleaseScriptCaches (0ms)
		RebuildScriptCaches (0ms)
		SetupLoadedEditorAssemblies (466ms)
			LogAssemblyErrors (0ms)
			InitializePlatformSupportModulesInManaged (13ms)
			SetLoadedEditorAssemblies (6ms)
			RefreshPlugins (0ms)
			BeforeProcessingInitializeOnLoad (100ms)
			ProcessInitializeOnLoadAttributes (279ms)
			ProcessInitializeOnLoadMethodAttributes (54ms)
			AfterProcessingInitializeOnLoad (14ms)
			EditorAssembliesLoaded (0ms)
		ExecutionOrderSort2 (0ms)
		AwakeInstancesAfterBackupRestoration (19ms)
Refreshing native plugins compatible for Editor in 5.70 ms, found 1 plugins.
Preloading 0 native plugins for Editor in 0.00 ms.
Unloading 1740 Unused Serialized files (Serialized files now loaded: 0)
Unloading 19 unused Assets / (99.2 KB). Loaded Objects now: 2793.
Memory consumption went from 87.0 MB to 86.9 MB.
Total: 8.088100 ms (FindLiveObjects: 0.751300 ms CreateObjectMapping: 0.289500 ms MarkObjects: 6.932900 ms  DeleteObjects: 0.112100 ms)

Prepare: number of updated asset objects reloaded= 0
AssetImportParameters requested are different than current active one (requested -> active):
  custom:video-decoder-webm-vp8: 9c59270c3fd7afecdb556c50c9e8de78 -> 
  custom:container-demuxer-ogg: 62fdf1f143b41e24485cea50d1cbac27 -> 
  custom:AudioImporter_EditorPlatform: d09bf68614088b80899f8185d706f6e7 -> 
  custom:video-codec-MediaFoundation-h265: 746d11721c4dcdbdad8f713fa42b33f4 -> 
  custom:video-decoder-ogg-theora: a1e56fd34408186e4bbccfd4996cb3dc -> 
  custom:framework-win-MediaFoundation: 216162199b28c13a410421893ffa2e32 -> 
  custom:video-encoder-webm-vp8: eb34c28f22e8b96e1ab97ce403110664 -> 
  custom:audio-decoder-ogg-vorbis: bf7c407c2cedff20999df2af8eb42d56 -> 
  custom:container-demuxer-webm: 4f35f7cbe854078d1ac9338744f61a02 -> 
  custom:audio-encoder-webm-vorbis: bf7c407c2cedff20999df2af8eb42d56 -> 
  custom:container-muxer-webm: aa71ff27fc2769a1b78a27578f13a17b -> 
========================================================================
Received Prepare
Begin MonoManager ReloadAssembly
- Loaded All Assemblies, in  0.913 seconds
Refreshing native plugins compatible for Editor in 4.40 ms, found 1 plugins.
Native extension for WindowsStandalone target not found
Native extension for WebGL target not found
Mono: successfully reloaded assembly
- Finished resetting the current domain, in  1.021 seconds
Domain Reload Profiling: 1926ms
	BeginReloadAssembly (228ms)
		ExecutionOrderSort (0ms)
		DisableScriptedObjects (20ms)
		BackupInstance (0ms)
		ReleaseScriptingObjects (0ms)
		CreateAndSetChildDomain (43ms)
	RebuildCommonClasses (71ms)
	RebuildNativeTypeToScriptingClass (18ms)
	initialDomainReloadingComplete (58ms)
	LoadAllAssembliesAndSetupDomain (530ms)
		LoadAssemblies (364ms)
		RebuildTransferFunctionScriptingTraits (0ms)
		AnalyzeDomain (268ms)
			TypeCache.Refresh (261ms)
				TypeCache.ScanAssembly (244ms)
			ScanForSourceGeneratedMonoScriptInfo (0ms)
			ResolveRequiredComponents (6ms)
	FinalizeReload (1021ms)
		ReleaseScriptCaches (0ms)
		RebuildScriptCaches (0ms)
		SetupLoadedEditorAssemblies (456ms)
			LogAssemblyErrors (0ms)
			InitializePlatformSupportModulesInManaged (16ms)
			SetLoadedEditorAssemblies (10ms)
			RefreshPlugins (0ms)
			BeforeProcessingInitializeOnLoad (98ms)
			ProcessInitializeOnLoadAttributes (265ms)
			ProcessInitializeOnLoadMethodAttributes (52ms)
			AfterProcessingInitializeOnLoad (15ms)
			EditorAssembliesLoaded (0ms)
		ExecutionOrderSort2 (0ms)
		AwakeInstancesAfterBackupRestoration (18ms)
Refreshing native plugins compatible for Editor in 5.62 ms, found 1 plugins.
Preloading 0 native plugins for Editor in 0.00 ms.
Unloading 1740 Unused Serialized files (Serialized files now loaded: 0)
Unloading 19 unused Assets / (99.2 KB). Loaded Objects now: 2809.
Memory consumption went from 87.0 MB to 86.9 MB.
Total: 6.655500 ms (FindLiveObjects: 0.384400 ms CreateObjectMapping: 0.154100 ms MarkObjects: 5.909800 ms  DeleteObjects: 0.204700 ms)

Prepare: number of updated asset objects reloaded= 0
AssetImportParameters requested are different than current active one (requested -> active):
  custom:video-decoder-webm-vp8: 9c59270c3fd7afecdb556c50c9e8de78 -> 
  custom:container-demuxer-ogg: 62fdf1f143b41e24485cea50d1cbac27 -> 
  custom:AudioImporter_EditorPlatform: d09bf68614088b80899f8185d706f6e7 -> 
  custom:video-codec-MediaFoundation-h265: 746d11721c4dcdbdad8f713fa42b33f4 -> 
  custom:video-decoder-ogg-theora: a1e56fd34408186e4bbccfd4996cb3dc -> 
  custom:framework-win-MediaFoundation: 216162199b28c13a410421893ffa2e32 -> 
  custom:video-encoder-webm-vp8: eb34c28f22e8b96e1ab97ce403110664 -> 
  custom:audio-decoder-ogg-vorbis: bf7c407c2cedff20999df2af8eb42d56 -> 
  custom:container-demuxer-webm: 4f35f7cbe854078d1ac9338744f61a02 -> 
  custom:audio-encoder-webm-vorbis: bf7c407c2cedff20999df2af8eb42d56 -> 
  custom:container-muxer-webm: aa71ff27fc2769a1b78a27578f13a17b -> 
========================================================================
Received Prepare
Begin MonoManager ReloadAssembly
- Loaded All Assemblies, in  0.940 seconds
Refreshing native plugins compatible for Editor in 5.49 ms, found 1 plugins.
Native extension for WindowsStandalone target not found
Native extension for WebGL target not found
Mono: successfully reloaded assembly
- Finished resetting the current domain, in  1.184 seconds
Domain Reload Profiling: 2118ms
	BeginReloadAssembly (252ms)
		ExecutionOrderSort (0ms)
		DisableScriptedObjects (20ms)
		BackupInstance (0ms)
		ReleaseScriptingObjects (0ms)
		CreateAndSetChildDomain (46ms)
	RebuildCommonClasses (69ms)
	RebuildNativeTypeToScriptingClass (21ms)
	initialDomainReloadingComplete (60ms)
	LoadAllAssembliesAndSetupDomain (531ms)
		LoadAssemblies (377ms)
		RebuildTransferFunctionScriptingTraits (0ms)
		AnalyzeDomain (277ms)
			TypeCache.Refresh (269ms)
				TypeCache.ScanAssembly (251ms)
			ScanForSourceGeneratedMonoScriptInfo (0ms)
			ResolveRequiredComponents (8ms)
	FinalizeReload (1185ms)
		ReleaseScriptCaches (0ms)
		RebuildScriptCaches (0ms)
		SetupLoadedEditorAssemblies (471ms)
			LogAssemblyErrors (0ms)
			InitializePlatformSupportModulesInManaged (14ms)
			SetLoadedEditorAssemblies (7ms)
			RefreshPlugins (0ms)
			BeforeProcessingInitializeOnLoad (101ms)
			ProcessInitializeOnLoadAttributes (274ms)
			ProcessInitializeOnLoadMethodAttributes (60ms)
			AfterProcessingInitializeOnLoad (15ms)
			EditorAssembliesLoaded (0ms)
		ExecutionOrderSort2 (0ms)
		AwakeInstancesAfterBackupRestoration (22ms)
Refreshing native plugins compatible for Editor in 4.38 ms, found 1 plugins.
Preloading 0 native plugins for Editor in 0.00 ms.
Unloading 1740 Unused Serialized files (Serialized files now loaded: 0)
Unloading 19 unused Assets / (99.2 KB). Loaded Objects now: 2825.
Memory consumption went from 87.0 MB to 86.9 MB.
Total: 5.908900 ms (FindLiveObjects: 0.320700 ms CreateObjectMapping: 0.102800 ms MarkObjects: 5.375400 ms  DeleteObjects: 0.108800 ms)

Prepare: number of updated asset objects reloaded= 0
AssetImportParameters requested are different than current active one (requested -> active):
  custom:video-decoder-webm-vp8: 9c59270c3fd7afecdb556c50c9e8de78 -> 
  custom:container-demuxer-ogg: 62fdf1f143b41e24485cea50d1cbac27 -> 
  custom:AudioImporter_EditorPlatform: d09bf68614088b80899f8185d706f6e7 -> 
  custom:video-codec-MediaFoundation-h265: 746d11721c4dcdbdad8f713fa42b33f4 -> 
  custom:video-decoder-ogg-theora: a1e56fd34408186e4bbccfd4996cb3dc -> 
  custom:framework-win-MediaFoundation: 216162199b28c13a410421893ffa2e32 -> 
  custom:video-encoder-webm-vp8: eb34c28f22e8b96e1ab97ce403110664 -> 
  custom:audio-decoder-ogg-vorbis: bf7c407c2cedff20999df2af8eb42d56 -> 
  custom:container-demuxer-webm: 4f35f7cbe854078d1ac9338744f61a02 -> 
  custom:audio-encoder-webm-vorbis: bf7c407c2cedff20999df2af8eb42d56 -> 
  custom:container-muxer-webm: aa71ff27fc2769a1b78a27578f13a17b -> 
========================================================================
Received Prepare
Begin MonoManager ReloadAssembly
- Loaded All Assemblies, in  1.135 seconds
Refreshing native plugins compatible for Editor in 4.85 ms, found 1 plugins.
Native extension for WindowsStandalone target not found
Native extension for WebGL target not found
Mono: successfully reloaded assembly
- Finished resetting the current domain, in  0.974 seconds
Domain Reload Profiling: 2101ms
	BeginReloadAssembly (349ms)
		ExecutionOrderSort (0ms)
		DisableScriptedObjects (23ms)
		BackupInstance (0ms)
		ReleaseScriptingObjects (0ms)
		CreateAndSetChildDomain (50ms)
	RebuildCommonClasses (93ms)
	RebuildNativeTypeToScriptingClass (26ms)
	initialDomainReloadingComplete (66ms)
	LoadAllAssembliesAndSetupDomain (593ms)
		LoadAssemblies (477ms)
		RebuildTransferFunctionScriptingTraits (0ms)
		AnalyzeDomain (333ms)
			TypeCache.Refresh (321ms)
				TypeCache.ScanAssembly (303ms)
			ScanForSourceGeneratedMonoScriptInfo (3ms)
			ResolveRequiredComponents (9ms)
	FinalizeReload (974ms)
		ReleaseScriptCaches (0ms)
		RebuildScriptCaches (0ms)
		SetupLoadedEditorAssemblies (442ms)
			LogAssemblyErrors (0ms)
			InitializePlatformSupportModulesInManaged (13ms)
			SetLoadedEditorAssemblies (9ms)
			RefreshPlugins (0ms)
			BeforeProcessingInitializeOnLoad (95ms)
			ProcessInitializeOnLoadAttributes (262ms)
			ProcessInitializeOnLoadMethodAttributes (49ms)
			AfterProcessingInitializeOnLoad (14ms)
			EditorAssembliesLoaded (0ms)
		ExecutionOrderSort2 (0ms)
		AwakeInstancesAfterBackupRestoration (24ms)
Refreshing native plugins compatible for Editor in 5.04 ms, found 1 plugins.
Preloading 0 native plugins for Editor in 0.00 ms.
Unloading 1740 Unused Serialized files (Serialized files now loaded: 0)
Unloading 19 unused Assets / (99.1 KB). Loaded Objects now: 2841.
Memory consumption went from 87.0 MB to 86.9 MB.
Total: 5.659700 ms (FindLiveObjects: 0.407700 ms CreateObjectMapping: 0.117700 ms MarkObjects: 5.024900 ms  DeleteObjects: 0.107400 ms)

Prepare: number of updated asset objects reloaded= 0
AssetImportParameters requested are different than current active one (requested -> active):
  custom:video-decoder-webm-vp8: 9c59270c3fd7afecdb556c50c9e8de78 -> 
  custom:container-demuxer-ogg: 62fdf1f143b41e24485cea50d1cbac27 -> 
  custom:AudioImporter_EditorPlatform: d09bf68614088b80899f8185d706f6e7 -> 
  custom:video-codec-MediaFoundation-h265: 746d11721c4dcdbdad8f713fa42b33f4 -> 
  custom:video-decoder-ogg-theora: a1e56fd34408186e4bbccfd4996cb3dc -> 
  custom:framework-win-MediaFoundation: 216162199b28c13a410421893ffa2e32 -> 
  custom:video-encoder-webm-vp8: eb34c28f22e8b96e1ab97ce403110664 -> 
  custom:audio-decoder-ogg-vorbis: bf7c407c2cedff20999df2af8eb42d56 -> 
  custom:container-demuxer-webm: 4f35f7cbe854078d1ac9338744f61a02 -> 
  custom:audio-encoder-webm-vorbis: bf7c407c2cedff20999df2af8eb42d56 -> 
  custom:container-muxer-webm: aa71ff27fc2769a1b78a27578f13a17b -> 
========================================================================
Received Prepare
Begin MonoManager ReloadAssembly
- Loaded All Assemblies, in  1.062 seconds
Refreshing native plugins compatible for Editor in 5.22 ms, found 1 plugins.
Native extension for WindowsStandalone target not found
Native extension for WebGL target not found
Mono: successfully reloaded assembly
- Finished resetting the current domain, in  1.060 seconds
Domain Reload Profiling: 2116ms
	BeginReloadAssembly (246ms)
		ExecutionOrderSort (0ms)
		DisableScriptedObjects (25ms)
		BackupInstance (0ms)
		ReleaseScriptingObjects (0ms)
		CreateAndSetChildDomain (43ms)
	RebuildCommonClasses (65ms)
	RebuildNativeTypeToScriptingClass (22ms)
	initialDomainReloadingComplete (67ms)
	LoadAllAssembliesAndSetupDomain (656ms)
		LoadAssemblies (365ms)
		RebuildTransferFunctionScriptingTraits (0ms)
		AnalyzeDomain (395ms)
			TypeCache.Refresh (388ms)
				TypeCache.ScanAssembly (367ms)
			ScanForSourceGeneratedMonoScriptInfo (0ms)
			ResolveRequiredComponents (7ms)
	FinalizeReload (1061ms)
		ReleaseScriptCaches (0ms)
		RebuildScriptCaches (0ms)
		SetupLoadedEditorAssemblies (480ms)
			LogAssemblyErrors (0ms)
			InitializePlatformSupportModulesInManaged (13ms)
			SetLoadedEditorAssemblies (6ms)
			RefreshPlugins (0ms)
			BeforeProcessingInitializeOnLoad (105ms)
			ProcessInitializeOnLoadAttributes (277ms)
			ProcessInitializeOnLoadMethodAttributes (62ms)
			AfterProcessingInitializeOnLoad (16ms)
			EditorAssembliesLoaded (0ms)
		ExecutionOrderSort2 (0ms)
		AwakeInstancesAfterBackupRestoration (23ms)
Refreshing native plugins compatible for Editor in 5.93 ms, found 1 plugins.
Preloading 0 native plugins for Editor in 0.00 ms.
Unloading 1740 Unused Serialized files (Serialized files now loaded: 0)
Unloading 19 unused Assets / (99.2 KB). Loaded Objects now: 2857.
Memory consumption went from 87.1 MB to 87.0 MB.
Total: 7.252700 ms (FindLiveObjects: 0.378600 ms CreateObjectMapping: 0.208700 ms MarkObjects: 6.574900 ms  DeleteObjects: 0.088700 ms)

Prepare: number of updated asset objects reloaded= 0
AssetImportParameters requested are different than current active one (requested -> active):
  custom:video-decoder-webm-vp8: 9c59270c3fd7afecdb556c50c9e8de78 -> 
  custom:container-demuxer-ogg: 62fdf1f143b41e24485cea50d1cbac27 -> 
  custom:AudioImporter_EditorPlatform: d09bf68614088b80899f8185d706f6e7 -> 
  custom:video-codec-MediaFoundation-h265: 746d11721c4dcdbdad8f713fa42b33f4 -> 
  custom:video-decoder-ogg-theora: a1e56fd34408186e4bbccfd4996cb3dc -> 
  custom:framework-win-MediaFoundation: 216162199b28c13a410421893ffa2e32 -> 
  custom:video-encoder-webm-vp8: eb34c28f22e8b96e1ab97ce403110664 -> 
  custom:audio-decoder-ogg-vorbis: bf7c407c2cedff20999df2af8eb42d56 -> 
  custom:container-demuxer-webm: 4f35f7cbe854078d1ac9338744f61a02 -> 
  custom:audio-encoder-webm-vorbis: bf7c407c2cedff20999df2af8eb42d56 -> 
  custom:container-muxer-webm: aa71ff27fc2769a1b78a27578f13a17b -> 
========================================================================
Received Prepare
Begin MonoManager ReloadAssembly
- Loaded All Assemblies, in  0.984 seconds
Refreshing native plugins compatible for Editor in 4.99 ms, found 1 plugins.
Native extension for WindowsStandalone target not found
Native extension for WebGL target not found
Mono: successfully reloaded assembly
- Finished resetting the current domain, in  1.216 seconds
Domain Reload Profiling: 2194ms
	BeginReloadAssembly (258ms)
		ExecutionOrderSort (0ms)
		DisableScriptedObjects (19ms)
		BackupInstance (0ms)
		ReleaseScriptingObjects (0ms)
		CreateAndSetChildDomain (41ms)
	RebuildCommonClasses (75ms)
	RebuildNativeTypeToScriptingClass (20ms)
	initialDomainReloadingComplete (55ms)
	LoadAllAssembliesAndSetupDomain (570ms)
		LoadAssemblies (405ms)
		RebuildTransferFunctionScriptingTraits (0ms)
		AnalyzeDomain (301ms)
			TypeCache.Refresh (291ms)
				TypeCache.ScanAssembly (274ms)
			ScanForSourceGeneratedMonoScriptInfo (2ms)
			ResolveRequiredComponents (7ms)
	FinalizeReload (1217ms)
		ReleaseScriptCaches (0ms)
		RebuildScriptCaches (0ms)
		SetupLoadedEditorAssemblies (534ms)
			LogAssemblyErrors (0ms)
			InitializePlatformSupportModulesInManaged (23ms)
			SetLoadedEditorAssemblies (11ms)
			RefreshPlugins (0ms)
			BeforeProcessingInitializeOnLoad (141ms)
			ProcessInitializeOnLoadAttributes (293ms)
			ProcessInitializeOnLoadMethodAttributes (51ms)
			AfterProcessingInitializeOnLoad (14ms)
			EditorAssembliesLoaded (0ms)
		ExecutionOrderSort2 (0ms)
		AwakeInstancesAfterBackupRestoration (21ms)
Refreshing native plugins compatible for Editor in 3.88 ms, found 1 plugins.
Preloading 0 native plugins for Editor in 0.00 ms.
Unloading 1740 Unused Serialized files (Serialized files now loaded: 0)
Unloading 19 unused Assets / (99.2 KB). Loaded Objects now: 2873.
Memory consumption went from 87.1 MB to 87.0 MB.
Total: 5.030400 ms (FindLiveObjects: 0.467300 ms CreateObjectMapping: 0.124800 ms MarkObjects: 4.351700 ms  DeleteObjects: 0.084700 ms)

Prepare: number of updated asset objects reloaded= 0
AssetImportParameters requested are different than current active one (requested -> active):
  custom:video-decoder-webm-vp8: 9c59270c3fd7afecdb556c50c9e8de78 -> 
  custom:container-demuxer-ogg: 62fdf1f143b41e24485cea50d1cbac27 -> 
  custom:AudioImporter_EditorPlatform: d09bf68614088b80899f8185d706f6e7 -> 
  custom:video-codec-MediaFoundation-h265: 746d11721c4dcdbdad8f713fa42b33f4 -> 
  custom:video-decoder-ogg-theora: a1e56fd34408186e4bbccfd4996cb3dc -> 
  custom:framework-win-MediaFoundation: 216162199b28c13a410421893ffa2e32 -> 
  custom:video-encoder-webm-vp8: eb34c28f22e8b96e1ab97ce403110664 -> 
  custom:audio-decoder-ogg-vorbis: bf7c407c2cedff20999df2af8eb42d56 -> 
  custom:container-demuxer-webm: 4f35f7cbe854078d1ac9338744f61a02 -> 
  custom:audio-encoder-webm-vorbis: bf7c407c2cedff20999df2af8eb42d56 -> 
  custom:container-muxer-webm: aa71ff27fc2769a1b78a27578f13a17b -> 
========================================================================
Received Prepare
Begin MonoManager ReloadAssembly
- Loaded All Assemblies, in  0.937 seconds
Refreshing native plugins compatible for Editor in 4.50 ms, found 1 plugins.
Native extension for WindowsStandalone target not found
Native extension for WebGL target not found
Mono: successfully reloaded assembly
- Finished resetting the current domain, in  1.188 seconds
Domain Reload Profiling: 2118ms
	BeginReloadAssembly (239ms)
		ExecutionOrderSort (0ms)
		DisableScriptedObjects (26ms)
		BackupInstance (0ms)
		ReleaseScriptingObjects (0ms)
		CreateAndSetChildDomain (49ms)
	RebuildCommonClasses (67ms)
	RebuildNativeTypeToScriptingClass (21ms)
	initialDomainReloadingComplete (62ms)
	LoadAllAssembliesAndSetupDomain (541ms)
		LoadAssemblies (362ms)
		RebuildTransferFunctionScriptingTraits (0ms)
		AnalyzeDomain (281ms)
			TypeCache.Refresh (274ms)
				TypeCache.ScanAssembly (255ms)
			ScanForSourceGeneratedMonoScriptInfo (0ms)
			ResolveRequiredComponents (6ms)
	FinalizeReload (1189ms)
		ReleaseScriptCaches (0ms)
		RebuildScriptCaches (0ms)
		SetupLoadedEditorAssemblies (473ms)
			LogAssemblyErrors (0ms)
			InitializePlatformSupportModulesInManaged (17ms)
			SetLoadedEditorAssemblies (7ms)
			RefreshPlugins (0ms)
			BeforeProcessingInitializeOnLoad (109ms)
			ProcessInitializeOnLoadAttributes (273ms)
			ProcessInitializeOnLoadMethodAttributes (52ms)
			AfterProcessingInitializeOnLoad (14ms)
			EditorAssembliesLoaded (0ms)
		ExecutionOrderSort2 (0ms)
		AwakeInstancesAfterBackupRestoration (18ms)
Refreshing native plugins compatible for Editor in 8.01 ms, found 1 plugins.
Preloading 0 native plugins for Editor in 0.00 ms.
Unloading 1740 Unused Serialized files (Serialized files now loaded: 0)
Unloading 19 unused Assets / (99.2 KB). Loaded Objects now: 2889.
Memory consumption went from 87.1 MB to 87.0 MB.
Total: 8.919500 ms (FindLiveObjects: 0.559000 ms CreateObjectMapping: 0.413400 ms MarkObjects: 7.742600 ms  DeleteObjects: 0.202400 ms)

Prepare: number of updated asset objects reloaded= 0
AssetImportParameters requested are different than current active one (requested -> active):
  custom:video-decoder-webm-vp8: 9c59270c3fd7afecdb556c50c9e8de78 -> 
  custom:container-demuxer-ogg: 62fdf1f143b41e24485cea50d1cbac27 -> 
  custom:AudioImporter_EditorPlatform: d09bf68614088b80899f8185d706f6e7 -> 
  custom:video-codec-MediaFoundation-h265: 746d11721c4dcdbdad8f713fa42b33f4 -> 
  custom:video-decoder-ogg-theora: a1e56fd34408186e4bbccfd4996cb3dc -> 
  custom:framework-win-MediaFoundation: 216162199b28c13a410421893ffa2e32 -> 
  custom:video-encoder-webm-vp8: eb34c28f22e8b96e1ab97ce403110664 -> 
  custom:audio-decoder-ogg-vorbis: bf7c407c2cedff20999df2af8eb42d56 -> 
  custom:container-demuxer-webm: 4f35f7cbe854078d1ac9338744f61a02 -> 
  custom:audio-encoder-webm-vorbis: bf7c407c2cedff20999df2af8eb42d56 -> 
  custom:container-muxer-webm: aa71ff27fc2769a1b78a27578f13a17b -> 
========================================================================
Received Prepare
Begin MonoManager ReloadAssembly
- Loaded All Assemblies, in  1.046 seconds
Refreshing native plugins compatible for Editor in 7.57 ms, found 1 plugins.
Native extension for WindowsStandalone target not found
Native extension for WebGL target not found
Mono: successfully reloaded assembly
- Finished resetting the current domain, in  1.172 seconds
Domain Reload Profiling: 2211ms
	BeginReloadAssembly (251ms)
		ExecutionOrderSort (0ms)
		DisableScriptedObjects (22ms)
		BackupInstance (0ms)
		ReleaseScriptingObjects (0ms)
		CreateAndSetChildDomain (51ms)
	RebuildCommonClasses (145ms)
	RebuildNativeTypeToScriptingClass (20ms)
	initialDomainReloadingComplete (55ms)
	LoadAllAssembliesAndSetupDomain (567ms)
		LoadAssemblies (363ms)
		RebuildTransferFunctionScriptingTraits (0ms)
		AnalyzeDomain (316ms)
			TypeCache.Refresh (305ms)
				TypeCache.ScanAssembly (270ms)
			ScanForSourceGeneratedMonoScriptInfo (0ms)
			ResolveRequiredComponents (10ms)
	FinalizeReload (1173ms)
		ReleaseScriptCaches (0ms)
		RebuildScriptCaches (0ms)
		SetupLoadedEditorAssemblies (494ms)
			LogAssemblyErrors (0ms)
			InitializePlatformSupportModulesInManaged (17ms)
			SetLoadedEditorAssemblies (7ms)
			RefreshPlugins (0ms)
			BeforeProcessingInitializeOnLoad (101ms)
			ProcessInitializeOnLoadAttributes (289ms)
			ProcessInitializeOnLoadMethodAttributes (64ms)
			AfterProcessingInitializeOnLoad (15ms)
			EditorAssembliesLoaded (0ms)
		ExecutionOrderSort2 (0ms)
		AwakeInstancesAfterBackupRestoration (26ms)
Refreshing native plugins compatible for Editor in 5.02 ms, found 1 plugins.
Preloading 0 native plugins for Editor in 0.00 ms.
Unloading 1740 Unused Serialized files (Serialized files now loaded: 0)
Unloading 19 unused Assets / (99.2 KB). Loaded Objects now: 2905.
Memory consumption went from 87.1 MB to 87.0 MB.
Total: 6.834400 ms (FindLiveObjects: 0.370700 ms CreateObjectMapping: 0.131300 ms MarkObjects: 6.211700 ms  DeleteObjects: 0.118200 ms)

Prepare: number of updated asset objects reloaded= 0
AssetImportParameters requested are different than current active one (requested -> active):
  custom:video-decoder-webm-vp8: 9c59270c3fd7afecdb556c50c9e8de78 -> 
  custom:container-demuxer-ogg: 62fdf1f143b41e24485cea50d1cbac27 -> 
  custom:AudioImporter_EditorPlatform: d09bf68614088b80899f8185d706f6e7 -> 
  custom:video-codec-MediaFoundation-h265: 746d11721c4dcdbdad8f713fa42b33f4 -> 
  custom:video-decoder-ogg-theora: a1e56fd34408186e4bbccfd4996cb3dc -> 
  custom:framework-win-MediaFoundation: 216162199b28c13a410421893ffa2e32 -> 
  custom:video-encoder-webm-vp8: eb34c28f22e8b96e1ab97ce403110664 -> 
  custom:audio-decoder-ogg-vorbis: bf7c407c2cedff20999df2af8eb42d56 -> 
  custom:container-demuxer-webm: 4f35f7cbe854078d1ac9338744f61a02 -> 
  custom:audio-encoder-webm-vorbis: bf7c407c2cedff20999df2af8eb42d56 -> 
  custom:container-muxer-webm: aa71ff27fc2769a1b78a27578f13a17b -> 
========================================================================
Received Prepare
Begin MonoManager ReloadAssembly
- Loaded All Assemblies, in  1.032 seconds
Refreshing native plugins compatible for Editor in 4.35 ms, found 1 plugins.
Native extension for WindowsStandalone target not found
Native extension for WebGL target not found
Mono: successfully reloaded assembly
- Finished resetting the current domain, in  1.031 seconds
Domain Reload Profiling: 2058ms
	BeginReloadAssembly (252ms)
		ExecutionOrderSort (0ms)
		DisableScriptedObjects (20ms)
		BackupInstance (0ms)
		ReleaseScriptingObjects (0ms)
		CreateAndSetChildDomain (42ms)
	RebuildCommonClasses (69ms)
	RebuildNativeTypeToScriptingClass (27ms)
	initialDomainReloadingComplete (59ms)
	LoadAllAssembliesAndSetupDomain (619ms)
		LoadAssemblies (392ms)
		RebuildTransferFunctionScriptingTraits (0ms)
		AnalyzeDomain (349ms)
			TypeCache.Refresh (341ms)
				TypeCache.ScanAssembly (320ms)
			ScanForSourceGeneratedMonoScriptInfo (2ms)
			ResolveRequiredComponents (5ms)
	FinalizeReload (1032ms)
		ReleaseScriptCaches (0ms)
		RebuildScriptCaches (0ms)
		SetupLoadedEditorAssemblies (479ms)
			LogAssemblyErrors (0ms)
			InitializePlatformSupportModulesInManaged (16ms)
			SetLoadedEditorAssemblies (10ms)
			RefreshPlugins (0ms)
			BeforeProcessingInitializeOnLoad (103ms)
			ProcessInitializeOnLoadAttributes (272ms)
			ProcessInitializeOnLoadMethodAttributes (59ms)
			AfterProcessingInitializeOnLoad (19ms)
			EditorAssembliesLoaded (1ms)
		ExecutionOrderSort2 (0ms)
		AwakeInstancesAfterBackupRestoration (26ms)
Refreshing native plugins compatible for Editor in 6.37 ms, found 1 plugins.
Preloading 0 native plugins for Editor in 0.00 ms.
Unloading 1740 Unused Serialized files (Serialized files now loaded: 0)
Unloading 19 unused Assets / (99.2 KB). Loaded Objects now: 2921.
Memory consumption went from 87.1 MB to 87.0 MB.
Total: 6.073800 ms (FindLiveObjects: 0.388000 ms CreateObjectMapping: 0.228000 ms MarkObjects: 5.343700 ms  DeleteObjects: 0.110600 ms)

Prepare: number of updated asset objects reloaded= 0
AssetImportParameters requested are different than current active one (requested -> active):
  custom:video-decoder-webm-vp8: 9c59270c3fd7afecdb556c50c9e8de78 -> 
  custom:container-demuxer-ogg: 62fdf1f143b41e24485cea50d1cbac27 -> 
  custom:AudioImporter_EditorPlatform: d09bf68614088b80899f8185d706f6e7 -> 
  custom:video-codec-MediaFoundation-h265: 746d11721c4dcdbdad8f713fa42b33f4 -> 
  custom:video-decoder-ogg-theora: a1e56fd34408186e4bbccfd4996cb3dc -> 
  custom:framework-win-MediaFoundation: 216162199b28c13a410421893ffa2e32 -> 
  custom:video-encoder-webm-vp8: eb34c28f22e8b96e1ab97ce403110664 -> 
  custom:audio-decoder-ogg-vorbis: bf7c407c2cedff20999df2af8eb42d56 -> 
  custom:container-demuxer-webm: 4f35f7cbe854078d1ac9338744f61a02 -> 
  custom:audio-encoder-webm-vorbis: bf7c407c2cedff20999df2af8eb42d56 -> 
  custom:container-muxer-webm: aa71ff27fc2769a1b78a27578f13a17b -> 
========================================================================
Received Prepare
Begin MonoManager ReloadAssembly
- Loaded All Assemblies, in  0.879 seconds
Refreshing native plugins compatible for Editor in 4.98 ms, found 1 plugins.
Native extension for WindowsStandalone target not found
Native extension for WebGL target not found
Mono: successfully reloaded assembly
- Finished resetting the current domain, in  1.195 seconds
Domain Reload Profiling: 2068ms
	BeginReloadAssembly (224ms)
		ExecutionOrderSort (0ms)
		DisableScriptedObjects (22ms)
		BackupInstance (0ms)
		ReleaseScriptingObjects (0ms)
		CreateAndSetChildDomain (38ms)
	RebuildCommonClasses (68ms)
	RebuildNativeTypeToScriptingClass (17ms)
	initialDomainReloadingComplete (59ms)
	LoadAllAssembliesAndSetupDomain (505ms)
		LoadAssemblies (338ms)
		RebuildTransferFunctionScriptingTraits (0ms)
		AnalyzeDomain (266ms)
			TypeCache.Refresh (259ms)
				TypeCache.ScanAssembly (244ms)
			ScanForSourceGeneratedMonoScriptInfo (0ms)
			ResolveRequiredComponents (6ms)
	FinalizeReload (1196ms)
		ReleaseScriptCaches (0ms)
		RebuildScriptCaches (0ms)
		SetupLoadedEditorAssemblies (491ms)
			LogAssemblyErrors (0ms)
			InitializePlatformSupportModulesInManaged (19ms)
			SetLoadedEditorAssemblies (9ms)
			RefreshPlugins (0ms)
			BeforeProcessingInitializeOnLoad (109ms)
			ProcessInitializeOnLoadAttributes (286ms)
			ProcessInitializeOnLoadMethodAttributes (51ms)
			AfterProcessingInitializeOnLoad (18ms)
			EditorAssembliesLoaded (0ms)
		ExecutionOrderSort2 (0ms)
		AwakeInstancesAfterBackupRestoration (18ms)
Refreshing native plugins compatible for Editor in 4.53 ms, found 1 plugins.
Preloading 0 native plugins for Editor in 0.00 ms.
Unloading 1740 Unused Serialized files (Serialized files now loaded: 0)
Unloading 19 unused Assets / (99.1 KB). Loaded Objects now: 2937.
Memory consumption went from 87.1 MB to 87.0 MB.
Total: 4.324000 ms (FindLiveObjects: 0.372000 ms CreateObjectMapping: 0.111900 ms MarkObjects: 3.763900 ms  DeleteObjects: 0.074600 ms)

Prepare: number of updated asset objects reloaded= 0
AssetImportParameters requested are different than current active one (requested -> active):
  custom:video-decoder-webm-vp8: 9c59270c3fd7afecdb556c50c9e8de78 -> 
  custom:container-demuxer-ogg: 62fdf1f143b41e24485cea50d1cbac27 -> 
  custom:AudioImporter_EditorPlatform: d09bf68614088b80899f8185d706f6e7 -> 
  custom:video-codec-MediaFoundation-h265: 746d11721c4dcdbdad8f713fa42b33f4 -> 
  custom:video-decoder-ogg-theora: a1e56fd34408186e4bbccfd4996cb3dc -> 
  custom:framework-win-MediaFoundation: 216162199b28c13a410421893ffa2e32 -> 
  custom:video-encoder-webm-vp8: eb34c28f22e8b96e1ab97ce403110664 -> 
  custom:audio-decoder-ogg-vorbis: bf7c407c2cedff20999df2af8eb42d56 -> 
  custom:container-demuxer-webm: 4f35f7cbe854078d1ac9338744f61a02 -> 
  custom:audio-encoder-webm-vorbis: bf7c407c2cedff20999df2af8eb42d56 -> 
  custom:container-muxer-webm: aa71ff27fc2769a1b78a27578f13a17b -> 
========================================================================
Received Prepare
Begin MonoManager ReloadAssembly
- Loaded All Assemblies, in  1.127 seconds
Refreshing native plugins compatible for Editor in 4.13 ms, found 1 plugins.
Native extension for WindowsStandalone target not found
Native extension for WebGL target not found
Mono: successfully reloaded assembly
- Finished resetting the current domain, in  0.986 seconds
Domain Reload Profiling: 2108ms
	BeginReloadAssembly (369ms)
		ExecutionOrderSort (0ms)
		DisableScriptedObjects (28ms)
		BackupInstance (0ms)
		ReleaseScriptingObjects (0ms)
		CreateAndSetChildDomain (76ms)
	RebuildCommonClasses (70ms)
	RebuildNativeTypeToScriptingClass (19ms)
	initialDomainReloadingComplete (58ms)
	LoadAllAssembliesAndSetupDomain (604ms)
		LoadAssemblies (432ms)
		RebuildTransferFunctionScriptingTraits (0ms)
		AnalyzeDomain (320ms)
			TypeCache.Refresh (311ms)
				TypeCache.ScanAssembly (292ms)
			ScanForSourceGeneratedMonoScriptInfo (3ms)
			ResolveRequiredComponents (6ms)
	FinalizeReload (987ms)
		ReleaseScriptCaches (0ms)
		RebuildScriptCaches (0ms)
		SetupLoadedEditorAssemblies (426ms)
			LogAssemblyErrors (0ms)
			InitializePlatformSupportModulesInManaged (13ms)
			SetLoadedEditorAssemblies (7ms)
			RefreshPlugins (0ms)
			BeforeProcessingInitializeOnLoad (96ms)
			ProcessInitializeOnLoadAttributes (244ms)
			ProcessInitializeOnLoadMethodAttributes (51ms)
			AfterProcessingInitializeOnLoad (15ms)
			EditorAssembliesLoaded (0ms)
		ExecutionOrderSort2 (0ms)
		AwakeInstancesAfterBackupRestoration (24ms)
Refreshing native plugins compatible for Editor in 5.68 ms, found 1 plugins.
Preloading 0 native plugins for Editor in 0.00 ms.
Unloading 1740 Unused Serialized files (Serialized files now loaded: 0)
Unloading 19 unused Assets / (99.2 KB). Loaded Objects now: 2953.
Memory consumption went from 87.1 MB to 87.0 MB.
Total: 5.325000 ms (FindLiveObjects: 0.397800 ms CreateObjectMapping: 0.139200 ms MarkObjects: 4.676700 ms  DeleteObjects: 0.105300 ms)

Prepare: number of updated asset objects reloaded= 0
AssetImportParameters requested are different than current active one (requested -> active):
  custom:video-decoder-webm-vp8: 9c59270c3fd7afecdb556c50c9e8de78 -> 
  custom:container-demuxer-ogg: 62fdf1f143b41e24485cea50d1cbac27 -> 
  custom:AudioImporter_EditorPlatform: d09bf68614088b80899f8185d706f6e7 -> 
  custom:video-codec-MediaFoundation-h265: 746d11721c4dcdbdad8f713fa42b33f4 -> 
  custom:video-decoder-ogg-theora: a1e56fd34408186e4bbccfd4996cb3dc -> 
  custom:framework-win-MediaFoundation: 216162199b28c13a410421893ffa2e32 -> 
  custom:video-encoder-webm-vp8: eb34c28f22e8b96e1ab97ce403110664 -> 
  custom:audio-decoder-ogg-vorbis: bf7c407c2cedff20999df2af8eb42d56 -> 
  custom:container-demuxer-webm: 4f35f7cbe854078d1ac9338744f61a02 -> 
  custom:audio-encoder-webm-vorbis: bf7c407c2cedff20999df2af8eb42d56 -> 
  custom:container-muxer-webm: aa71ff27fc2769a1b78a27578f13a17b -> 
========================================================================
Received Prepare
Begin MonoManager ReloadAssembly
- Loaded All Assemblies, in  1.046 seconds
Refreshing native plugins compatible for Editor in 4.47 ms, found 1 plugins.
Native extension for WindowsStandalone target not found
Native extension for WebGL target not found
Mono: successfully reloaded assembly
- Finished resetting the current domain, in  1.348 seconds
Domain Reload Profiling: 2388ms
	BeginReloadAssembly (234ms)
		ExecutionOrderSort (0ms)
		DisableScriptedObjects (25ms)
		BackupInstance (0ms)
		ReleaseScriptingObjects (0ms)
		CreateAndSetChildDomain (44ms)
	RebuildCommonClasses (65ms)
	RebuildNativeTypeToScriptingClass (19ms)
	initialDomainReloadingComplete (54ms)
	LoadAllAssembliesAndSetupDomain (667ms)
		LoadAssemblies (363ms)
		RebuildTransferFunctionScriptingTraits (0ms)
		AnalyzeDomain (394ms)
			TypeCache.Refresh (387ms)
				TypeCache.ScanAssembly (366ms)
			ScanForSourceGeneratedMonoScriptInfo (0ms)
			ResolveRequiredComponents (7ms)
	FinalizeReload (1348ms)
		ReleaseScriptCaches (0ms)
		RebuildScriptCaches (0ms)
		SetupLoadedEditorAssemblies (512ms)
			LogAssemblyErrors (0ms)
			InitializePlatformSupportModulesInManaged (13ms)
			SetLoadedEditorAssemblies (7ms)
			RefreshPlugins (0ms)
			BeforeProcessingInitializeOnLoad (111ms)
			ProcessInitializeOnLoadAttributes (313ms)
			ProcessInitializeOnLoadMethodAttributes (52ms)
			AfterProcessingInitializeOnLoad (16ms)
			EditorAssembliesLoaded (0ms)
		ExecutionOrderSort2 (0ms)
		AwakeInstancesAfterBackupRestoration (21ms)
Refreshing native plugins compatible for Editor in 6.40 ms, found 1 plugins.
Preloading 0 native plugins for Editor in 0.00 ms.
Unloading 1740 Unused Serialized files (Serialized files now loaded: 0)
Unloading 19 unused Assets / (99.2 KB). Loaded Objects now: 2969.
Memory consumption went from 87.1 MB to 87.0 MB.
Total: 7.889000 ms (FindLiveObjects: 0.408300 ms CreateObjectMapping: 0.219800 ms MarkObjects: 7.108400 ms  DeleteObjects: 0.150300 ms)

Prepare: number of updated asset objects reloaded= 0
AssetImportParameters requested are different than current active one (requested -> active):
  custom:video-decoder-webm-vp8: 9c59270c3fd7afecdb556c50c9e8de78 -> 
  custom:container-demuxer-ogg: 62fdf1f143b41e24485cea50d1cbac27 -> 
  custom:AudioImporter_EditorPlatform: d09bf68614088b80899f8185d706f6e7 -> 
  custom:video-codec-MediaFoundation-h265: 746d11721c4dcdbdad8f713fa42b33f4 -> 
  custom:video-decoder-ogg-theora: a1e56fd34408186e4bbccfd4996cb3dc -> 
  custom:framework-win-MediaFoundation: 216162199b28c13a410421893ffa2e32 -> 
  custom:video-encoder-webm-vp8: eb34c28f22e8b96e1ab97ce403110664 -> 
  custom:audio-decoder-ogg-vorbis: bf7c407c2cedff20999df2af8eb42d56 -> 
  custom:container-demuxer-webm: 4f35f7cbe854078d1ac9338744f61a02 -> 
  custom:audio-encoder-webm-vorbis: bf7c407c2cedff20999df2af8eb42d56 -> 
  custom:container-muxer-webm: aa71ff27fc2769a1b78a27578f13a17b -> 
========================================================================
Received Import Request.
  Time since last request: 842.141205 seconds.
  path: Assets/Scripts/Questions.cs
  artifactKey: Guid(3cf9c09ae821db2448fd759b0f654760) Importer(815301076,1909f56bfc062723c751e8b465ee728b)
Start importing Assets/Scripts/Questions.cs using Guid(3cf9c09ae821db2448fd759b0f654760) Importer(815301076,1909f56bfc062723c751e8b465ee728b)  -> (artifact id: 'abf638e16de16e10105a2fb0c6da8a7c') in 0.003800 seconds
Number of updated asset objects reloaded before import = 0
Number of asset objects unloaded after import = 0
========================================================================
Received Prepare
Begin MonoManager ReloadAssembly
- Loaded All Assemblies, in  1.183 seconds
Refreshing native plugins compatible for Editor in 5.98 ms, found 1 plugins.
Native extension for WindowsStandalone target not found
Native extension for WebGL target not found
Mono: successfully reloaded assembly
- Finished resetting the current domain, in  1.510 seconds
Domain Reload Profiling: 2686ms
	BeginReloadAssembly (389ms)
		ExecutionOrderSort (0ms)
		DisableScriptedObjects (27ms)
		BackupInstance (0ms)
		ReleaseScriptingObjects (0ms)
		CreateAndSetChildDomain (101ms)
	RebuildCommonClasses (69ms)
	RebuildNativeTypeToScriptingClass (20ms)
	initialDomainReloadingComplete (63ms)
	LoadAllAssembliesAndSetupDomain (636ms)
		LoadAssemblies (439ms)
		RebuildTransferFunctionScriptingTraits (0ms)
		AnalyzeDomain (334ms)
			TypeCache.Refresh (321ms)
				TypeCache.ScanAssembly (299ms)
			ScanForSourceGeneratedMonoScriptInfo (3ms)
			ResolveRequiredComponents (9ms)
	FinalizeReload (1511ms)
		ReleaseScriptCaches (0ms)
		RebuildScriptCaches (0ms)
		SetupLoadedEditorAssemblies (570ms)
			LogAssemblyErrors (0ms)
			InitializePlatformSupportModulesInManaged (21ms)
			SetLoadedEditorAssemblies (9ms)
			RefreshPlugins (0ms)
			BeforeProcessingInitializeOnLoad (122ms)
			ProcessInitializeOnLoadAttributes (335ms)
			ProcessInitializeOnLoadMethodAttributes (65ms)
			AfterProcessingInitializeOnLoad (18ms)
			EditorAssembliesLoaded (0ms)
		ExecutionOrderSort2 (0ms)
		AwakeInstancesAfterBackupRestoration (27ms)
Refreshing native plugins compatible for Editor in 4.27 ms, found 1 plugins.
Preloading 0 native plugins for Editor in 0.00 ms.
Unloading 1739 Unused Serialized files (Serialized files now loaded: 0)
Unloading 19 unused Assets / (99.3 KB). Loaded Objects now: 2985.
Memory consumption went from 86.9 MB to 86.8 MB.
Total: 5.247100 ms (FindLiveObjects: 0.423800 ms CreateObjectMapping: 0.195800 ms MarkObjects: 4.541800 ms  DeleteObjects: 0.084300 ms)

Prepare: number of updated asset objects reloaded= 0
AssetImportParameters requested are different than current active one (requested -> active):
  custom:video-decoder-webm-vp8: 9c59270c3fd7afecdb556c50c9e8de78 -> 
  custom:container-demuxer-ogg: 62fdf1f143b41e24485cea50d1cbac27 -> 
  custom:AudioImporter_EditorPlatform: d09bf68614088b80899f8185d706f6e7 -> 
  custom:video-codec-MediaFoundation-h265: 746d11721c4dcdbdad8f713fa42b33f4 -> 
  custom:video-decoder-ogg-theora: a1e56fd34408186e4bbccfd4996cb3dc -> 
  custom:framework-win-MediaFoundation: 216162199b28c13a410421893ffa2e32 -> 
  custom:video-encoder-webm-vp8: eb34c28f22e8b96e1ab97ce403110664 -> 
  custom:audio-decoder-ogg-vorbis: bf7c407c2cedff20999df2af8eb42d56 -> 
  custom:container-demuxer-webm: 4f35f7cbe854078d1ac9338744f61a02 -> 
  custom:audio-encoder-webm-vorbis: bf7c407c2cedff20999df2af8eb42d56 -> 
  custom:container-muxer-webm: aa71ff27fc2769a1b78a27578f13a17b -> 
========================================================================
Received Prepare
Begin MonoManager ReloadAssembly
- Loaded All Assemblies, in  1.027 seconds
Refreshing native plugins compatible for Editor in 4.00 ms, found 1 plugins.
Native extension for WindowsStandalone target not found
Native extension for WebGL target not found
Mono: successfully reloaded assembly
- Finished resetting the current domain, in  1.036 seconds
Domain Reload Profiling: 2055ms
	BeginReloadAssembly (245ms)
		ExecutionOrderSort (0ms)
		DisableScriptedObjects (19ms)
		BackupInstance (0ms)
		ReleaseScriptingObjects (0ms)
		CreateAndSetChildDomain (46ms)
	RebuildCommonClasses (131ms)
	RebuildNativeTypeToScriptingClass (29ms)
	initialDomainReloadingComplete (72ms)
	LoadAllAssembliesAndSetupDomain (541ms)
		LoadAssemblies (381ms)
		RebuildTransferFunctionScriptingTraits (0ms)
		AnalyzeDomain (277ms)
			TypeCache.Refresh (272ms)
				TypeCache.ScanAssembly (255ms)
			ScanForSourceGeneratedMonoScriptInfo (0ms)
			ResolveRequiredComponents (5ms)
	FinalizeReload (1037ms)
		ReleaseScriptCaches (0ms)
		RebuildScriptCaches (0ms)
		SetupLoadedEditorAssemblies (491ms)
			LogAssemblyErrors (0ms)
			InitializePlatformSupportModulesInManaged (19ms)
			SetLoadedEditorAssemblies (6ms)
			RefreshPlugins (0ms)
			BeforeProcessingInitializeOnLoad (103ms)
			ProcessInitializeOnLoadAttributes (299ms)
			ProcessInitializeOnLoadMethodAttributes (49ms)
			AfterProcessingInitializeOnLoad (15ms)
			EditorAssembliesLoaded (0ms)
		ExecutionOrderSort2 (0ms)
		AwakeInstancesAfterBackupRestoration (18ms)
Refreshing native plugins compatible for Editor in 4.59 ms, found 1 plugins.
Preloading 0 native plugins for Editor in 0.00 ms.
Unloading 1740 Unused Serialized files (Serialized files now loaded: 0)
Unloading 19 unused Assets / (99.2 KB). Loaded Objects now: 3001.
Memory consumption went from 87.1 MB to 87.0 MB.
Total: 6.507800 ms (FindLiveObjects: 0.459500 ms CreateObjectMapping: 0.091400 ms MarkObjects: 5.817300 ms  DeleteObjects: 0.137400 ms)

Prepare: number of updated asset objects reloaded= 0
AssetImportParameters requested are different than current active one (requested -> active):
  custom:video-decoder-webm-vp8: 9c59270c3fd7afecdb556c50c9e8de78 -> 
  custom:container-demuxer-ogg: 62fdf1f143b41e24485cea50d1cbac27 -> 
  custom:AudioImporter_EditorPlatform: d09bf68614088b80899f8185d706f6e7 -> 
  custom:video-codec-MediaFoundation-h265: 746d11721c4dcdbdad8f713fa42b33f4 -> 
  custom:video-decoder-ogg-theora: a1e56fd34408186e4bbccfd4996cb3dc -> 
  custom:framework-win-MediaFoundation: 216162199b28c13a410421893ffa2e32 -> 
  custom:video-encoder-webm-vp8: eb34c28f22e8b96e1ab97ce403110664 -> 
  custom:audio-decoder-ogg-vorbis: bf7c407c2cedff20999df2af8eb42d56 -> 
  custom:container-demuxer-webm: 4f35f7cbe854078d1ac9338744f61a02 -> 
  custom:audio-encoder-webm-vorbis: bf7c407c2cedff20999df2af8eb42d56 -> 
  custom:container-muxer-webm: aa71ff27fc2769a1b78a27578f13a17b -> 
========================================================================
Received Import Request.
  Time since last request: 185.628262 seconds.
  path: Assets/Scripts/Questions.cs
  artifactKey: Guid(3cf9c09ae821db2448fd759b0f654760) Importer(815301076,1909f56bfc062723c751e8b465ee728b)
Start importing Assets/Scripts/Questions.cs using Guid(3cf9c09ae821db2448fd759b0f654760) Importer(815301076,1909f56bfc062723c751e8b465ee728b)  -> (artifact id: '7974d05d015400afb7257ac6f0c47d95') in 0.002818 seconds
Number of updated asset objects reloaded before import = 0
Number of asset objects unloaded after import = 0
========================================================================
Received Prepare
Begin MonoManager ReloadAssembly
- Loaded All Assemblies, in  1.150 seconds
Refreshing native plugins compatible for Editor in 5.23 ms, found 1 plugins.
Native extension for WindowsStandalone target not found
Native extension for WebGL target not found
Mono: successfully reloaded assembly
- Finished resetting the current domain, in  1.133 seconds
Domain Reload Profiling: 2276ms
	BeginReloadAssembly (381ms)
		ExecutionOrderSort (0ms)
		DisableScriptedObjects (32ms)
		BackupInstance (0ms)
		ReleaseScriptingObjects (0ms)
		CreateAndSetChildDomain (55ms)
	RebuildCommonClasses (77ms)
	RebuildNativeTypeToScriptingClass (27ms)
	initialDomainReloadingComplete (61ms)
	LoadAllAssembliesAndSetupDomain (597ms)
		LoadAssemblies (504ms)
		RebuildTransferFunctionScriptingTraits (0ms)
		AnalyzeDomain (313ms)
			TypeCache.Refresh (304ms)
				TypeCache.ScanAssembly (286ms)
			ScanForSourceGeneratedMonoScriptInfo (3ms)
			ResolveRequiredComponents (6ms)
	FinalizeReload (1134ms)
		ReleaseScriptCaches (0ms)
		RebuildScriptCaches (0ms)
		SetupLoadedEditorAssemblies (551ms)
			LogAssemblyErrors (0ms)
			InitializePlatformSupportModulesInManaged (16ms)
			SetLoadedEditorAssemblies (7ms)
			RefreshPlugins (0ms)
			BeforeProcessingInitializeOnLoad (109ms)
			ProcessInitializeOnLoadAttributes (336ms)
			ProcessInitializeOnLoadMethodAttributes (67ms)
			AfterProcessingInitializeOnLoad (16ms)
			EditorAssembliesLoaded (0ms)
		ExecutionOrderSort2 (0ms)
		AwakeInstancesAfterBackupRestoration (28ms)
Refreshing native plugins compatible for Editor in 4.63 ms, found 1 plugins.
Preloading 0 native plugins for Editor in 0.00 ms.
Unloading 1739 Unused Serialized files (Serialized files now loaded: 0)
Unloading 19 unused Assets / (99.3 KB). Loaded Objects now: 3017.
Memory consumption went from 86.9 MB to 86.8 MB.
Total: 5.808200 ms (FindLiveObjects: 0.553300 ms CreateObjectMapping: 0.207200 ms MarkObjects: 4.947000 ms  DeleteObjects: 0.098900 ms)

Prepare: number of updated asset objects reloaded= 0
AssetImportParameters requested are different than current active one (requested -> active):
  custom:video-decoder-webm-vp8: 9c59270c3fd7afecdb556c50c9e8de78 -> 
  custom:container-demuxer-ogg: 62fdf1f143b41e24485cea50d1cbac27 -> 
  custom:AudioImporter_EditorPlatform: d09bf68614088b80899f8185d706f6e7 -> 
  custom:video-codec-MediaFoundation-h265: 746d11721c4dcdbdad8f713fa42b33f4 -> 
  custom:video-decoder-ogg-theora: a1e56fd34408186e4bbccfd4996cb3dc -> 
  custom:framework-win-MediaFoundation: 216162199b28c13a410421893ffa2e32 -> 
  custom:video-encoder-webm-vp8: eb34c28f22e8b96e1ab97ce403110664 -> 
  custom:audio-decoder-ogg-vorbis: bf7c407c2cedff20999df2af8eb42d56 -> 
  custom:container-demuxer-webm: 4f35f7cbe854078d1ac9338744f61a02 -> 
  custom:audio-encoder-webm-vorbis: bf7c407c2cedff20999df2af8eb42d56 -> 
  custom:container-muxer-webm: aa71ff27fc2769a1b78a27578f13a17b -> 
========================================================================
Received Prepare
Begin MonoManager ReloadAssembly
- Loaded All Assemblies, in  1.054 seconds
Refreshing native plugins compatible for Editor in 4.11 ms, found 1 plugins.
Native extension for WindowsStandalone target not found
Native extension for WebGL target not found
Mono: successfully reloaded assembly
- Finished resetting the current domain, in  1.043 seconds
Domain Reload Profiling: 2081ms
	BeginReloadAssembly (228ms)
		ExecutionOrderSort (0ms)
		DisableScriptedObjects (21ms)
		BackupInstance (0ms)
		ReleaseScriptingObjects (0ms)
		CreateAndSetChildDomain (39ms)
	RebuildCommonClasses (71ms)
	RebuildNativeTypeToScriptingClass (26ms)
	initialDomainReloadingComplete (72ms)
	LoadAllAssembliesAndSetupDomain (640ms)
		LoadAssemblies (474ms)
		RebuildTransferFunctionScriptingTraits (0ms)
		AnalyzeDomain (275ms)
			TypeCache.Refresh (270ms)
				TypeCache.ScanAssembly (254ms)
			ScanForSourceGeneratedMonoScriptInfo (0ms)
			ResolveRequiredComponents (6ms)
	FinalizeReload (1044ms)
		ReleaseScriptCaches (0ms)
		RebuildScriptCaches (0ms)
		SetupLoadedEditorAssemblies (476ms)
			LogAssemblyErrors (0ms)
			InitializePlatformSupportModulesInManaged (20ms)
			SetLoadedEditorAssemblies (6ms)
			RefreshPlugins (0ms)
			BeforeProcessingInitializeOnLoad (110ms)
			ProcessInitializeOnLoadAttributes (277ms)
			ProcessInitializeOnLoadMethodAttributes (46ms)
			AfterProcessingInitializeOnLoad (16ms)
			EditorAssembliesLoaded (0ms)
		ExecutionOrderSort2 (0ms)
		AwakeInstancesAfterBackupRestoration (20ms)
Refreshing native plugins compatible for Editor in 4.82 ms, found 1 plugins.
Preloading 0 native plugins for Editor in 0.00 ms.
Unloading 1740 Unused Serialized files (Serialized files now loaded: 0)
Unloading 19 unused Assets / (99.2 KB). Loaded Objects now: 3033.
Memory consumption went from 87.2 MB to 87.1 MB.
Total: 6.718400 ms (FindLiveObjects: 0.424200 ms CreateObjectMapping: 0.251700 ms MarkObjects: 5.850800 ms  DeleteObjects: 0.189200 ms)

Prepare: number of updated asset objects reloaded= 0
AssetImportParameters requested are different than current active one (requested -> active):
  custom:video-decoder-webm-vp8: 9c59270c3fd7afecdb556c50c9e8de78 -> 
  custom:container-demuxer-ogg: 62fdf1f143b41e24485cea50d1cbac27 -> 
  custom:AudioImporter_EditorPlatform: d09bf68614088b80899f8185d706f6e7 -> 
  custom:video-codec-MediaFoundation-h265: 746d11721c4dcdbdad8f713fa42b33f4 -> 
  custom:video-decoder-ogg-theora: a1e56fd34408186e4bbccfd4996cb3dc -> 
  custom:framework-win-MediaFoundation: 216162199b28c13a410421893ffa2e32 -> 
  custom:video-encoder-webm-vp8: eb34c28f22e8b96e1ab97ce403110664 -> 
  custom:audio-decoder-ogg-vorbis: bf7c407c2cedff20999df2af8eb42d56 -> 
  custom:container-demuxer-webm: 4f35f7cbe854078d1ac9338744f61a02 -> 
  custom:audio-encoder-webm-vorbis: bf7c407c2cedff20999df2af8eb42d56 -> 
  custom:container-muxer-webm: aa71ff27fc2769a1b78a27578f13a17b -> 
========================================================================
Received Import Request.
  Time since last request: 268.332535 seconds.
  path: Assets/Scripts/Questions.cs
  artifactKey: Guid(3cf9c09ae821db2448fd759b0f654760) Importer(815301076,1909f56bfc062723c751e8b465ee728b)
Start importing Assets/Scripts/Questions.cs using Guid(3cf9c09ae821db2448fd759b0f654760) Importer(815301076,1909f56bfc062723c751e8b465ee728b)  -> (artifact id: '0fe35e8c0c00258bf5f46d03aa65f706') in 0.003018 seconds
Number of updated asset objects reloaded before import = 0
Number of asset objects unloaded after import = 0
========================================================================
Received Prepare
Begin MonoManager ReloadAssembly
- Loaded All Assemblies, in  1.022 seconds
Refreshing native plugins compatible for Editor in 5.29 ms, found 1 plugins.
Native extension for WindowsStandalone target not found
Native extension for WebGL target not found
Mono: successfully reloaded assembly
- Finished resetting the current domain, in  1.179 seconds
Domain Reload Profiling: 2193ms
	BeginReloadAssembly (257ms)
		ExecutionOrderSort (0ms)
		DisableScriptedObjects (20ms)
		BackupInstance (0ms)
		ReleaseScriptingObjects (0ms)
		CreateAndSetChildDomain (48ms)
	RebuildCommonClasses (73ms)
	RebuildNativeTypeToScriptingClass (28ms)
	initialDomainReloadingComplete (62ms)
	LoadAllAssembliesAndSetupDomain (593ms)
		LoadAssemblies (393ms)
		RebuildTransferFunctionScriptingTraits (0ms)
		AnalyzeDomain (324ms)
			TypeCache.Refresh (315ms)
				TypeCache.ScanAssembly (297ms)
			ScanForSourceGeneratedMonoScriptInfo (3ms)
			ResolveRequiredComponents (6ms)
	FinalizeReload (1179ms)
		ReleaseScriptCaches (0ms)
		RebuildScriptCaches (0ms)
		SetupLoadedEditorAssemblies (619ms)
			LogAssemblyErrors (0ms)
			InitializePlatformSupportModulesInManaged (15ms)
			SetLoadedEditorAssemblies (7ms)
			RefreshPlugins (0ms)
			BeforeProcessingInitializeOnLoad (107ms)
			ProcessInitializeOnLoadAttributes (416ms)
			ProcessInitializeOnLoadMethodAttributes (56ms)
			AfterProcessingInitializeOnLoad (17ms)
			EditorAssembliesLoaded (0ms)
		ExecutionOrderSort2 (0ms)
		AwakeInstancesAfterBackupRestoration (23ms)
Refreshing native plugins compatible for Editor in 3.85 ms, found 1 plugins.
Preloading 0 native plugins for Editor in 0.00 ms.
Unloading 1739 Unused Serialized files (Serialized files now loaded: 0)
Unloading 19 unused Assets / (99.2 KB). Loaded Objects now: 3049.
Memory consumption went from 86.9 MB to 86.8 MB.
Total: 4.505600 ms (FindLiveObjects: 0.440100 ms CreateObjectMapping: 0.101000 ms MarkObjects: 3.876000 ms  DeleteObjects: 0.086500 ms)

Prepare: number of updated asset objects reloaded= 0
AssetImportParameters requested are different than current active one (requested -> active):
  custom:video-decoder-webm-vp8: 9c59270c3fd7afecdb556c50c9e8de78 -> 
  custom:container-demuxer-ogg: 62fdf1f143b41e24485cea50d1cbac27 -> 
  custom:AudioImporter_EditorPlatform: d09bf68614088b80899f8185d706f6e7 -> 
  custom:video-codec-MediaFoundation-h265: 746d11721c4dcdbdad8f713fa42b33f4 -> 
  custom:video-decoder-ogg-theora: a1e56fd34408186e4bbccfd4996cb3dc -> 
  custom:framework-win-MediaFoundation: 216162199b28c13a410421893ffa2e32 -> 
  custom:video-encoder-webm-vp8: eb34c28f22e8b96e1ab97ce403110664 -> 
  custom:audio-decoder-ogg-vorbis: bf7c407c2cedff20999df2af8eb42d56 -> 
  custom:container-demuxer-webm: 4f35f7cbe854078d1ac9338744f61a02 -> 
  custom:audio-encoder-webm-vorbis: bf7c407c2cedff20999df2af8eb42d56 -> 
  custom:container-muxer-webm: aa71ff27fc2769a1b78a27578f13a17b -> 
========================================================================
Received Prepare
Begin MonoManager ReloadAssembly
- Loaded All Assemblies, in  1.034 seconds
Refreshing native plugins compatible for Editor in 9.64 ms, found 1 plugins.
Native extension for WindowsStandalone target not found
Native extension for WebGL target not found
Mono: successfully reloaded assembly
- Finished resetting the current domain, in  1.093 seconds
Domain Reload Profiling: 2120ms
	BeginReloadAssembly (242ms)
		ExecutionOrderSort (0ms)
		DisableScriptedObjects (24ms)
		BackupInstance (0ms)
		ReleaseScriptingObjects (0ms)
		CreateAndSetChildDomain (45ms)
	RebuildCommonClasses (67ms)
	RebuildNativeTypeToScriptingClass (18ms)
	initialDomainReloadingComplete (64ms)
	LoadAllAssembliesAndSetupDomain (636ms)
		LoadAssemblies (357ms)
		RebuildTransferFunctionScriptingTraits (0ms)
		AnalyzeDomain (388ms)
			TypeCache.Refresh (349ms)
				TypeCache.ScanAssembly (295ms)
			ScanForSourceGeneratedMonoScriptInfo (0ms)
			ResolveRequiredComponents (39ms)
	FinalizeReload (1094ms)
		ReleaseScriptCaches (0ms)
		RebuildScriptCaches (0ms)
		SetupLoadedEditorAssemblies (479ms)
			LogAssemblyErrors (0ms)
			InitializePlatformSupportModulesInManaged (18ms)
			SetLoadedEditorAssemblies (7ms)
			RefreshPlugins (0ms)
			BeforeProcessingInitializeOnLoad (98ms)
			ProcessInitializeOnLoadAttributes (294ms)
			ProcessInitializeOnLoadMethodAttributes (48ms)
			AfterProcessingInitializeOnLoad (14ms)
			EditorAssembliesLoaded (0ms)
		ExecutionOrderSort2 (0ms)
		AwakeInstancesAfterBackupRestoration (26ms)
Refreshing native plugins compatible for Editor in 6.81 ms, found 1 plugins.
Preloading 0 native plugins for Editor in 0.00 ms.
Unloading 1740 Unused Serialized files (Serialized files now loaded: 0)
Unloading 19 unused Assets / (99.2 KB). Loaded Objects now: 3065.
Memory consumption went from 87.2 MB to 87.1 MB.
Total: 7.804200 ms (FindLiveObjects: 0.467500 ms CreateObjectMapping: 0.328100 ms MarkObjects: 6.880700 ms  DeleteObjects: 0.125900 ms)

Prepare: number of updated asset objects reloaded= 0
AssetImportParameters requested are different than current active one (requested -> active):
  custom:video-decoder-webm-vp8: 9c59270c3fd7afecdb556c50c9e8de78 -> 
  custom:container-demuxer-ogg: 62fdf1f143b41e24485cea50d1cbac27 -> 
  custom:AudioImporter_EditorPlatform: d09bf68614088b80899f8185d706f6e7 -> 
  custom:video-codec-MediaFoundation-h265: 746d11721c4dcdbdad8f713fa42b33f4 -> 
  custom:video-decoder-ogg-theora: a1e56fd34408186e4bbccfd4996cb3dc -> 
  custom:framework-win-MediaFoundation: 216162199b28c13a410421893ffa2e32 -> 
  custom:video-encoder-webm-vp8: eb34c28f22e8b96e1ab97ce403110664 -> 
  custom:audio-decoder-ogg-vorbis: bf7c407c2cedff20999df2af8eb42d56 -> 
  custom:container-demuxer-webm: 4f35f7cbe854078d1ac9338744f61a02 -> 
  custom:audio-encoder-webm-vorbis: bf7c407c2cedff20999df2af8eb42d56 -> 
  custom:container-muxer-webm: aa71ff27fc2769a1b78a27578f13a17b -> 
========================================================================
Received Prepare
Begin MonoManager ReloadAssembly
- Loaded All Assemblies, in  0.933 seconds
Refreshing native plugins compatible for Editor in 7.25 ms, found 1 plugins.
Native extension for WindowsStandalone target not found
Native extension for WebGL target not found
Mono: successfully reloaded assembly
- Finished resetting the current domain, in  1.204 seconds
Domain Reload Profiling: 2130ms
	BeginReloadAssembly (235ms)
		ExecutionOrderSort (0ms)
		DisableScriptedObjects (21ms)
		BackupInstance (0ms)
		ReleaseScriptingObjects (0ms)
		CreateAndSetChildDomain (36ms)
	RebuildCommonClasses (60ms)
	RebuildNativeTypeToScriptingClass (23ms)
	initialDomainReloadingComplete (51ms)
	LoadAllAssembliesAndSetupDomain (556ms)
		LoadAssemblies (364ms)
		RebuildTransferFunctionScriptingTraits (0ms)
		AnalyzeDomain (304ms)
			TypeCache.Refresh (295ms)
				TypeCache.ScanAssembly (263ms)
			ScanForSourceGeneratedMonoScriptInfo (0ms)
			ResolveRequiredComponents (9ms)
	FinalizeReload (1205ms)
		ReleaseScriptCaches (0ms)
		RebuildScriptCaches (0ms)
		SetupLoadedEditorAssemblies (525ms)
			LogAssemblyErrors (0ms)
			InitializePlatformSupportModulesInManaged (15ms)
			SetLoadedEditorAssemblies (7ms)
			RefreshPlugins (0ms)
			BeforeProcessingInitializeOnLoad (117ms)
			ProcessInitializeOnLoadAttributes (304ms)
			ProcessInitializeOnLoadMethodAttributes (58ms)
			AfterProcessingInitializeOnLoad (25ms)
			EditorAssembliesLoaded (0ms)
		ExecutionOrderSort2 (0ms)
		AwakeInstancesAfterBackupRestoration (21ms)
Refreshing native plugins compatible for Editor in 6.80 ms, found 1 plugins.
Preloading 0 native plugins for Editor in 0.00 ms.
Unloading 1740 Unused Serialized files (Serialized files now loaded: 0)
Unloading 19 unused Assets / (99.1 KB). Loaded Objects now: 3081.
Memory consumption went from 87.2 MB to 87.1 MB.
Total: 8.984700 ms (FindLiveObjects: 0.809400 ms CreateObjectMapping: 0.311900 ms MarkObjects: 7.623800 ms  DeleteObjects: 0.237800 ms)

Prepare: number of updated asset objects reloaded= 0
AssetImportParameters requested are different than current active one (requested -> active):
  custom:video-decoder-webm-vp8: 9c59270c3fd7afecdb556c50c9e8de78 -> 
  custom:container-demuxer-ogg: 62fdf1f143b41e24485cea50d1cbac27 -> 
  custom:AudioImporter_EditorPlatform: d09bf68614088b80899f8185d706f6e7 -> 
  custom:video-codec-MediaFoundation-h265: 746d11721c4dcdbdad8f713fa42b33f4 -> 
  custom:video-decoder-ogg-theora: a1e56fd34408186e4bbccfd4996cb3dc -> 
  custom:framework-win-MediaFoundation: 216162199b28c13a410421893ffa2e32 -> 
  custom:video-encoder-webm-vp8: eb34c28f22e8b96e1ab97ce403110664 -> 
  custom:audio-decoder-ogg-vorbis: bf7c407c2cedff20999df2af8eb42d56 -> 
  custom:container-demuxer-webm: 4f35f7cbe854078d1ac9338744f61a02 -> 
  custom:audio-encoder-webm-vorbis: bf7c407c2cedff20999df2af8eb42d56 -> 
  custom:container-muxer-webm: aa71ff27fc2769a1b78a27578f13a17b -> 
========================================================================
Received Prepare
Begin MonoManager ReloadAssembly
- Loaded All Assemblies, in  1.028 seconds
Refreshing native plugins compatible for Editor in 4.80 ms, found 1 plugins.
Native extension for WindowsStandalone target not found
Native extension for WebGL target not found
Mono: successfully reloaded assembly
- Finished resetting the current domain, in  1.282 seconds
Domain Reload Profiling: 2303ms
	BeginReloadAssembly (244ms)
		ExecutionOrderSort (0ms)
		DisableScriptedObjects (23ms)
		BackupInstance (0ms)
		ReleaseScriptingObjects (0ms)
		CreateAndSetChildDomain (38ms)
	RebuildCommonClasses (64ms)
	RebuildNativeTypeToScriptingClass (16ms)
	initialDomainReloadingComplete (56ms)
	LoadAllAssembliesAndSetupDomain (640ms)
		LoadAssemblies (399ms)
		RebuildTransferFunctionScriptingTraits (0ms)
		AnalyzeDomain (363ms)
			TypeCache.Refresh (353ms)
				TypeCache.ScanAssembly (333ms)
			ScanForSourceGeneratedMonoScriptInfo (3ms)
			ResolveRequiredComponents (7ms)
	FinalizeReload (1283ms)
		ReleaseScriptCaches (0ms)
		RebuildScriptCaches (0ms)
		SetupLoadedEditorAssemblies (720ms)
			LogAssemblyErrors (0ms)
			InitializePlatformSupportModulesInManaged (18ms)
			SetLoadedEditorAssemblies (9ms)
			RefreshPlugins (0ms)
			BeforeProcessingInitializeOnLoad (125ms)
			ProcessInitializeOnLoadAttributes (485ms)
			ProcessInitializeOnLoadMethodAttributes (68ms)
			AfterProcessingInitializeOnLoad (15ms)
			EditorAssembliesLoaded (0ms)
		ExecutionOrderSort2 (0ms)
		AwakeInstancesAfterBackupRestoration (21ms)
Refreshing native plugins compatible for Editor in 5.94 ms, found 1 plugins.
Preloading 0 native plugins for Editor in 0.00 ms.
Unloading 1740 Unused Serialized files (Serialized files now loaded: 0)
Unloading 19 unused Assets / (99.2 KB). Loaded Objects now: 3097.
Memory consumption went from 87.2 MB to 87.1 MB.
Total: 5.906600 ms (FindLiveObjects: 0.412900 ms CreateObjectMapping: 0.236900 ms MarkObjects: 5.134300 ms  DeleteObjects: 0.120800 ms)

Prepare: number of updated asset objects reloaded= 0
AssetImportParameters requested are different than current active one (requested -> active):
  custom:video-decoder-webm-vp8: 9c59270c3fd7afecdb556c50c9e8de78 -> 
  custom:container-demuxer-ogg: 62fdf1f143b41e24485cea50d1cbac27 -> 
  custom:AudioImporter_EditorPlatform: d09bf68614088b80899f8185d706f6e7 -> 
  custom:video-codec-MediaFoundation-h265: 746d11721c4dcdbdad8f713fa42b33f4 -> 
  custom:video-decoder-ogg-theora: a1e56fd34408186e4bbccfd4996cb3dc -> 
  custom:framework-win-MediaFoundation: 216162199b28c13a410421893ffa2e32 -> 
  custom:video-encoder-webm-vp8: eb34c28f22e8b96e1ab97ce403110664 -> 
  custom:audio-decoder-ogg-vorbis: bf7c407c2cedff20999df2af8eb42d56 -> 
  custom:container-demuxer-webm: 4f35f7cbe854078d1ac9338744f61a02 -> 
  custom:audio-encoder-webm-vorbis: bf7c407c2cedff20999df2af8eb42d56 -> 
  custom:container-muxer-webm: aa71ff27fc2769a1b78a27578f13a17b -> 
========================================================================
Received Prepare
Begin MonoManager ReloadAssembly
- Loaded All Assemblies, in  1.028 seconds
Refreshing native plugins compatible for Editor in 5.07 ms, found 1 plugins.
Native extension for WindowsStandalone target not found
Native extension for WebGL target not found
Mono: successfully reloaded assembly
- Finished resetting the current domain, in  1.095 seconds
Domain Reload Profiling: 2118ms
	BeginReloadAssembly (238ms)
		ExecutionOrderSort (0ms)
		DisableScriptedObjects (25ms)
		BackupInstance (0ms)
		ReleaseScriptingObjects (0ms)
		CreateAndSetChildDomain (42ms)
	RebuildCommonClasses (63ms)
	RebuildNativeTypeToScriptingClass (18ms)
	initialDomainReloadingComplete (57ms)
	LoadAllAssembliesAndSetupDomain (646ms)
		LoadAssemblies (368ms)
		RebuildTransferFunctionScriptingTraits (0ms)
		AnalyzeDomain (386ms)
			TypeCache.Refresh (378ms)
				TypeCache.ScanAssembly (356ms)
			ScanForSourceGeneratedMonoScriptInfo (0ms)
			ResolveRequiredComponents (8ms)
	FinalizeReload (1096ms)
		ReleaseScriptCaches (0ms)
		RebuildScriptCaches (0ms)
		SetupLoadedEditorAssemblies (505ms)
			LogAssemblyErrors (0ms)
			InitializePlatformSupportModulesInManaged (15ms)
			SetLoadedEditorAssemblies (9ms)
			RefreshPlugins (0ms)
			BeforeProcessingInitializeOnLoad (115ms)
			ProcessInitializeOnLoadAttributes (301ms)
			ProcessInitializeOnLoadMethodAttributes (46ms)
			AfterProcessingInitializeOnLoad (19ms)
			EditorAssembliesLoaded (0ms)
		ExecutionOrderSort2 (0ms)
		AwakeInstancesAfterBackupRestoration (23ms)
Refreshing native plugins compatible for Editor in 6.78 ms, found 1 plugins.
Preloading 0 native plugins for Editor in 0.00 ms.
Unloading 1740 Unused Serialized files (Serialized files now loaded: 0)
Unloading 19 unused Assets / (99.2 KB). Loaded Objects now: 3113.
Memory consumption went from 87.2 MB to 87.1 MB.
Total: 7.721700 ms (FindLiveObjects: 0.846700 ms CreateObjectMapping: 0.576300 ms MarkObjects: 6.053500 ms  DeleteObjects: 0.242000 ms)

Prepare: number of updated asset objects reloaded= 0
AssetImportParameters requested are different than current active one (requested -> active):
  custom:video-decoder-webm-vp8: 9c59270c3fd7afecdb556c50c9e8de78 -> 
  custom:container-demuxer-ogg: 62fdf1f143b41e24485cea50d1cbac27 -> 
  custom:AudioImporter_EditorPlatform: d09bf68614088b80899f8185d706f6e7 -> 
  custom:video-codec-MediaFoundation-h265: 746d11721c4dcdbdad8f713fa42b33f4 -> 
  custom:video-decoder-ogg-theora: a1e56fd34408186e4bbccfd4996cb3dc -> 
  custom:framework-win-MediaFoundation: 216162199b28c13a410421893ffa2e32 -> 
  custom:video-encoder-webm-vp8: eb34c28f22e8b96e1ab97ce403110664 -> 
  custom:audio-decoder-ogg-vorbis: bf7c407c2cedff20999df2af8eb42d56 -> 
  custom:container-demuxer-webm: 4f35f7cbe854078d1ac9338744f61a02 -> 
  custom:audio-encoder-webm-vorbis: bf7c407c2cedff20999df2af8eb42d56 -> 
  custom:container-muxer-webm: aa71ff27fc2769a1b78a27578f13a17b -> 
========================================================================
Received Prepare
Begin MonoManager ReloadAssembly
- Loaded All Assemblies, in  1.016 seconds
Refreshing native plugins compatible for Editor in 3.60 ms, found 1 plugins.
Native extension for WindowsStandalone target not found
Native extension for WebGL target not found
Mono: successfully reloaded assembly
- Finished resetting the current domain, in  1.556 seconds
Domain Reload Profiling: 2564ms
	BeginReloadAssembly (254ms)
		ExecutionOrderSort (0ms)
		DisableScriptedObjects (20ms)
		BackupInstance (0ms)
		ReleaseScriptingObjects (0ms)
		CreateAndSetChildDomain (49ms)
	RebuildCommonClasses (71ms)
	RebuildNativeTypeToScriptingClass (24ms)
	initialDomainReloadingComplete (54ms)
	LoadAllAssembliesAndSetupDomain (603ms)
		LoadAssemblies (417ms)
		RebuildTransferFunctionScriptingTraits (0ms)
		AnalyzeDomain (308ms)
			TypeCache.Refresh (300ms)
				TypeCache.ScanAssembly (277ms)
			ScanForSourceGeneratedMonoScriptInfo (2ms)
			ResolveRequiredComponents (6ms)
	FinalizeReload (1557ms)
		ReleaseScriptCaches (0ms)
		RebuildScriptCaches (0ms)
		SetupLoadedEditorAssemblies (559ms)
			LogAssemblyErrors (0ms)
			InitializePlatformSupportModulesInManaged (18ms)
			SetLoadedEditorAssemblies (8ms)
			RefreshPlugins (0ms)
			BeforeProcessingInitializeOnLoad (143ms)
			ProcessInitializeOnLoadAttributes (325ms)
			ProcessInitializeOnLoadMethodAttributes (49ms)
			AfterProcessingInitializeOnLoad (15ms)
			EditorAssembliesLoaded (0ms)
		ExecutionOrderSort2 (0ms)
		AwakeInstancesAfterBackupRestoration (19ms)
Refreshing native plugins compatible for Editor in 4.66 ms, found 1 plugins.
Preloading 0 native plugins for Editor in 0.00 ms.
Unloading 1740 Unused Serialized files (Serialized files now loaded: 0)
Unloading 19 unused Assets / (99.2 KB). Loaded Objects now: 3129.
Memory consumption went from 87.2 MB to 87.1 MB.
Total: 4.505400 ms (FindLiveObjects: 0.423800 ms CreateObjectMapping: 0.134600 ms MarkObjects: 3.862100 ms  DeleteObjects: 0.083500 ms)

Prepare: number of updated asset objects reloaded= 0
AssetImportParameters requested are different than current active one (requested -> active):
  custom:video-decoder-webm-vp8: 9c59270c3fd7afecdb556c50c9e8de78 -> 
  custom:container-demuxer-ogg: 62fdf1f143b41e24485cea50d1cbac27 -> 
  custom:AudioImporter_EditorPlatform: d09bf68614088b80899f8185d706f6e7 -> 
  custom:video-codec-MediaFoundation-h265: 746d11721c4dcdbdad8f713fa42b33f4 -> 
  custom:video-decoder-ogg-theora: a1e56fd34408186e4bbccfd4996cb3dc -> 
  custom:framework-win-MediaFoundation: 216162199b28c13a410421893ffa2e32 -> 
  custom:video-encoder-webm-vp8: eb34c28f22e8b96e1ab97ce403110664 -> 
  custom:audio-decoder-ogg-vorbis: bf7c407c2cedff20999df2af8eb42d56 -> 
  custom:container-demuxer-webm: 4f35f7cbe854078d1ac9338744f61a02 -> 
  custom:audio-encoder-webm-vorbis: bf7c407c2cedff20999df2af8eb42d56 -> 
  custom:container-muxer-webm: aa71ff27fc2769a1b78a27578f13a17b -> 
========================================================================
Received Prepare
Begin MonoManager ReloadAssembly
- Loaded All Assemblies, in  0.936 seconds
Refreshing native plugins compatible for Editor in 3.95 ms, found 1 plugins.
Native extension for WindowsStandalone target not found
Native extension for WebGL target not found
Mono: successfully reloaded assembly
- Finished resetting the current domain, in  1.109 seconds
Domain Reload Profiling: 2040ms
	BeginReloadAssembly (244ms)
		ExecutionOrderSort (0ms)
		DisableScriptedObjects (26ms)
		BackupInstance (0ms)
		ReleaseScriptingObjects (0ms)
		CreateAndSetChildDomain (40ms)
	RebuildCommonClasses (64ms)
	RebuildNativeTypeToScriptingClass (20ms)
	initialDomainReloadingComplete (52ms)
	LoadAllAssembliesAndSetupDomain (551ms)
		LoadAssemblies (367ms)
		RebuildTransferFunctionScriptingTraits (0ms)
		AnalyzeDomain (295ms)
			TypeCache.Refresh (289ms)
				TypeCache.ScanAssembly (271ms)
			ScanForSourceGeneratedMonoScriptInfo (0ms)
			ResolveRequiredComponents (6ms)
	FinalizeReload (1110ms)
		ReleaseScriptCaches (0ms)
		RebuildScriptCaches (0ms)
		SetupLoadedEditorAssemblies (534ms)
			LogAssemblyErrors (0ms)
			InitializePlatformSupportModulesInManaged (18ms)
			SetLoadedEditorAssemblies (12ms)
			RefreshPlugins (0ms)
			BeforeProcessingInitializeOnLoad (123ms)
			ProcessInitializeOnLoadAttributes (310ms)
			ProcessInitializeOnLoadMethodAttributes (56ms)
			AfterProcessingInitializeOnLoad (16ms)
			EditorAssembliesLoaded (0ms)
		ExecutionOrderSort2 (0ms)
		AwakeInstancesAfterBackupRestoration (22ms)
Refreshing native plugins compatible for Editor in 4.79 ms, found 1 plugins.
Preloading 0 native plugins for Editor in 0.00 ms.
Unloading 1740 Unused Serialized files (Serialized files now loaded: 0)
Unloading 19 unused Assets / (99.3 KB). Loaded Objects now: 3145.
Memory consumption went from 87.2 MB to 87.1 MB.
Total: 5.773800 ms (FindLiveObjects: 0.590200 ms CreateObjectMapping: 0.108600 ms MarkObjects: 4.989800 ms  DeleteObjects: 0.082500 ms)

Prepare: number of updated asset objects reloaded= 0
AssetImportParameters requested are different than current active one (requested -> active):
  custom:video-decoder-webm-vp8: 9c59270c3fd7afecdb556c50c9e8de78 -> 
  custom:container-demuxer-ogg: 62fdf1f143b41e24485cea50d1cbac27 -> 
  custom:AudioImporter_EditorPlatform: d09bf68614088b80899f8185d706f6e7 -> 
  custom:video-codec-MediaFoundation-h265: 746d11721c4dcdbdad8f713fa42b33f4 -> 
  custom:video-decoder-ogg-theora: a1e56fd34408186e4bbccfd4996cb3dc -> 
  custom:framework-win-MediaFoundation: 216162199b28c13a410421893ffa2e32 -> 
  custom:video-encoder-webm-vp8: eb34c28f22e8b96e1ab97ce403110664 -> 
  custom:audio-decoder-ogg-vorbis: bf7c407c2cedff20999df2af8eb42d56 -> 
  custom:container-demuxer-webm: 4f35f7cbe854078d1ac9338744f61a02 -> 
  custom:audio-encoder-webm-vorbis: bf7c407c2cedff20999df2af8eb42d56 -> 
  custom:container-muxer-webm: aa71ff27fc2769a1b78a27578f13a17b -> 
========================================================================
Received Prepare
Begin MonoManager ReloadAssembly
- Loaded All Assemblies, in  0.998 seconds
Refreshing native plugins compatible for Editor in 5.34 ms, found 1 plugins.
Native extension for WindowsStandalone target not found
Native extension for WebGL target not found
Mono: successfully reloaded assembly
- Finished resetting the current domain, in  1.256 seconds
Domain Reload Profiling: 2245ms
	BeginReloadAssembly (238ms)
		ExecutionOrderSort (0ms)
		DisableScriptedObjects (22ms)
		BackupInstance (0ms)
		ReleaseScriptingObjects (0ms)
		CreateAndSetChildDomain (46ms)
	RebuildCommonClasses (74ms)
	RebuildNativeTypeToScriptingClass (20ms)
	initialDomainReloadingComplete (69ms)
	LoadAllAssembliesAndSetupDomain (587ms)
		LoadAssemblies (383ms)
		RebuildTransferFunctionScriptingTraits (0ms)
		AnalyzeDomain (314ms)
			TypeCache.Refresh (305ms)
				TypeCache.ScanAssembly (286ms)
			ScanForSourceGeneratedMonoScriptInfo (3ms)
			ResolveRequiredComponents (7ms)
	FinalizeReload (1257ms)
		ReleaseScriptCaches (0ms)
		RebuildScriptCaches (0ms)
		SetupLoadedEditorAssemblies (578ms)
			LogAssemblyErrors (0ms)
			InitializePlatformSupportModulesInManaged (16ms)
			SetLoadedEditorAssemblies (7ms)
			RefreshPlugins (0ms)
			BeforeProcessingInitializeOnLoad (118ms)
			ProcessInitializeOnLoadAttributes (349ms)
			ProcessInitializeOnLoadMethodAttributes (71ms)
			AfterProcessingInitializeOnLoad (16ms)
			EditorAssembliesLoaded (0ms)
		ExecutionOrderSort2 (0ms)
		AwakeInstancesAfterBackupRestoration (27ms)
Refreshing native plugins compatible for Editor in 5.40 ms, found 1 plugins.
Preloading 0 native plugins for Editor in 0.00 ms.
Unloading 1740 Unused Serialized files (Serialized files now loaded: 0)
Unloading 19 unused Assets / (99.2 KB). Loaded Objects now: 3161.
Memory consumption went from 87.3 MB to 87.2 MB.
Total: 4.858300 ms (FindLiveObjects: 0.440100 ms CreateObjectMapping: 0.086900 ms MarkObjects: 4.235800 ms  DeleteObjects: 0.093600 ms)

Prepare: number of updated asset objects reloaded= 0
AssetImportParameters requested are different than current active one (requested -> active):
  custom:video-decoder-webm-vp8: 9c59270c3fd7afecdb556c50c9e8de78 -> 
  custom:container-demuxer-ogg: 62fdf1f143b41e24485cea50d1cbac27 -> 
  custom:AudioImporter_EditorPlatform: d09bf68614088b80899f8185d706f6e7 -> 
  custom:video-codec-MediaFoundation-h265: 746d11721c4dcdbdad8f713fa42b33f4 -> 
  custom:video-decoder-ogg-theora: a1e56fd34408186e4bbccfd4996cb3dc -> 
  custom:framework-win-MediaFoundation: 216162199b28c13a410421893ffa2e32 -> 
  custom:video-encoder-webm-vp8: eb34c28f22e8b96e1ab97ce403110664 -> 
  custom:audio-decoder-ogg-vorbis: bf7c407c2cedff20999df2af8eb42d56 -> 
  custom:container-demuxer-webm: 4f35f7cbe854078d1ac9338744f61a02 -> 
  custom:audio-encoder-webm-vorbis: bf7c407c2cedff20999df2af8eb42d56 -> 
  custom:container-muxer-webm: aa71ff27fc2769a1b78a27578f13a17b -> 
========================================================================
Received Prepare
Begin MonoManager ReloadAssembly
- Loaded All Assemblies, in  1.024 seconds
Refreshing native plugins compatible for Editor in 4.12 ms, found 1 plugins.
Native extension for WindowsStandalone target not found
Native extension for WebGL target not found
Mono: successfully reloaded assembly
- Finished resetting the current domain, in  1.051 seconds
Domain Reload Profiling: 2068ms
	BeginReloadAssembly (257ms)
		ExecutionOrderSort (0ms)
		DisableScriptedObjects (21ms)
		BackupInstance (0ms)
		ReleaseScriptingObjects (0ms)
		CreateAndSetChildDomain (46ms)
	RebuildCommonClasses (133ms)
	RebuildNativeTypeToScriptingClass (24ms)
	initialDomainReloadingComplete (75ms)
	LoadAllAssembliesAndSetupDomain (526ms)
		LoadAssemblies (392ms)
		RebuildTransferFunctionScriptingTraits (0ms)
		AnalyzeDomain (262ms)
			TypeCache.Refresh (256ms)
				TypeCache.ScanAssembly (236ms)
			ScanForSourceGeneratedMonoScriptInfo (0ms)
			ResolveRequiredComponents (6ms)
	FinalizeReload (1052ms)
		ReleaseScriptCaches (0ms)
		RebuildScriptCaches (0ms)
		SetupLoadedEditorAssemblies (493ms)
			LogAssemblyErrors (0ms)
			InitializePlatformSupportModulesInManaged (13ms)
			SetLoadedEditorAssemblies (6ms)
			RefreshPlugins (0ms)
			BeforeProcessingInitializeOnLoad (112ms)
			ProcessInitializeOnLoadAttributes (287ms)
			ProcessInitializeOnLoadMethodAttributes (58ms)
			AfterProcessingInitializeOnLoad (16ms)
			EditorAssembliesLoaded (0ms)
		ExecutionOrderSort2 (0ms)
		AwakeInstancesAfterBackupRestoration (21ms)
Refreshing native plugins compatible for Editor in 4.83 ms, found 1 plugins.
Preloading 0 native plugins for Editor in 0.00 ms.
Unloading 1740 Unused Serialized files (Serialized files now loaded: 0)
Unloading 19 unused Assets / (99.2 KB). Loaded Objects now: 3177.
Memory consumption went from 87.3 MB to 87.2 MB.
Total: 7.849900 ms (FindLiveObjects: 0.571700 ms CreateObjectMapping: 0.193300 ms MarkObjects: 6.934700 ms  DeleteObjects: 0.148000 ms)

Prepare: number of updated asset objects reloaded= 0
AssetImportParameters requested are different than current active one (requested -> active):
  custom:video-decoder-webm-vp8: 9c59270c3fd7afecdb556c50c9e8de78 -> 
  custom:container-demuxer-ogg: 62fdf1f143b41e24485cea50d1cbac27 -> 
  custom:AudioImporter_EditorPlatform: d09bf68614088b80899f8185d706f6e7 -> 
  custom:video-codec-MediaFoundation-h265: 746d11721c4dcdbdad8f713fa42b33f4 -> 
  custom:video-decoder-ogg-theora: a1e56fd34408186e4bbccfd4996cb3dc -> 
  custom:framework-win-MediaFoundation: 216162199b28c13a410421893ffa2e32 -> 
  custom:video-encoder-webm-vp8: eb34c28f22e8b96e1ab97ce403110664 -> 
  custom:audio-decoder-ogg-vorbis: bf7c407c2cedff20999df2af8eb42d56 -> 
  custom:container-demuxer-webm: 4f35f7cbe854078d1ac9338744f61a02 -> 
  custom:audio-encoder-webm-vorbis: bf7c407c2cedff20999df2af8eb42d56 -> 
  custom:container-muxer-webm: aa71ff27fc2769a1b78a27578f13a17b -> 
========================================================================
Received Prepare
Begin MonoManager ReloadAssembly
- Loaded All Assemblies, in  0.986 seconds
Refreshing native plugins compatible for Editor in 3.77 ms, found 1 plugins.
Native extension for WindowsStandalone target not found
Native extension for WebGL target not found
Mono: successfully reloaded assembly
- Finished resetting the current domain, in  1.269 seconds
Domain Reload Profiling: 2248ms
	BeginReloadAssembly (251ms)
		ExecutionOrderSort (0ms)
		DisableScriptedObjects (23ms)
		BackupInstance (0ms)
		ReleaseScriptingObjects (0ms)
		CreateAndSetChildDomain (42ms)
	RebuildCommonClasses (64ms)
	RebuildNativeTypeToScriptingClass (17ms)
	initialDomainReloadingComplete (57ms)
	LoadAllAssembliesAndSetupDomain (589ms)
		LoadAssemblies (379ms)
		RebuildTransferFunctionScriptingTraits (0ms)
		AnalyzeDomain (327ms)
			TypeCache.Refresh (319ms)
				TypeCache.ScanAssembly (300ms)
			ScanForSourceGeneratedMonoScriptInfo (2ms)
			ResolveRequiredComponents (5ms)
	FinalizeReload (1270ms)
		ReleaseScriptCaches (0ms)
		RebuildScriptCaches (0ms)
		SetupLoadedEditorAssemblies (715ms)
			LogAssemblyErrors (0ms)
			InitializePlatformSupportModulesInManaged (16ms)
			SetLoadedEditorAssemblies (8ms)
			RefreshPlugins (0ms)
			BeforeProcessingInitializeOnLoad (182ms)
			ProcessInitializeOnLoadAttributes (427ms)
			ProcessInitializeOnLoadMethodAttributes (62ms)
			AfterProcessingInitializeOnLoad (20ms)
			EditorAssembliesLoaded (0ms)
		ExecutionOrderSort2 (0ms)
		AwakeInstancesAfterBackupRestoration (21ms)
Refreshing native plugins compatible for Editor in 6.24 ms, found 1 plugins.
Preloading 0 native plugins for Editor in 0.00 ms.
Unloading 1740 Unused Serialized files (Serialized files now loaded: 0)
Unloading 19 unused Assets / (99.2 KB). Loaded Objects now: 3193.
Memory consumption went from 87.3 MB to 87.2 MB.
Total: 7.410300 ms (FindLiveObjects: 0.457900 ms CreateObjectMapping: 0.465100 ms MarkObjects: 6.368500 ms  DeleteObjects: 0.116500 ms)

Prepare: number of updated asset objects reloaded= 0
AssetImportParameters requested are different than current active one (requested -> active):
  custom:video-decoder-webm-vp8: 9c59270c3fd7afecdb556c50c9e8de78 -> 
  custom:container-demuxer-ogg: 62fdf1f143b41e24485cea50d1cbac27 -> 
  custom:AudioImporter_EditorPlatform: d09bf68614088b80899f8185d706f6e7 -> 
  custom:video-codec-MediaFoundation-h265: 746d11721c4dcdbdad8f713fa42b33f4 -> 
  custom:video-decoder-ogg-theora: a1e56fd34408186e4bbccfd4996cb3dc -> 
  custom:framework-win-MediaFoundation: 216162199b28c13a410421893ffa2e32 -> 
  custom:video-encoder-webm-vp8: eb34c28f22e8b96e1ab97ce403110664 -> 
  custom:audio-decoder-ogg-vorbis: bf7c407c2cedff20999df2af8eb42d56 -> 
  custom:container-demuxer-webm: 4f35f7cbe854078d1ac9338744f61a02 -> 
  custom:audio-encoder-webm-vorbis: bf7c407c2cedff20999df2af8eb42d56 -> 
  custom:container-muxer-webm: aa71ff27fc2769a1b78a27578f13a17b -> 
========================================================================
Received Prepare
Begin MonoManager ReloadAssembly
- Loaded All Assemblies, in  1.014 seconds
Refreshing native plugins compatible for Editor in 5.69 ms, found 1 plugins.
Native extension for WindowsStandalone target not found
Native extension for WebGL target not found
Mono: successfully reloaded assembly
- Finished resetting the current domain, in  1.047 seconds
Domain Reload Profiling: 2056ms
	BeginReloadAssembly (234ms)
		ExecutionOrderSort (0ms)
		DisableScriptedObjects (20ms)
		BackupInstance (0ms)
		ReleaseScriptingObjects (0ms)
		CreateAndSetChildDomain (41ms)
	RebuildCommonClasses (60ms)
	RebuildNativeTypeToScriptingClass (20ms)
	initialDomainReloadingComplete (56ms)
	LoadAllAssembliesAndSetupDomain (638ms)
		LoadAssemblies (365ms)
		RebuildTransferFunctionScriptingTraits (0ms)
		AnalyzeDomain (381ms)
			TypeCache.Refresh (373ms)
				TypeCache.ScanAssembly (350ms)
			ScanForSourceGeneratedMonoScriptInfo (0ms)
			ResolveRequiredComponents (8ms)
	FinalizeReload (1048ms)
		ReleaseScriptCaches (0ms)
		RebuildScriptCaches (0ms)
		SetupLoadedEditorAssemblies (478ms)
			LogAssemblyErrors (0ms)
			InitializePlatformSupportModulesInManaged (13ms)
			SetLoadedEditorAssemblies (7ms)
			RefreshPlugins (0ms)
			BeforeProcessingInitializeOnLoad (101ms)
			ProcessInitializeOnLoadAttributes (279ms)
			ProcessInitializeOnLoadMethodAttributes (56ms)
			AfterProcessingInitializeOnLoad (20ms)
			EditorAssembliesLoaded (0ms)
		ExecutionOrderSort2 (0ms)
		AwakeInstancesAfterBackupRestoration (26ms)
Refreshing native plugins compatible for Editor in 5.43 ms, found 1 plugins.
Preloading 0 native plugins for Editor in 0.00 ms.
Unloading 1740 Unused Serialized files (Serialized files now loaded: 0)
Unloading 19 unused Assets / (99.2 KB). Loaded Objects now: 3209.
Memory consumption went from 87.3 MB to 87.2 MB.
Total: 5.457200 ms (FindLiveObjects: 0.420000 ms CreateObjectMapping: 0.107000 ms MarkObjects: 4.817200 ms  DeleteObjects: 0.111200 ms)

Prepare: number of updated asset objects reloaded= 0
AssetImportParameters requested are different than current active one (requested -> active):
  custom:video-decoder-webm-vp8: 9c59270c3fd7afecdb556c50c9e8de78 -> 
  custom:container-demuxer-ogg: 62fdf1f143b41e24485cea50d1cbac27 -> 
  custom:AudioImporter_EditorPlatform: d09bf68614088b80899f8185d706f6e7 -> 
  custom:video-codec-MediaFoundation-h265: 746d11721c4dcdbdad8f713fa42b33f4 -> 
  custom:video-decoder-ogg-theora: a1e56fd34408186e4bbccfd4996cb3dc -> 
  custom:framework-win-MediaFoundation: 216162199b28c13a410421893ffa2e32 -> 
  custom:video-encoder-webm-vp8: eb34c28f22e8b96e1ab97ce403110664 -> 
  custom:audio-decoder-ogg-vorbis: bf7c407c2cedff20999df2af8eb42d56 -> 
  custom:container-demuxer-webm: 4f35f7cbe854078d1ac9338744f61a02 -> 
  custom:audio-encoder-webm-vorbis: bf7c407c2cedff20999df2af8eb42d56 -> 
  custom:container-muxer-webm: aa71ff27fc2769a1b78a27578f13a17b -> 
========================================================================
Received Import Request.
  Time since last request: 605.113353 seconds.
  path: Assets/Scripts/Questions.cs
  artifactKey: Guid(3cf9c09ae821db2448fd759b0f654760) Importer(815301076,1909f56bfc062723c751e8b465ee728b)
Start importing Assets/Scripts/Questions.cs using Guid(3cf9c09ae821db2448fd759b0f654760) Importer(815301076,1909f56bfc062723c751e8b465ee728b)  -> (artifact id: '8fbc09c473239109b62b364e0637160e') in 0.003086 seconds
Number of updated asset objects reloaded before import = 0
Number of asset objects unloaded after import = 0
========================================================================
Received Prepare
Begin MonoManager ReloadAssembly
- Loaded All Assemblies, in  1.009 seconds
Refreshing native plugins compatible for Editor in 5.53 ms, found 1 plugins.
Native extension for WindowsStandalone target not found
Native extension for WebGL target not found
Mono: successfully reloaded assembly
- Finished resetting the current domain, in  1.099 seconds
Domain Reload Profiling: 2101ms
	BeginReloadAssembly (253ms)
		ExecutionOrderSort (0ms)
		DisableScriptedObjects (22ms)
		BackupInstance (0ms)
		ReleaseScriptingObjects (0ms)
		CreateAndSetChildDomain (41ms)
	RebuildCommonClasses (64ms)
	RebuildNativeTypeToScriptingClass (25ms)
	initialDomainReloadingComplete (63ms)
	LoadAllAssembliesAndSetupDomain (598ms)
		LoadAssemblies (399ms)
		RebuildTransferFunctionScriptingTraits (0ms)
		AnalyzeDomain (327ms)
			TypeCache.Refresh (313ms)
				TypeCache.ScanAssembly (296ms)
			ScanForSourceGeneratedMonoScriptInfo (4ms)
			ResolveRequiredComponents (10ms)
	FinalizeReload (1099ms)
		ReleaseScriptCaches (0ms)
		RebuildScriptCaches (0ms)
		SetupLoadedEditorAssemblies (546ms)
			LogAssemblyErrors (0ms)
			InitializePlatformSupportModulesInManaged (13ms)
			SetLoadedEditorAssemblies (6ms)
			RefreshPlugins (0ms)
			BeforeProcessingInitializeOnLoad (100ms)
			ProcessInitializeOnLoadAttributes (356ms)
			ProcessInitializeOnLoadMethodAttributes (55ms)
			AfterProcessingInitializeOnLoad (17ms)
			EditorAssembliesLoaded (0ms)
		ExecutionOrderSort2 (0ms)
		AwakeInstancesAfterBackupRestoration (19ms)
Refreshing native plugins compatible for Editor in 3.84 ms, found 1 plugins.
Preloading 0 native plugins for Editor in 0.00 ms.
Unloading 1739 Unused Serialized files (Serialized files now loaded: 0)
Unloading 19 unused Assets / (99.2 KB). Loaded Objects now: 3225.
Memory consumption went from 87.1 MB to 87.0 MB.
Total: 5.487700 ms (FindLiveObjects: 0.419600 ms CreateObjectMapping: 0.144700 ms MarkObjects: 4.842400 ms  DeleteObjects: 0.079500 ms)

Prepare: number of updated asset objects reloaded= 0
AssetImportParameters requested are different than current active one (requested -> active):
  custom:video-decoder-webm-vp8: 9c59270c3fd7afecdb556c50c9e8de78 -> 
  custom:container-demuxer-ogg: 62fdf1f143b41e24485cea50d1cbac27 -> 
  custom:AudioImporter_EditorPlatform: d09bf68614088b80899f8185d706f6e7 -> 
  custom:video-codec-MediaFoundation-h265: 746d11721c4dcdbdad8f713fa42b33f4 -> 
  custom:video-decoder-ogg-theora: a1e56fd34408186e4bbccfd4996cb3dc -> 
  custom:framework-win-MediaFoundation: 216162199b28c13a410421893ffa2e32 -> 
  custom:video-encoder-webm-vp8: eb34c28f22e8b96e1ab97ce403110664 -> 
  custom:audio-decoder-ogg-vorbis: bf7c407c2cedff20999df2af8eb42d56 -> 
  custom:container-demuxer-webm: 4f35f7cbe854078d1ac9338744f61a02 -> 
  custom:audio-encoder-webm-vorbis: bf7c407c2cedff20999df2af8eb42d56 -> 
  custom:container-muxer-webm: aa71ff27fc2769a1b78a27578f13a17b -> 
========================================================================
Received Prepare
Begin MonoManager ReloadAssembly
- Loaded All Assemblies, in  0.961 seconds
Refreshing native plugins compatible for Editor in 8.04 ms, found 1 plugins.
Native extension for WindowsStandalone target not found
Native extension for WebGL target not found
Mono: successfully reloaded assembly
- Finished resetting the current domain, in  1.162 seconds
Domain Reload Profiling: 2118ms
	BeginReloadAssembly (236ms)
		ExecutionOrderSort (0ms)
		DisableScriptedObjects (20ms)
		BackupInstance (0ms)
		ReleaseScriptingObjects (0ms)
		CreateAndSetChildDomain (42ms)
	RebuildCommonClasses (68ms)
	RebuildNativeTypeToScriptingClass (17ms)
	initialDomainReloadingComplete (56ms)
	LoadAllAssembliesAndSetupDomain (578ms)
		LoadAssemblies (373ms)
		RebuildTransferFunctionScriptingTraits (0ms)
		AnalyzeDomain (321ms)
			TypeCache.Refresh (293ms)
				TypeCache.ScanAssembly (273ms)
			ScanForSourceGeneratedMonoScriptInfo (0ms)
			ResolveRequiredComponents (28ms)
	FinalizeReload (1163ms)
		ReleaseScriptCaches (0ms)
		RebuildScriptCaches (0ms)
		SetupLoadedEditorAssemblies (476ms)
			LogAssemblyErrors (0ms)
			InitializePlatformSupportModulesInManaged (15ms)
			SetLoadedEditorAssemblies (8ms)
			RefreshPlugins (0ms)
			BeforeProcessingInitializeOnLoad (111ms)
			ProcessInitializeOnLoadAttributes (272ms)
			ProcessInitializeOnLoadMethodAttributes (54ms)
			AfterProcessingInitializeOnLoad (15ms)
			EditorAssembliesLoaded (0ms)
		ExecutionOrderSort2 (0ms)
		AwakeInstancesAfterBackupRestoration (24ms)
Refreshing native plugins compatible for Editor in 4.69 ms, found 1 plugins.
Preloading 0 native plugins for Editor in 0.00 ms.
Unloading 1740 Unused Serialized files (Serialized files now loaded: 0)
Unloading 19 unused Assets / (99.1 KB). Loaded Objects now: 3241.
Memory consumption went from 87.4 MB to 87.3 MB.
Total: 7.022500 ms (FindLiveObjects: 0.698300 ms CreateObjectMapping: 0.248500 ms MarkObjects: 5.912700 ms  DeleteObjects: 0.160700 ms)

Prepare: number of updated asset objects reloaded= 0
AssetImportParameters requested are different than current active one (requested -> active):
  custom:video-decoder-webm-vp8: 9c59270c3fd7afecdb556c50c9e8de78 -> 
  custom:container-demuxer-ogg: 62fdf1f143b41e24485cea50d1cbac27 -> 
  custom:AudioImporter_EditorPlatform: d09bf68614088b80899f8185d706f6e7 -> 
  custom:video-codec-MediaFoundation-h265: 746d11721c4dcdbdad8f713fa42b33f4 -> 
  custom:video-decoder-ogg-theora: a1e56fd34408186e4bbccfd4996cb3dc -> 
  custom:framework-win-MediaFoundation: 216162199b28c13a410421893ffa2e32 -> 
  custom:video-encoder-webm-vp8: eb34c28f22e8b96e1ab97ce403110664 -> 
  custom:audio-decoder-ogg-vorbis: bf7c407c2cedff20999df2af8eb42d56 -> 
  custom:container-demuxer-webm: 4f35f7cbe854078d1ac9338744f61a02 -> 
  custom:audio-encoder-webm-vorbis: bf7c407c2cedff20999df2af8eb42d56 -> 
  custom:container-muxer-webm: aa71ff27fc2769a1b78a27578f13a17b -> 
========================================================================
Received Import Request.
  Time since last request: 699.948897 seconds.
  path: Assets/Scripts/PlayerController.cs
  artifactKey: Guid(66a2bf41fed1a524881321f125af9f07) Importer(815301076,1909f56bfc062723c751e8b465ee728b)
Start importing Assets/Scripts/PlayerController.cs using Guid(66a2bf41fed1a524881321f125af9f07) Importer(815301076,1909f56bfc062723c751e8b465ee728b)  -> (artifact id: 'fc0951e6f9c80ae3ef83acdfc198dc3b') in 0.003325 seconds
Number of updated asset objects reloaded before import = 0
Number of asset objects unloaded after import = 0
========================================================================
Received Import Request.
  Time since last request: 623.581155 seconds.
  path: Assets/Scripts/PlayerController.cs
  artifactKey: Guid(66a2bf41fed1a524881321f125af9f07) Importer(815301076,1909f56bfc062723c751e8b465ee728b)
Start importing Assets/Scripts/PlayerController.cs using Guid(66a2bf41fed1a524881321f125af9f07) Importer(815301076,1909f56bfc062723c751e8b465ee728b)  -> (artifact id: '0d8f50af4bd744aa8c9379bbe2ec22ec') in 0.002025 seconds
Number of updated asset objects reloaded before import = 0
Number of asset objects unloaded after import = 0
========================================================================
Received Prepare
Begin MonoManager ReloadAssembly
- Loaded All Assemblies, in  1.357 seconds
Refreshing native plugins compatible for Editor in 10.43 ms, found 1 plugins.
Native extension for WindowsStandalone target not found
Native extension for WebGL target not found
Mono: successfully reloaded assembly
- Finished resetting the current domain, in  1.603 seconds
Domain Reload Profiling: 2955ms
	BeginReloadAssembly (349ms)
		ExecutionOrderSort (0ms)
		DisableScriptedObjects (38ms)
		BackupInstance (0ms)
		ReleaseScriptingObjects (0ms)
		CreateAndSetChildDomain (81ms)
	RebuildCommonClasses (74ms)
	RebuildNativeTypeToScriptingClass (26ms)
	initialDomainReloadingComplete (74ms)
	LoadAllAssembliesAndSetupDomain (828ms)
		LoadAssemblies (528ms)
		RebuildTransferFunctionScriptingTraits (0ms)
		AnalyzeDomain (445ms)
			TypeCache.Refresh (410ms)
				TypeCache.ScanAssembly (366ms)
			ScanForSourceGeneratedMonoScriptInfo (9ms)
			ResolveRequiredComponents (26ms)
	FinalizeReload (1604ms)
		ReleaseScriptCaches (0ms)
		RebuildScriptCaches (0ms)
		SetupLoadedEditorAssemblies (633ms)
			LogAssemblyErrors (0ms)
			InitializePlatformSupportModulesInManaged (16ms)
			SetLoadedEditorAssemblies (8ms)
			RefreshPlugins (0ms)
			BeforeProcessingInitializeOnLoad (129ms)
			ProcessInitializeOnLoadAttributes (386ms)
			ProcessInitializeOnLoadMethodAttributes (72ms)
			AfterProcessingInitializeOnLoad (21ms)
			EditorAssembliesLoaded (0ms)
		ExecutionOrderSort2 (0ms)
		AwakeInstancesAfterBackupRestoration (29ms)
Refreshing native plugins compatible for Editor in 6.81 ms, found 1 plugins.
Preloading 0 native plugins for Editor in 0.00 ms.
Unloading 1739 Unused Serialized files (Serialized files now loaded: 0)
Unloading 19 unused Assets / (99.1 KB). Loaded Objects now: 3257.
Memory consumption went from 87.1 MB to 87.0 MB.
Total: 6.880000 ms (FindLiveObjects: 0.445900 ms CreateObjectMapping: 0.338600 ms MarkObjects: 6.005800 ms  DeleteObjects: 0.087900 ms)

Prepare: number of updated asset objects reloaded= 0
AssetImportParameters requested are different than current active one (requested -> active):
  custom:video-decoder-webm-vp8: 9c59270c3fd7afecdb556c50c9e8de78 -> 
  custom:container-demuxer-ogg: 62fdf1f143b41e24485cea50d1cbac27 -> 
  custom:AudioImporter_EditorPlatform: d09bf68614088b80899f8185d706f6e7 -> 
  custom:video-codec-MediaFoundation-h265: 746d11721c4dcdbdad8f713fa42b33f4 -> 
  custom:video-decoder-ogg-theora: a1e56fd34408186e4bbccfd4996cb3dc -> 
  custom:framework-win-MediaFoundation: 216162199b28c13a410421893ffa2e32 -> 
  custom:video-encoder-webm-vp8: eb34c28f22e8b96e1ab97ce403110664 -> 
  custom:audio-decoder-ogg-vorbis: bf7c407c2cedff20999df2af8eb42d56 -> 
  custom:container-demuxer-webm: 4f35f7cbe854078d1ac9338744f61a02 -> 
  custom:audio-encoder-webm-vorbis: bf7c407c2cedff20999df2af8eb42d56 -> 
  custom:container-muxer-webm: aa71ff27fc2769a1b78a27578f13a17b -> 
========================================================================
Received Import Request.
  Time since last request: 84.333738 seconds.
  path: Assets/Scripts/PlayerController.cs
  artifactKey: Guid(66a2bf41fed1a524881321f125af9f07) Importer(815301076,1909f56bfc062723c751e8b465ee728b)
Start importing Assets/Scripts/PlayerController.cs using Guid(66a2bf41fed1a524881321f125af9f07) Importer(815301076,1909f56bfc062723c751e8b465ee728b)  -> (artifact id: '8d5e3f7739a787afa01e1c745abc182c') in 0.002678 seconds
Number of updated asset objects reloaded before import = 0
Number of asset objects unloaded after import = 0
========================================================================
Received Prepare
Begin MonoManager ReloadAssembly
- Loaded All Assemblies, in  1.040 seconds
Refreshing native plugins compatible for Editor in 6.62 ms, found 1 plugins.
Native extension for WindowsStandalone target not found
Native extension for WebGL target not found
Mono: successfully reloaded assembly
- Finished resetting the current domain, in  1.144 seconds
Domain Reload Profiling: 2177ms
	BeginReloadAssembly (236ms)
		ExecutionOrderSort (0ms)
		DisableScriptedObjects (23ms)
		BackupInstance (0ms)
		ReleaseScriptingObjects (0ms)
		CreateAndSetChildDomain (46ms)
	RebuildCommonClasses (73ms)
	RebuildNativeTypeToScriptingClass (23ms)
	initialDomainReloadingComplete (58ms)
	LoadAllAssembliesAndSetupDomain (642ms)
		LoadAssemblies (376ms)
		RebuildTransferFunctionScriptingTraits (0ms)
		AnalyzeDomain (373ms)
			TypeCache.Refresh (364ms)
				TypeCache.ScanAssembly (329ms)
			ScanForSourceGeneratedMonoScriptInfo (0ms)
			ResolveRequiredComponents (9ms)
	FinalizeReload (1145ms)
		ReleaseScriptCaches (0ms)
		RebuildScriptCaches (0ms)
		SetupLoadedEditorAssemblies (540ms)
			LogAssemblyErrors (0ms)
			InitializePlatformSupportModulesInManaged (15ms)
			SetLoadedEditorAssemblies (6ms)
			RefreshPlugins (0ms)
			BeforeProcessingInitializeOnLoad (119ms)
			ProcessInitializeOnLoadAttributes (319ms)
			ProcessInitializeOnLoadMethodAttributes (57ms)
			AfterProcessingInitializeOnLoad (24ms)
			EditorAssembliesLoaded (0ms)
		ExecutionOrderSort2 (0ms)
		AwakeInstancesAfterBackupRestoration (30ms)
Refreshing native plugins compatible for Editor in 5.46 ms, found 1 plugins.
Preloading 0 native plugins for Editor in 0.00 ms.
Unloading 1739 Unused Serialized files (Serialized files now loaded: 0)
Unloading 19 unused Assets / (99.2 KB). Loaded Objects now: 3273.
Memory consumption went from 87.2 MB to 87.1 MB.
Total: 7.893600 ms (FindLiveObjects: 0.488500 ms CreateObjectMapping: 0.288400 ms MarkObjects: 6.975700 ms  DeleteObjects: 0.138300 ms)

Prepare: number of updated asset objects reloaded= 0
AssetImportParameters requested are different than current active one (requested -> active):
  custom:video-decoder-webm-vp8: 9c59270c3fd7afecdb556c50c9e8de78 -> 
  custom:container-demuxer-ogg: 62fdf1f143b41e24485cea50d1cbac27 -> 
  custom:AudioImporter_EditorPlatform: d09bf68614088b80899f8185d706f6e7 -> 
  custom:video-codec-MediaFoundation-h265: 746d11721c4dcdbdad8f713fa42b33f4 -> 
  custom:video-decoder-ogg-theora: a1e56fd34408186e4bbccfd4996cb3dc -> 
  custom:framework-win-MediaFoundation: 216162199b28c13a410421893ffa2e32 -> 
  custom:video-encoder-webm-vp8: eb34c28f22e8b96e1ab97ce403110664 -> 
  custom:audio-decoder-ogg-vorbis: bf7c407c2cedff20999df2af8eb42d56 -> 
  custom:container-demuxer-webm: 4f35f7cbe854078d1ac9338744f61a02 -> 
  custom:audio-encoder-webm-vorbis: bf7c407c2cedff20999df2af8eb42d56 -> 
  custom:container-muxer-webm: aa71ff27fc2769a1b78a27578f13a17b -> 
========================================================================
Received Prepare
Begin MonoManager ReloadAssembly
- Loaded All Assemblies, in  1.046 seconds
Refreshing native plugins compatible for Editor in 3.79 ms, found 1 plugins.
Native extension for WindowsStandalone target not found
Native extension for WebGL target not found
Mono: successfully reloaded assembly
- Finished resetting the current domain, in  1.024 seconds
Domain Reload Profiling: 2064ms
	BeginReloadAssembly (339ms)
		ExecutionOrderSort (0ms)
		DisableScriptedObjects (27ms)
		BackupInstance (0ms)
		ReleaseScriptingObjects (0ms)
		CreateAndSetChildDomain (42ms)
	RebuildCommonClasses (75ms)
	RebuildNativeTypeToScriptingClass (23ms)
	initialDomainReloadingComplete (61ms)
	LoadAllAssembliesAndSetupDomain (542ms)
		LoadAssemblies (460ms)
		RebuildTransferFunctionScriptingTraits (0ms)
		AnalyzeDomain (286ms)
			TypeCache.Refresh (279ms)
				TypeCache.ScanAssembly (260ms)
			ScanForSourceGeneratedMonoScriptInfo (0ms)
			ResolveRequiredComponents (6ms)
	FinalizeReload (1025ms)
		ReleaseScriptCaches (0ms)
		RebuildScriptCaches (0ms)
		SetupLoadedEditorAssemblies (506ms)
			LogAssemblyErrors (0ms)
			InitializePlatformSupportModulesInManaged (13ms)
			SetLoadedEditorAssemblies (6ms)
			RefreshPlugins (0ms)
			BeforeProcessingInitializeOnLoad (105ms)
			ProcessInitializeOnLoadAttributes (303ms)
			ProcessInitializeOnLoadMethodAttributes (62ms)
			AfterProcessingInitializeOnLoad (16ms)
			EditorAssembliesLoaded (0ms)
		ExecutionOrderSort2 (0ms)
		AwakeInstancesAfterBackupRestoration (20ms)
Refreshing native plugins compatible for Editor in 3.76 ms, found 1 plugins.
Preloading 0 native plugins for Editor in 0.00 ms.
Unloading 1740 Unused Serialized files (Serialized files now loaded: 0)
Unloading 19 unused Assets / (99.1 KB). Loaded Objects now: 3289.
Memory consumption went from 87.4 MB to 87.3 MB.
Total: 5.262000 ms (FindLiveObjects: 0.467800 ms CreateObjectMapping: 0.137300 ms MarkObjects: 4.537300 ms  DeleteObjects: 0.117200 ms)

Prepare: number of updated asset objects reloaded= 0
AssetImportParameters requested are different than current active one (requested -> active):
  custom:video-decoder-webm-vp8: 9c59270c3fd7afecdb556c50c9e8de78 -> 
  custom:container-demuxer-ogg: 62fdf1f143b41e24485cea50d1cbac27 -> 
  custom:AudioImporter_EditorPlatform: d09bf68614088b80899f8185d706f6e7 -> 
  custom:video-codec-MediaFoundation-h265: 746d11721c4dcdbdad8f713fa42b33f4 -> 
  custom:video-decoder-ogg-theora: a1e56fd34408186e4bbccfd4996cb3dc -> 
  custom:framework-win-MediaFoundation: 216162199b28c13a410421893ffa2e32 -> 
  custom:video-encoder-webm-vp8: eb34c28f22e8b96e1ab97ce403110664 -> 
  custom:audio-decoder-ogg-vorbis: bf7c407c2cedff20999df2af8eb42d56 -> 
  custom:container-demuxer-webm: 4f35f7cbe854078d1ac9338744f61a02 -> 
  custom:audio-encoder-webm-vorbis: bf7c407c2cedff20999df2af8eb42d56 -> 
  custom:container-muxer-webm: aa71ff27fc2769a1b78a27578f13a17b -> 
========================================================================
Received Prepare
Begin MonoManager ReloadAssembly
- Loaded All Assemblies, in  1.143 seconds
Refreshing native plugins compatible for Editor in 3.97 ms, found 1 plugins.
Native extension for WindowsStandalone target not found
Native extension for WebGL target not found
Mono: successfully reloaded assembly
- Finished resetting the current domain, in  1.042 seconds
Domain Reload Profiling: 2179ms
	BeginReloadAssembly (356ms)
		ExecutionOrderSort (0ms)
		DisableScriptedObjects (86ms)
		BackupInstance (0ms)
		ReleaseScriptingObjects (0ms)
		CreateAndSetChildDomain (57ms)
	RebuildCommonClasses (76ms)
	RebuildNativeTypeToScriptingClass (26ms)
	initialDomainReloadingComplete (64ms)
	LoadAllAssembliesAndSetupDomain (614ms)
		LoadAssemblies (455ms)
		RebuildTransferFunctionScriptingTraits (0ms)
		AnalyzeDomain (301ms)
			TypeCache.Refresh (292ms)
				TypeCache.ScanAssembly (270ms)
			ScanForSourceGeneratedMonoScriptInfo (3ms)
			ResolveRequiredComponents (6ms)
	FinalizeReload (1043ms)
		ReleaseScriptCaches (0ms)
		RebuildScriptCaches (0ms)
		SetupLoadedEditorAssemblies (478ms)
			LogAssemblyErrors (0ms)
			InitializePlatformSupportModulesInManaged (13ms)
			SetLoadedEditorAssemblies (7ms)
			RefreshPlugins (0ms)
			BeforeProcessingInitializeOnLoad (103ms)
			ProcessInitializeOnLoadAttributes (282ms)
			ProcessInitializeOnLoadMethodAttributes (53ms)
			AfterProcessingInitializeOnLoad (20ms)
			EditorAssembliesLoaded (0ms)
		ExecutionOrderSort2 (0ms)
		AwakeInstancesAfterBackupRestoration (25ms)
Refreshing native plugins compatible for Editor in 3.97 ms, found 1 plugins.
Preloading 0 native plugins for Editor in 0.00 ms.
Unloading 1740 Unused Serialized files (Serialized files now loaded: 0)
Unloading 19 unused Assets / (99.1 KB). Loaded Objects now: 3305.
Memory consumption went from 87.4 MB to 87.3 MB.
Total: 5.723800 ms (FindLiveObjects: 0.421800 ms CreateObjectMapping: 0.124900 ms MarkObjects: 5.096300 ms  DeleteObjects: 0.079100 ms)

Prepare: number of updated asset objects reloaded= 0
AssetImportParameters requested are different than current active one (requested -> active):
  custom:video-decoder-webm-vp8: 9c59270c3fd7afecdb556c50c9e8de78 -> 
  custom:container-demuxer-ogg: 62fdf1f143b41e24485cea50d1cbac27 -> 
  custom:AudioImporter_EditorPlatform: d09bf68614088b80899f8185d706f6e7 -> 
  custom:video-codec-MediaFoundation-h265: 746d11721c4dcdbdad8f713fa42b33f4 -> 
  custom:video-decoder-ogg-theora: a1e56fd34408186e4bbccfd4996cb3dc -> 
  custom:framework-win-MediaFoundation: 216162199b28c13a410421893ffa2e32 -> 
  custom:video-encoder-webm-vp8: eb34c28f22e8b96e1ab97ce403110664 -> 
  custom:audio-decoder-ogg-vorbis: bf7c407c2cedff20999df2af8eb42d56 -> 
  custom:container-demuxer-webm: 4f35f7cbe854078d1ac9338744f61a02 -> 
  custom:audio-encoder-webm-vorbis: bf7c407c2cedff20999df2af8eb42d56 -> 
  custom:container-muxer-webm: aa71ff27fc2769a1b78a27578f13a17b -> 
========================================================================
Received Prepare
Begin MonoManager ReloadAssembly
- Loaded All Assemblies, in  1.132 seconds
Refreshing native plugins compatible for Editor in 4.02 ms, found 1 plugins.
Native extension for WindowsStandalone target not found
Native extension for WebGL target not found
Mono: successfully reloaded assembly
- Finished resetting the current domain, in  1.112 seconds
Domain Reload Profiling: 2235ms
	BeginReloadAssembly (267ms)
		ExecutionOrderSort (0ms)
		DisableScriptedObjects (21ms)
		BackupInstance (0ms)
		ReleaseScriptingObjects (0ms)
		CreateAndSetChildDomain (45ms)
	RebuildCommonClasses (133ms)
	RebuildNativeTypeToScriptingClass (53ms)
	initialDomainReloadingComplete (77ms)
	LoadAllAssembliesAndSetupDomain (593ms)
		LoadAssemblies (416ms)
		RebuildTransferFunctionScriptingTraits (0ms)
		AnalyzeDomain (313ms)
			TypeCache.Refresh (302ms)
				TypeCache.ScanAssembly (284ms)
			ScanForSourceGeneratedMonoScriptInfo (4ms)
			ResolveRequiredComponents (7ms)
	FinalizeReload (1112ms)
		ReleaseScriptCaches (0ms)
		RebuildScriptCaches (0ms)
		SetupLoadedEditorAssemblies (558ms)
			LogAssemblyErrors (0ms)
			InitializePlatformSupportModulesInManaged (13ms)
			SetLoadedEditorAssemblies (10ms)
			RefreshPlugins (0ms)
			BeforeProcessingInitializeOnLoad (114ms)
			ProcessInitializeOnLoadAttributes (339ms)
			ProcessInitializeOnLoadMethodAttributes (60ms)
			AfterProcessingInitializeOnLoad (21ms)
			EditorAssembliesLoaded (0ms)
		ExecutionOrderSort2 (0ms)
		AwakeInstancesAfterBackupRestoration (24ms)
Refreshing native plugins compatible for Editor in 4.26 ms, found 1 plugins.
Preloading 0 native plugins for Editor in 0.00 ms.
Unloading 1740 Unused Serialized files (Serialized files now loaded: 0)
Unloading 19 unused Assets / (99.2 KB). Loaded Objects now: 3321.
Memory consumption went from 87.4 MB to 87.3 MB.
Total: 5.694700 ms (FindLiveObjects: 0.450000 ms CreateObjectMapping: 0.114800 ms MarkObjects: 5.046000 ms  DeleteObjects: 0.082200 ms)

Prepare: number of updated asset objects reloaded= 0
AssetImportParameters requested are different than current active one (requested -> active):
  custom:video-decoder-webm-vp8: 9c59270c3fd7afecdb556c50c9e8de78 -> 
  custom:container-demuxer-ogg: 62fdf1f143b41e24485cea50d1cbac27 -> 
  custom:AudioImporter_EditorPlatform: d09bf68614088b80899f8185d706f6e7 -> 
  custom:video-codec-MediaFoundation-h265: 746d11721c4dcdbdad8f713fa42b33f4 -> 
  custom:video-decoder-ogg-theora: a1e56fd34408186e4bbccfd4996cb3dc -> 
  custom:framework-win-MediaFoundation: 216162199b28c13a410421893ffa2e32 -> 
  custom:video-encoder-webm-vp8: eb34c28f22e8b96e1ab97ce403110664 -> 
  custom:audio-decoder-ogg-vorbis: bf7c407c2cedff20999df2af8eb42d56 -> 
  custom:container-demuxer-webm: 4f35f7cbe854078d1ac9338744f61a02 -> 
  custom:audio-encoder-webm-vorbis: bf7c407c2cedff20999df2af8eb42d56 -> 
  custom:container-muxer-webm: aa71ff27fc2769a1b78a27578f13a17b -> 
========================================================================
Received Prepare
Begin MonoManager ReloadAssembly
- Loaded All Assemblies, in  0.956 seconds
Refreshing native plugins compatible for Editor in 3.78 ms, found 1 plugins.
Native extension for WindowsStandalone target not found
Native extension for WebGL target not found
Mono: successfully reloaded assembly
- Finished resetting the current domain, in  1.000 seconds
Domain Reload Profiling: 1950ms
	BeginReloadAssembly (237ms)
		ExecutionOrderSort (0ms)
		DisableScriptedObjects (23ms)
		BackupInstance (0ms)
		ReleaseScriptingObjects (0ms)
		CreateAndSetChildDomain (52ms)
	RebuildCommonClasses (65ms)
	RebuildNativeTypeToScriptingClass (19ms)
	initialDomainReloadingComplete (56ms)
	LoadAllAssembliesAndSetupDomain (572ms)
		LoadAssemblies (398ms)
		RebuildTransferFunctionScriptingTraits (0ms)
		AnalyzeDomain (273ms)
			TypeCache.Refresh (267ms)
				TypeCache.ScanAssembly (249ms)
			ScanForSourceGeneratedMonoScriptInfo (0ms)
			ResolveRequiredComponents (5ms)
	FinalizeReload (1001ms)
		ReleaseScriptCaches (0ms)
		RebuildScriptCaches (0ms)
		SetupLoadedEditorAssemblies (464ms)
			LogAssemblyErrors (0ms)
			InitializePlatformSupportModulesInManaged (14ms)
			SetLoadedEditorAssemblies (6ms)
			RefreshPlugins (0ms)
			BeforeProcessingInitializeOnLoad (105ms)
			ProcessInitializeOnLoadAttributes (270ms)
			ProcessInitializeOnLoadMethodAttributes (55ms)
			AfterProcessingInitializeOnLoad (14ms)
			EditorAssembliesLoaded (0ms)
		ExecutionOrderSort2 (0ms)
		AwakeInstancesAfterBackupRestoration (21ms)
Refreshing native plugins compatible for Editor in 5.21 ms, found 1 plugins.
Preloading 0 native plugins for Editor in 0.00 ms.
Unloading 1740 Unused Serialized files (Serialized files now loaded: 0)
Unloading 19 unused Assets / (99.2 KB). Loaded Objects now: 3337.
Memory consumption went from 87.5 MB to 87.4 MB.
Total: 6.578300 ms (FindLiveObjects: 0.522300 ms CreateObjectMapping: 0.283000 ms MarkObjects: 5.563600 ms  DeleteObjects: 0.206800 ms)

Prepare: number of updated asset objects reloaded= 0
AssetImportParameters requested are different than current active one (requested -> active):
  custom:video-decoder-webm-vp8: 9c59270c3fd7afecdb556c50c9e8de78 -> 
  custom:container-demuxer-ogg: 62fdf1f143b41e24485cea50d1cbac27 -> 
  custom:AudioImporter_EditorPlatform: d09bf68614088b80899f8185d706f6e7 -> 
  custom:video-codec-MediaFoundation-h265: 746d11721c4dcdbdad8f713fa42b33f4 -> 
  custom:video-decoder-ogg-theora: a1e56fd34408186e4bbccfd4996cb3dc -> 
  custom:framework-win-MediaFoundation: 216162199b28c13a410421893ffa2e32 -> 
  custom:video-encoder-webm-vp8: eb34c28f22e8b96e1ab97ce403110664 -> 
  custom:audio-decoder-ogg-vorbis: bf7c407c2cedff20999df2af8eb42d56 -> 
  custom:container-demuxer-webm: 4f35f7cbe854078d1ac9338744f61a02 -> 
  custom:audio-encoder-webm-vorbis: bf7c407c2cedff20999df2af8eb42d56 -> 
  custom:container-muxer-webm: aa71ff27fc2769a1b78a27578f13a17b -> 
========================================================================
Received Prepare
Begin MonoManager ReloadAssembly
- Loaded All Assemblies, in  1.003 seconds
Refreshing native plugins compatible for Editor in 5.46 ms, found 1 plugins.
Native extension for WindowsStandalone target not found
Native extension for WebGL target not found
Mono: successfully reloaded assembly
- Finished resetting the current domain, in  1.264 seconds
Domain Reload Profiling: 2260ms
	BeginReloadAssembly (240ms)
		ExecutionOrderSort (0ms)
		DisableScriptedObjects (20ms)
		BackupInstance (0ms)
		ReleaseScriptingObjects (0ms)
		CreateAndSetChildDomain (39ms)
	RebuildCommonClasses (68ms)
	RebuildNativeTypeToScriptingClass (22ms)
	initialDomainReloadingComplete (64ms)
	LoadAllAssembliesAndSetupDomain (602ms)
		LoadAssemblies (394ms)
		RebuildTransferFunctionScriptingTraits (0ms)
		AnalyzeDomain (324ms)
			TypeCache.Refresh (315ms)
				TypeCache.ScanAssembly (292ms)
			ScanForSourceGeneratedMonoScriptInfo (3ms)
			ResolveRequiredComponents (6ms)
	FinalizeReload (1264ms)
		ReleaseScriptCaches (0ms)
		RebuildScriptCaches (0ms)
		SetupLoadedEditorAssemblies (730ms)
			LogAssemblyErrors (0ms)
			InitializePlatformSupportModulesInManaged (18ms)
			SetLoadedEditorAssemblies (7ms)
			RefreshPlugins (0ms)
			BeforeProcessingInitializeOnLoad (204ms)
			ProcessInitializeOnLoadAttributes (432ms)
			ProcessInitializeOnLoadMethodAttributes (50ms)
			AfterProcessingInitializeOnLoad (19ms)
			EditorAssembliesLoaded (0ms)
		ExecutionOrderSort2 (0ms)
		AwakeInstancesAfterBackupRestoration (19ms)
Refreshing native plugins compatible for Editor in 3.86 ms, found 1 plugins.
Preloading 0 native plugins for Editor in 0.00 ms.
Unloading 1740 Unused Serialized files (Serialized files now loaded: 0)
Unloading 19 unused Assets / (99.1 KB). Loaded Objects now: 3353.
Memory consumption went from 87.5 MB to 87.4 MB.
Total: 4.901200 ms (FindLiveObjects: 0.379200 ms CreateObjectMapping: 0.075500 ms MarkObjects: 4.363300 ms  DeleteObjects: 0.081200 ms)

Prepare: number of updated asset objects reloaded= 0
AssetImportParameters requested are different than current active one (requested -> active):
  custom:video-decoder-webm-vp8: 9c59270c3fd7afecdb556c50c9e8de78 -> 
  custom:container-demuxer-ogg: 62fdf1f143b41e24485cea50d1cbac27 -> 
  custom:AudioImporter_EditorPlatform: d09bf68614088b80899f8185d706f6e7 -> 
  custom:video-codec-MediaFoundation-h265: 746d11721c4dcdbdad8f713fa42b33f4 -> 
  custom:video-decoder-ogg-theora: a1e56fd34408186e4bbccfd4996cb3dc -> 
  custom:framework-win-MediaFoundation: 216162199b28c13a410421893ffa2e32 -> 
  custom:video-encoder-webm-vp8: eb34c28f22e8b96e1ab97ce403110664 -> 
  custom:audio-decoder-ogg-vorbis: bf7c407c2cedff20999df2af8eb42d56 -> 
  custom:container-demuxer-webm: 4f35f7cbe854078d1ac9338744f61a02 -> 
  custom:audio-encoder-webm-vorbis: bf7c407c2cedff20999df2af8eb42d56 -> 
  custom:container-muxer-webm: aa71ff27fc2769a1b78a27578f13a17b -> 
========================================================================
Received Prepare
Begin MonoManager ReloadAssembly
- Loaded All Assemblies, in  0.905 seconds
Refreshing native plugins compatible for Editor in 4.56 ms, found 1 plugins.
Native extension for WindowsStandalone target not found
Native extension for WebGL target not found
Mono: successfully reloaded assembly
- Finished resetting the current domain, in  1.145 seconds
Domain Reload Profiling: 2045ms
	BeginReloadAssembly (222ms)
		ExecutionOrderSort (0ms)
		DisableScriptedObjects (21ms)
		BackupInstance (0ms)
		ReleaseScriptingObjects (0ms)
		CreateAndSetChildDomain (41ms)
	RebuildCommonClasses (70ms)
	RebuildNativeTypeToScriptingClass (26ms)
	initialDomainReloadingComplete (62ms)
	LoadAllAssembliesAndSetupDomain (519ms)
		LoadAssemblies (353ms)
		RebuildTransferFunctionScriptingTraits (0ms)
		AnalyzeDomain (264ms)
			TypeCache.Refresh (255ms)
				TypeCache.ScanAssembly (237ms)
			ScanForSourceGeneratedMonoScriptInfo (0ms)
			ResolveRequiredComponents (8ms)
	FinalizeReload (1146ms)
		ReleaseScriptCaches (0ms)
		RebuildScriptCaches (0ms)
		SetupLoadedEditorAssemblies (462ms)
			LogAssemblyErrors (0ms)
			InitializePlatformSupportModulesInManaged (13ms)
			SetLoadedEditorAssemblies (7ms)
			RefreshPlugins (0ms)
			BeforeProcessingInitializeOnLoad (101ms)
			ProcessInitializeOnLoadAttributes (273ms)
			ProcessInitializeOnLoadMethodAttributes (48ms)
			AfterProcessingInitializeOnLoad (20ms)
			EditorAssembliesLoaded (0ms)
		ExecutionOrderSort2 (0ms)
		AwakeInstancesAfterBackupRestoration (20ms)
Refreshing native plugins compatible for Editor in 4.30 ms, found 1 plugins.
Preloading 0 native plugins for Editor in 0.00 ms.
Unloading 1740 Unused Serialized files (Serialized files now loaded: 0)
Unloading 19 unused Assets / (99.1 KB). Loaded Objects now: 3369.
Memory consumption went from 87.5 MB to 87.4 MB.
Total: 7.311300 ms (FindLiveObjects: 0.640500 ms CreateObjectMapping: 0.328400 ms MarkObjects: 6.223300 ms  DeleteObjects: 0.116700 ms)

Prepare: number of updated asset objects reloaded= 0
AssetImportParameters requested are different than current active one (requested -> active):
  custom:video-decoder-webm-vp8: 9c59270c3fd7afecdb556c50c9e8de78 -> 
  custom:container-demuxer-ogg: 62fdf1f143b41e24485cea50d1cbac27 -> 
  custom:AudioImporter_EditorPlatform: d09bf68614088b80899f8185d706f6e7 -> 
  custom:video-codec-MediaFoundation-h265: 746d11721c4dcdbdad8f713fa42b33f4 -> 
  custom:video-decoder-ogg-theora: a1e56fd34408186e4bbccfd4996cb3dc -> 
  custom:framework-win-MediaFoundation: 216162199b28c13a410421893ffa2e32 -> 
  custom:video-encoder-webm-vp8: eb34c28f22e8b96e1ab97ce403110664 -> 
  custom:audio-decoder-ogg-vorbis: bf7c407c2cedff20999df2af8eb42d56 -> 
  custom:container-demuxer-webm: 4f35f7cbe854078d1ac9338744f61a02 -> 
  custom:audio-encoder-webm-vorbis: bf7c407c2cedff20999df2af8eb42d56 -> 
  custom:container-muxer-webm: aa71ff27fc2769a1b78a27578f13a17b -> 
========================================================================
Received Prepare
Begin MonoManager ReloadAssembly
- Loaded All Assemblies, in  0.924 seconds
Refreshing native plugins compatible for Editor in 3.73 ms, found 1 plugins.
Native extension for WindowsStandalone target not found
Native extension for WebGL target not found
Mono: successfully reloaded assembly
- Finished resetting the current domain, in  1.009 seconds
Domain Reload Profiling: 1927ms
	BeginReloadAssembly (241ms)
		ExecutionOrderSort (0ms)
		DisableScriptedObjects (20ms)
		BackupInstance (0ms)
		ReleaseScriptingObjects (0ms)
		CreateAndSetChildDomain (48ms)
	RebuildCommonClasses (77ms)
	RebuildNativeTypeToScriptingClass (19ms)
	initialDomainReloadingComplete (63ms)
	LoadAllAssembliesAndSetupDomain (517ms)
		LoadAssemblies (344ms)
		RebuildTransferFunctionScriptingTraits (0ms)
		AnalyzeDomain (276ms)
			TypeCache.Refresh (270ms)
				TypeCache.ScanAssembly (253ms)
			ScanForSourceGeneratedMonoScriptInfo (0ms)
			ResolveRequiredComponents (6ms)
	FinalizeReload (1010ms)
		ReleaseScriptCaches (0ms)
		RebuildScriptCaches (0ms)
		SetupLoadedEditorAssemblies (464ms)
			LogAssemblyErrors (0ms)
			InitializePlatformSupportModulesInManaged (13ms)
			SetLoadedEditorAssemblies (6ms)
			RefreshPlugins (0ms)
			BeforeProcessingInitializeOnLoad (99ms)
			ProcessInitializeOnLoadAttributes (276ms)
			ProcessInitializeOnLoadMethodAttributes (55ms)
			AfterProcessingInitializeOnLoad (14ms)
			EditorAssembliesLoaded (0ms)
		ExecutionOrderSort2 (0ms)
		AwakeInstancesAfterBackupRestoration (20ms)
Refreshing native plugins compatible for Editor in 4.13 ms, found 1 plugins.
Preloading 0 native plugins for Editor in 0.00 ms.
Unloading 1740 Unused Serialized files (Serialized files now loaded: 0)
Unloading 19 unused Assets / (99.2 KB). Loaded Objects now: 3385.
Memory consumption went from 87.5 MB to 87.4 MB.
Total: 5.915400 ms (FindLiveObjects: 0.462200 ms CreateObjectMapping: 0.267400 ms MarkObjects: 5.050900 ms  DeleteObjects: 0.133500 ms)

Prepare: number of updated asset objects reloaded= 0
AssetImportParameters requested are different than current active one (requested -> active):
  custom:video-decoder-webm-vp8: 9c59270c3fd7afecdb556c50c9e8de78 -> 
  custom:container-demuxer-ogg: 62fdf1f143b41e24485cea50d1cbac27 -> 
  custom:AudioImporter_EditorPlatform: d09bf68614088b80899f8185d706f6e7 -> 
  custom:video-codec-MediaFoundation-h265: 746d11721c4dcdbdad8f713fa42b33f4 -> 
  custom:video-decoder-ogg-theora: a1e56fd34408186e4bbccfd4996cb3dc -> 
  custom:framework-win-MediaFoundation: 216162199b28c13a410421893ffa2e32 -> 
  custom:video-encoder-webm-vp8: eb34c28f22e8b96e1ab97ce403110664 -> 
  custom:audio-decoder-ogg-vorbis: bf7c407c2cedff20999df2af8eb42d56 -> 
  custom:container-demuxer-webm: 4f35f7cbe854078d1ac9338744f61a02 -> 
  custom:audio-encoder-webm-vorbis: bf7c407c2cedff20999df2af8eb42d56 -> 
  custom:container-muxer-webm: aa71ff27fc2769a1b78a27578f13a17b -> 
========================================================================
Received Prepare
Begin MonoManager ReloadAssembly
- Loaded All Assemblies, in  1.158 seconds
Refreshing native plugins compatible for Editor in 4.13 ms, found 1 plugins.
Native extension for WindowsStandalone target not found
Native extension for WebGL target not found
Mono: successfully reloaded assembly
- Finished resetting the current domain, in  1.003 seconds
Domain Reload Profiling: 2153ms
	BeginReloadAssembly (260ms)
		ExecutionOrderSort (0ms)
		DisableScriptedObjects (21ms)
		BackupInstance (0ms)
		ReleaseScriptingObjects (0ms)
		CreateAndSetChildDomain (45ms)
	RebuildCommonClasses (107ms)
	RebuildNativeTypeToScriptingClass (67ms)
	initialDomainReloadingComplete (96ms)
	LoadAllAssembliesAndSetupDomain (620ms)
		LoadAssemblies (421ms)
		RebuildTransferFunctionScriptingTraits (0ms)
		AnalyzeDomain (325ms)
			TypeCache.Refresh (317ms)
				TypeCache.ScanAssembly (299ms)
			ScanForSourceGeneratedMonoScriptInfo (3ms)
			ResolveRequiredComponents (6ms)
	FinalizeReload (1004ms)
		ReleaseScriptCaches (0ms)
		RebuildScriptCaches (0ms)
		SetupLoadedEditorAssemblies (474ms)
			LogAssemblyErrors (0ms)
			InitializePlatformSupportModulesInManaged (13ms)
			SetLoadedEditorAssemblies (7ms)
			RefreshPlugins (0ms)
			BeforeProcessingInitializeOnLoad (89ms)
			ProcessInitializeOnLoadAttributes (287ms)
			ProcessInitializeOnLoadMethodAttributes (59ms)
			AfterProcessingInitializeOnLoad (18ms)
			EditorAssembliesLoaded (0ms)
		ExecutionOrderSort2 (0ms)
		AwakeInstancesAfterBackupRestoration (24ms)
Refreshing native plugins compatible for Editor in 5.43 ms, found 1 plugins.
Preloading 0 native plugins for Editor in 0.00 ms.
Unloading 1740 Unused Serialized files (Serialized files now loaded: 0)
Unloading 19 unused Assets / (99.1 KB). Loaded Objects now: 3401.
Memory consumption went from 87.5 MB to 87.4 MB.
Total: 6.026100 ms (FindLiveObjects: 0.524600 ms CreateObjectMapping: 0.178200 ms MarkObjects: 5.233600 ms  DeleteObjects: 0.087900 ms)

Prepare: number of updated asset objects reloaded= 0
AssetImportParameters requested are different than current active one (requested -> active):
  custom:video-decoder-webm-vp8: 9c59270c3fd7afecdb556c50c9e8de78 -> 
  custom:container-demuxer-ogg: 62fdf1f143b41e24485cea50d1cbac27 -> 
  custom:AudioImporter_EditorPlatform: d09bf68614088b80899f8185d706f6e7 -> 
  custom:video-codec-MediaFoundation-h265: 746d11721c4dcdbdad8f713fa42b33f4 -> 
  custom:video-decoder-ogg-theora: a1e56fd34408186e4bbccfd4996cb3dc -> 
  custom:framework-win-MediaFoundation: 216162199b28c13a410421893ffa2e32 -> 
  custom:video-encoder-webm-vp8: eb34c28f22e8b96e1ab97ce403110664 -> 
  custom:audio-decoder-ogg-vorbis: bf7c407c2cedff20999df2af8eb42d56 -> 
  custom:container-demuxer-webm: 4f35f7cbe854078d1ac9338744f61a02 -> 
  custom:audio-encoder-webm-vorbis: bf7c407c2cedff20999df2af8eb42d56 -> 
  custom:container-muxer-webm: aa71ff27fc2769a1b78a27578f13a17b -> 
========================================================================
Received Prepare
Begin MonoManager ReloadAssembly
- Loaded All Assemblies, in  0.960 seconds
Refreshing native plugins compatible for Editor in 3.64 ms, found 1 plugins.
Native extension for WindowsStandalone target not found
Native extension for WebGL target not found
Mono: successfully reloaded assembly
- Finished resetting the current domain, in  0.976 seconds
Domain Reload Profiling: 1929ms
	BeginReloadAssembly (233ms)
		ExecutionOrderSort (0ms)
		DisableScriptedObjects (21ms)
		BackupInstance (0ms)
		ReleaseScriptingObjects (0ms)
		CreateAndSetChildDomain (42ms)
	RebuildCommonClasses (65ms)
	RebuildNativeTypeToScriptingClass (18ms)
	initialDomainReloadingComplete (68ms)
	LoadAllAssembliesAndSetupDomain (567ms)
		LoadAssemblies (373ms)
		RebuildTransferFunctionScriptingTraits (0ms)
		AnalyzeDomain (303ms)
			TypeCache.Refresh (298ms)
				TypeCache.ScanAssembly (281ms)
			ScanForSourceGeneratedMonoScriptInfo (0ms)
			ResolveRequiredComponents (5ms)
	FinalizeReload (976ms)
		ReleaseScriptCaches (0ms)
		RebuildScriptCaches (0ms)
		SetupLoadedEditorAssemblies (457ms)
			LogAssemblyErrors (0ms)
			InitializePlatformSupportModulesInManaged (14ms)
			SetLoadedEditorAssemblies (6ms)
			RefreshPlugins (0ms)
			BeforeProcessingInitializeOnLoad (99ms)
			ProcessInitializeOnLoadAttributes (272ms)
			ProcessInitializeOnLoadMethodAttributes (51ms)
			AfterProcessingInitializeOnLoad (15ms)
			EditorAssembliesLoaded (0ms)
		ExecutionOrderSort2 (0ms)
		AwakeInstancesAfterBackupRestoration (19ms)
Refreshing native plugins compatible for Editor in 3.97 ms, found 1 plugins.
Preloading 0 native plugins for Editor in 0.00 ms.
Unloading 1740 Unused Serialized files (Serialized files now loaded: 0)
Unloading 19 unused Assets / (99.1 KB). Loaded Objects now: 3417.
Memory consumption went from 87.5 MB to 87.4 MB.
Total: 5.680900 ms (FindLiveObjects: 0.544100 ms CreateObjectMapping: 0.122200 ms MarkObjects: 4.888100 ms  DeleteObjects: 0.124100 ms)

Prepare: number of updated asset objects reloaded= 0
AssetImportParameters requested are different than current active one (requested -> active):
  custom:video-decoder-webm-vp8: 9c59270c3fd7afecdb556c50c9e8de78 -> 
  custom:container-demuxer-ogg: 62fdf1f143b41e24485cea50d1cbac27 -> 
  custom:AudioImporter_EditorPlatform: d09bf68614088b80899f8185d706f6e7 -> 
  custom:video-codec-MediaFoundation-h265: 746d11721c4dcdbdad8f713fa42b33f4 -> 
  custom:video-decoder-ogg-theora: a1e56fd34408186e4bbccfd4996cb3dc -> 
  custom:framework-win-MediaFoundation: 216162199b28c13a410421893ffa2e32 -> 
  custom:video-encoder-webm-vp8: eb34c28f22e8b96e1ab97ce403110664 -> 
  custom:audio-decoder-ogg-vorbis: bf7c407c2cedff20999df2af8eb42d56 -> 
  custom:container-demuxer-webm: 4f35f7cbe854078d1ac9338744f61a02 -> 
  custom:audio-encoder-webm-vorbis: bf7c407c2cedff20999df2af8eb42d56 -> 
  custom:container-muxer-webm: aa71ff27fc2769a1b78a27578f13a17b -> 
========================================================================
Received Import Request.
  Time since last request: 964.680340 seconds.
  path: Assets/Scripts/Questions.cs
  artifactKey: Guid(3cf9c09ae821db2448fd759b0f654760) Importer(815301076,1909f56bfc062723c751e8b465ee728b)
Start importing Assets/Scripts/Questions.cs using Guid(3cf9c09ae821db2448fd759b0f654760) Importer(815301076,1909f56bfc062723c751e8b465ee728b)  -> (artifact id: '7f0f290086e46b0479021647b24074b3') in 0.003230 seconds
Number of updated asset objects reloaded before import = 0
Number of asset objects unloaded after import = 0
========================================================================
Received Import Request.
  Time since last request: 103.965390 seconds.
  path: Assets/Scripts/Questions.cs
  artifactKey: Guid(3cf9c09ae821db2448fd759b0f654760) Importer(815301076,1909f56bfc062723c751e8b465ee728b)
Start importing Assets/Scripts/Questions.cs using Guid(3cf9c09ae821db2448fd759b0f654760) Importer(815301076,1909f56bfc062723c751e8b465ee728b)  -> (artifact id: 'f2bc3415ffd74d17d58ce17cfa96d852') in 0.000917 seconds
Number of updated asset objects reloaded before import = 0
Number of asset objects unloaded after import = 0
========================================================================
Received Prepare
Begin MonoManager ReloadAssembly
- Loaded All Assemblies, in  0.973 seconds
Refreshing native plugins compatible for Editor in 4.27 ms, found 1 plugins.
Native extension for WindowsStandalone target not found
Native extension for WebGL target not found
Mono: successfully reloaded assembly
- Finished resetting the current domain, in  1.385 seconds
Domain Reload Profiling: 2352ms
	BeginReloadAssembly (239ms)
		ExecutionOrderSort (0ms)
		DisableScriptedObjects (19ms)
		BackupInstance (0ms)
		ReleaseScriptingObjects (0ms)
		CreateAndSetChildDomain (44ms)
	RebuildCommonClasses (74ms)
	RebuildNativeTypeToScriptingClass (18ms)
	initialDomainReloadingComplete (53ms)
	LoadAllAssembliesAndSetupDomain (582ms)
		LoadAssemblies (391ms)
		RebuildTransferFunctionScriptingTraits (0ms)
		AnalyzeDomain (294ms)
			TypeCache.Refresh (286ms)
				TypeCache.ScanAssembly (268ms)
			ScanForSourceGeneratedMonoScriptInfo (3ms)
			ResolveRequiredComponents (5ms)
	FinalizeReload (1386ms)
		ReleaseScriptCaches (0ms)
		RebuildScriptCaches (0ms)
		SetupLoadedEditorAssemblies (520ms)
			LogAssemblyErrors (0ms)
			InitializePlatformSupportModulesInManaged (16ms)
			SetLoadedEditorAssemblies (7ms)
			RefreshPlugins (0ms)
			BeforeProcessingInitializeOnLoad (117ms)
			ProcessInitializeOnLoadAttributes (304ms)
			ProcessInitializeOnLoadMethodAttributes (58ms)
			AfterProcessingInitializeOnLoad (18ms)
			EditorAssembliesLoaded (0ms)
		ExecutionOrderSort2 (0ms)
		AwakeInstancesAfterBackupRestoration (19ms)
Refreshing native plugins compatible for Editor in 4.76 ms, found 1 plugins.
Preloading 0 native plugins for Editor in 0.00 ms.
Unloading 1739 Unused Serialized files (Serialized files now loaded: 0)
Unloading 19 unused Assets / (99.2 KB). Loaded Objects now: 3433.
Memory consumption went from 87.3 MB to 87.2 MB.
Total: 6.869200 ms (FindLiveObjects: 0.598100 ms CreateObjectMapping: 0.166900 ms MarkObjects: 5.909500 ms  DeleteObjects: 0.192500 ms)

Prepare: number of updated asset objects reloaded= 0
AssetImportParameters requested are different than current active one (requested -> active):
  custom:video-decoder-webm-vp8: 9c59270c3fd7afecdb556c50c9e8de78 -> 
  custom:container-demuxer-ogg: 62fdf1f143b41e24485cea50d1cbac27 -> 
  custom:AudioImporter_EditorPlatform: d09bf68614088b80899f8185d706f6e7 -> 
  custom:video-codec-MediaFoundation-h265: 746d11721c4dcdbdad8f713fa42b33f4 -> 
  custom:video-decoder-ogg-theora: a1e56fd34408186e4bbccfd4996cb3dc -> 
  custom:framework-win-MediaFoundation: 216162199b28c13a410421893ffa2e32 -> 
  custom:video-encoder-webm-vp8: eb34c28f22e8b96e1ab97ce403110664 -> 
  custom:audio-decoder-ogg-vorbis: bf7c407c2cedff20999df2af8eb42d56 -> 
  custom:container-demuxer-webm: 4f35f7cbe854078d1ac9338744f61a02 -> 
  custom:audio-encoder-webm-vorbis: bf7c407c2cedff20999df2af8eb42d56 -> 
  custom:container-muxer-webm: aa71ff27fc2769a1b78a27578f13a17b -> 
========================================================================
Received Prepare
Begin MonoManager ReloadAssembly
- Loaded All Assemblies, in  1.020 seconds
Refreshing native plugins compatible for Editor in 6.74 ms, found 1 plugins.
Native extension for WindowsStandalone target not found
Native extension for WebGL target not found
Mono: successfully reloaded assembly
- Finished resetting the current domain, in  1.042 seconds
Domain Reload Profiling: 2055ms
	BeginReloadAssembly (238ms)
		ExecutionOrderSort (0ms)
		DisableScriptedObjects (23ms)
		BackupInstance (0ms)
		ReleaseScriptingObjects (0ms)
		CreateAndSetChildDomain (46ms)
	RebuildCommonClasses (61ms)
	RebuildNativeTypeToScriptingClass (19ms)
	initialDomainReloadingComplete (55ms)
	LoadAllAssembliesAndSetupDomain (639ms)
		LoadAssemblies (352ms)
		RebuildTransferFunctionScriptingTraits (0ms)
		AnalyzeDomain (386ms)
			TypeCache.Refresh (375ms)
				TypeCache.ScanAssembly (357ms)
			ScanForSourceGeneratedMonoScriptInfo (0ms)
			ResolveRequiredComponents (10ms)
	FinalizeReload (1043ms)
		ReleaseScriptCaches (0ms)
		RebuildScriptCaches (0ms)
		SetupLoadedEditorAssemblies (471ms)
			LogAssemblyErrors (0ms)
			InitializePlatformSupportModulesInManaged (19ms)
			SetLoadedEditorAssemblies (8ms)
			RefreshPlugins (0ms)
			BeforeProcessingInitializeOnLoad (101ms)
			ProcessInitializeOnLoadAttributes (274ms)
			ProcessInitializeOnLoadMethodAttributes (51ms)
			AfterProcessingInitializeOnLoad (17ms)
			EditorAssembliesLoaded (0ms)
		ExecutionOrderSort2 (0ms)
		AwakeInstancesAfterBackupRestoration (20ms)
Refreshing native plugins compatible for Editor in 6.37 ms, found 1 plugins.
Preloading 0 native plugins for Editor in 0.00 ms.
Unloading 1740 Unused Serialized files (Serialized files now loaded: 0)
Unloading 19 unused Assets / (99.2 KB). Loaded Objects now: 3449.
Memory consumption went from 87.5 MB to 87.4 MB.
Total: 7.007500 ms (FindLiveObjects: 0.604700 ms CreateObjectMapping: 0.230700 ms MarkObjects: 6.031900 ms  DeleteObjects: 0.137800 ms)

Prepare: number of updated asset objects reloaded= 0
AssetImportParameters requested are different than current active one (requested -> active):
  custom:video-decoder-webm-vp8: 9c59270c3fd7afecdb556c50c9e8de78 -> 
  custom:container-demuxer-ogg: 62fdf1f143b41e24485cea50d1cbac27 -> 
  custom:AudioImporter_EditorPlatform: d09bf68614088b80899f8185d706f6e7 -> 
  custom:video-codec-MediaFoundation-h265: 746d11721c4dcdbdad8f713fa42b33f4 -> 
  custom:video-decoder-ogg-theora: a1e56fd34408186e4bbccfd4996cb3dc -> 
  custom:framework-win-MediaFoundation: 216162199b28c13a410421893ffa2e32 -> 
  custom:video-encoder-webm-vp8: eb34c28f22e8b96e1ab97ce403110664 -> 
  custom:audio-decoder-ogg-vorbis: bf7c407c2cedff20999df2af8eb42d56 -> 
  custom:container-demuxer-webm: 4f35f7cbe854078d1ac9338744f61a02 -> 
  custom:audio-encoder-webm-vorbis: bf7c407c2cedff20999df2af8eb42d56 -> 
  custom:container-muxer-webm: aa71ff27fc2769a1b78a27578f13a17b -> 
========================================================================
Received Prepare
Begin MonoManager ReloadAssembly
- Loaded All Assemblies, in  1.009 seconds
Refreshing native plugins compatible for Editor in 4.49 ms, found 1 plugins.
Native extension for WindowsStandalone target not found
Native extension for WebGL target not found
Mono: successfully reloaded assembly
- Finished resetting the current domain, in  1.252 seconds
Domain Reload Profiling: 2255ms
	BeginReloadAssembly (263ms)
		ExecutionOrderSort (0ms)
		DisableScriptedObjects (25ms)
		BackupInstance (0ms)
		ReleaseScriptingObjects (0ms)
		CreateAndSetChildDomain (42ms)
	RebuildCommonClasses (85ms)
	RebuildNativeTypeToScriptingClass (21ms)
	initialDomainReloadingComplete (60ms)
	LoadAllAssembliesAndSetupDomain (575ms)
		LoadAssemblies (384ms)
		RebuildTransferFunctionScriptingTraits (0ms)
		AnalyzeDomain (321ms)
			TypeCache.Refresh (311ms)
				TypeCache.ScanAssembly (291ms)
			ScanForSourceGeneratedMonoScriptInfo (4ms)
			ResolveRequiredComponents (6ms)
	FinalizeReload (1253ms)
		ReleaseScriptCaches (0ms)
		RebuildScriptCaches (0ms)
		SetupLoadedEditorAssemblies (687ms)
			LogAssemblyErrors (0ms)
			InitializePlatformSupportModulesInManaged (27ms)
			SetLoadedEditorAssemblies (8ms)
			RefreshPlugins (0ms)
			BeforeProcessingInitializeOnLoad (201ms)
			ProcessInitializeOnLoadAttributes (358ms)
			ProcessInitializeOnLoadMethodAttributes (64ms)
			AfterProcessingInitializeOnLoad (23ms)
			EditorAssembliesLoaded (4ms)
		ExecutionOrderSort2 (0ms)
		AwakeInstancesAfterBackupRestoration (27ms)
Refreshing native plugins compatible for Editor in 4.52 ms, found 1 plugins.
Preloading 0 native plugins for Editor in 0.00 ms.
Unloading 1740 Unused Serialized files (Serialized files now loaded: 0)
Unloading 19 unused Assets / (99.2 KB). Loaded Objects now: 3465.
Memory consumption went from 87.5 MB to 87.4 MB.
Total: 5.667000 ms (FindLiveObjects: 0.454300 ms CreateObjectMapping: 0.154200 ms MarkObjects: 4.964900 ms  DeleteObjects: 0.091800 ms)

Prepare: number of updated asset objects reloaded= 0
AssetImportParameters requested are different than current active one (requested -> active):
  custom:video-decoder-webm-vp8: 9c59270c3fd7afecdb556c50c9e8de78 -> 
  custom:container-demuxer-ogg: 62fdf1f143b41e24485cea50d1cbac27 -> 
  custom:AudioImporter_EditorPlatform: d09bf68614088b80899f8185d706f6e7 -> 
  custom:video-codec-MediaFoundation-h265: 746d11721c4dcdbdad8f713fa42b33f4 -> 
  custom:video-decoder-ogg-theora: a1e56fd34408186e4bbccfd4996cb3dc -> 
  custom:framework-win-MediaFoundation: 216162199b28c13a410421893ffa2e32 -> 
  custom:video-encoder-webm-vp8: eb34c28f22e8b96e1ab97ce403110664 -> 
  custom:audio-decoder-ogg-vorbis: bf7c407c2cedff20999df2af8eb42d56 -> 
  custom:container-demuxer-webm: 4f35f7cbe854078d1ac9338744f61a02 -> 
  custom:audio-encoder-webm-vorbis: bf7c407c2cedff20999df2af8eb42d56 -> 
  custom:container-muxer-webm: aa71ff27fc2769a1b78a27578f13a17b -> 
========================================================================
Received Import Request.
  Time since last request: 426.252507 seconds.
  path: Assets/Scripts/Questions.cs
  artifactKey: Guid(3cf9c09ae821db2448fd759b0f654760) Importer(815301076,1909f56bfc062723c751e8b465ee728b)
Start importing Assets/Scripts/Questions.cs using Guid(3cf9c09ae821db2448fd759b0f654760) Importer(815301076,1909f56bfc062723c751e8b465ee728b)  -> (artifact id: '9acd274118fe58248d5e3ac75d021c31') in 0.003577 seconds
Number of updated asset objects reloaded before import = 0
Number of asset objects unloaded after import = 0
========================================================================
Received Prepare
Begin MonoManager ReloadAssembly
- Loaded All Assemblies, in  1.135 seconds
Refreshing native plugins compatible for Editor in 4.54 ms, found 1 plugins.
Native extension for WindowsStandalone target not found
Native extension for WebGL target not found
Mono: successfully reloaded assembly
- Finished resetting the current domain, in  1.020 seconds
Domain Reload Profiling: 2149ms
	BeginReloadAssembly (277ms)
		ExecutionOrderSort (0ms)
		DisableScriptedObjects (25ms)
		BackupInstance (0ms)
		ReleaseScriptingObjects (0ms)
		CreateAndSetChildDomain (44ms)
	RebuildCommonClasses (87ms)
	RebuildNativeTypeToScriptingClass (26ms)
	initialDomainReloadingComplete (55ms)
	LoadAllAssembliesAndSetupDomain (683ms)
		LoadAssemblies (436ms)
		RebuildTransferFunctionScriptingTraits (0ms)
		AnalyzeDomain (371ms)
			TypeCache.Refresh (365ms)
				TypeCache.ScanAssembly (346ms)
			ScanForSourceGeneratedMonoScriptInfo (0ms)
			ResolveRequiredComponents (5ms)
	FinalizeReload (1021ms)
		ReleaseScriptCaches (0ms)
		RebuildScriptCaches (0ms)
		SetupLoadedEditorAssemblies (472ms)
			LogAssemblyErrors (0ms)
			InitializePlatformSupportModulesInManaged (14ms)
			SetLoadedEditorAssemblies (6ms)
			RefreshPlugins (0ms)
			BeforeProcessingInitializeOnLoad (109ms)
			ProcessInitializeOnLoadAttributes (272ms)
			ProcessInitializeOnLoadMethodAttributes (54ms)
			AfterProcessingInitializeOnLoad (16ms)
			EditorAssembliesLoaded (0ms)
		ExecutionOrderSort2 (0ms)
		AwakeInstancesAfterBackupRestoration (22ms)
Refreshing native plugins compatible for Editor in 5.33 ms, found 1 plugins.
Preloading 0 native plugins for Editor in 0.00 ms.
Unloading 1739 Unused Serialized files (Serialized files now loaded: 0)
Unloading 19 unused Assets / (99.2 KB). Loaded Objects now: 3481.
Memory consumption went from 87.3 MB to 87.2 MB.
Total: 5.892100 ms (FindLiveObjects: 0.710300 ms CreateObjectMapping: 0.314600 ms MarkObjects: 4.761300 ms  DeleteObjects: 0.102900 ms)

Prepare: number of updated asset objects reloaded= 0
AssetImportParameters requested are different than current active one (requested -> active):
  custom:video-decoder-webm-vp8: 9c59270c3fd7afecdb556c50c9e8de78 -> 
  custom:container-demuxer-ogg: 62fdf1f143b41e24485cea50d1cbac27 -> 
  custom:AudioImporter_EditorPlatform: d09bf68614088b80899f8185d706f6e7 -> 
  custom:video-codec-MediaFoundation-h265: 746d11721c4dcdbdad8f713fa42b33f4 -> 
  custom:video-decoder-ogg-theora: a1e56fd34408186e4bbccfd4996cb3dc -> 
  custom:framework-win-MediaFoundation: 216162199b28c13a410421893ffa2e32 -> 
  custom:video-encoder-webm-vp8: eb34c28f22e8b96e1ab97ce403110664 -> 
  custom:audio-decoder-ogg-vorbis: bf7c407c2cedff20999df2af8eb42d56 -> 
  custom:container-demuxer-webm: 4f35f7cbe854078d1ac9338744f61a02 -> 
  custom:audio-encoder-webm-vorbis: bf7c407c2cedff20999df2af8eb42d56 -> 
  custom:container-muxer-webm: aa71ff27fc2769a1b78a27578f13a17b -> 
========================================================================
Received Import Request.
  Time since last request: 52.327288 seconds.
  path: Assets/Scripts/Questions.cs
  artifactKey: Guid(3cf9c09ae821db2448fd759b0f654760) Importer(815301076,1909f56bfc062723c751e8b465ee728b)
Start importing Assets/Scripts/Questions.cs using Guid(3cf9c09ae821db2448fd759b0f654760) Importer(815301076,1909f56bfc062723c751e8b465ee728b)  -> (artifact id: 'cd011f825f882f8b50ae33f221d5fd99') in 0.002846 seconds
Number of updated asset objects reloaded before import = 0
Number of asset objects unloaded after import = 0
========================================================================
Received Prepare
Begin MonoManager ReloadAssembly
- Loaded All Assemblies, in  0.962 seconds
Refreshing native plugins compatible for Editor in 5.91 ms, found 1 plugins.
Native extension for WindowsStandalone target not found
Native extension for WebGL target not found
Mono: successfully reloaded assembly
- Finished resetting the current domain, in  1.172 seconds
Domain Reload Profiling: 2128ms
	BeginReloadAssembly (246ms)
		ExecutionOrderSort (0ms)
		DisableScriptedObjects (22ms)
		BackupInstance (0ms)
		ReleaseScriptingObjects (0ms)
		CreateAndSetChildDomain (49ms)
	RebuildCommonClasses (65ms)
	RebuildNativeTypeToScriptingClass (22ms)
	initialDomainReloadingComplete (64ms)
	LoadAllAssembliesAndSetupDomain (558ms)
		LoadAssemblies (371ms)
		RebuildTransferFunctionScriptingTraits (0ms)
		AnalyzeDomain (291ms)
			TypeCache.Refresh (282ms)
				TypeCache.ScanAssembly (265ms)
			ScanForSourceGeneratedMonoScriptInfo (2ms)
			ResolveRequiredComponents (7ms)
	FinalizeReload (1173ms)
		ReleaseScriptCaches (0ms)
		RebuildScriptCaches (0ms)
		SetupLoadedEditorAssemblies (560ms)
			LogAssemblyErrors (0ms)
			InitializePlatformSupportModulesInManaged (13ms)
			SetLoadedEditorAssemblies (5ms)
			RefreshPlugins (0ms)
			BeforeProcessingInitializeOnLoad (111ms)
			ProcessInitializeOnLoadAttributes (350ms)
			ProcessInitializeOnLoadMethodAttributes (60ms)
			AfterProcessingInitializeOnLoad (21ms)
			EditorAssembliesLoaded (1ms)
		ExecutionOrderSort2 (0ms)
		AwakeInstancesAfterBackupRestoration (35ms)
Refreshing native plugins compatible for Editor in 3.58 ms, found 1 plugins.
Preloading 0 native plugins for Editor in 0.00 ms.
Unloading 1739 Unused Serialized files (Serialized files now loaded: 0)
Unloading 19 unused Assets / (99.2 KB). Loaded Objects now: 3497.
Memory consumption went from 87.3 MB to 87.2 MB.
Total: 5.103900 ms (FindLiveObjects: 0.443800 ms CreateObjectMapping: 0.127700 ms MarkObjects: 4.451300 ms  DeleteObjects: 0.079600 ms)

Prepare: number of updated asset objects reloaded= 0
AssetImportParameters requested are different than current active one (requested -> active):
  custom:video-decoder-webm-vp8: 9c59270c3fd7afecdb556c50c9e8de78 -> 
  custom:container-demuxer-ogg: 62fdf1f143b41e24485cea50d1cbac27 -> 
  custom:AudioImporter_EditorPlatform: d09bf68614088b80899f8185d706f6e7 -> 
  custom:video-codec-MediaFoundation-h265: 746d11721c4dcdbdad8f713fa42b33f4 -> 
  custom:video-decoder-ogg-theora: a1e56fd34408186e4bbccfd4996cb3dc -> 
  custom:framework-win-MediaFoundation: 216162199b28c13a410421893ffa2e32 -> 
  custom:video-encoder-webm-vp8: eb34c28f22e8b96e1ab97ce403110664 -> 
  custom:audio-decoder-ogg-vorbis: bf7c407c2cedff20999df2af8eb42d56 -> 
  custom:container-demuxer-webm: 4f35f7cbe854078d1ac9338744f61a02 -> 
  custom:audio-encoder-webm-vorbis: bf7c407c2cedff20999df2af8eb42d56 -> 
  custom:container-muxer-webm: aa71ff27fc2769a1b78a27578f13a17b -> 
========================================================================
Received Prepare
Begin MonoManager ReloadAssembly
- Loaded All Assemblies, in  1.077 seconds
Refreshing native plugins compatible for Editor in 5.79 ms, found 1 plugins.
Native extension for WindowsStandalone target not found
Native extension for WebGL target not found
Mono: successfully reloaded assembly
- Finished resetting the current domain, in  1.060 seconds
Domain Reload Profiling: 2131ms
	BeginReloadAssembly (256ms)
		ExecutionOrderSort (0ms)
		DisableScriptedObjects (25ms)
		BackupInstance (0ms)
		ReleaseScriptingObjects (0ms)
		CreateAndSetChildDomain (38ms)
	RebuildCommonClasses (70ms)
	RebuildNativeTypeToScriptingClass (21ms)
	initialDomainReloadingComplete (61ms)
	LoadAllAssembliesAndSetupDomain (662ms)
		LoadAssemblies (386ms)
		RebuildTransferFunctionScriptingTraits (0ms)
		AnalyzeDomain (401ms)
			TypeCache.Refresh (393ms)
				TypeCache.ScanAssembly (373ms)
			ScanForSourceGeneratedMonoScriptInfo (0ms)
			ResolveRequiredComponents (7ms)
	FinalizeReload (1061ms)
		ReleaseScriptCaches (0ms)
		RebuildScriptCaches (0ms)
		SetupLoadedEditorAssemblies (486ms)
			LogAssemblyErrors (0ms)
			InitializePlatformSupportModulesInManaged (14ms)
			SetLoadedEditorAssemblies (6ms)
			RefreshPlugins (0ms)
			BeforeProcessingInitializeOnLoad (99ms)
			ProcessInitializeOnLoadAttributes (295ms)
			ProcessInitializeOnLoadMethodAttributes (53ms)
			AfterProcessingInitializeOnLoad (19ms)
			EditorAssembliesLoaded (0ms)
		ExecutionOrderSort2 (0ms)
		AwakeInstancesAfterBackupRestoration (30ms)
Refreshing native plugins compatible for Editor in 6.01 ms, found 1 plugins.
Preloading 0 native plugins for Editor in 0.00 ms.
Unloading 1740 Unused Serialized files (Serialized files now loaded: 0)
Unloading 19 unused Assets / (99.3 KB). Loaded Objects now: 3513.
Memory consumption went from 87.6 MB to 87.5 MB.
Total: 7.793000 ms (FindLiveObjects: 0.684800 ms CreateObjectMapping: 0.219300 ms MarkObjects: 6.703700 ms  DeleteObjects: 0.182500 ms)

Prepare: number of updated asset objects reloaded= 0
AssetImportParameters requested are different than current active one (requested -> active):
  custom:video-decoder-webm-vp8: 9c59270c3fd7afecdb556c50c9e8de78 -> 
  custom:container-demuxer-ogg: 62fdf1f143b41e24485cea50d1cbac27 -> 
  custom:AudioImporter_EditorPlatform: d09bf68614088b80899f8185d706f6e7 -> 
  custom:video-codec-MediaFoundation-h265: 746d11721c4dcdbdad8f713fa42b33f4 -> 
  custom:video-decoder-ogg-theora: a1e56fd34408186e4bbccfd4996cb3dc -> 
  custom:framework-win-MediaFoundation: 216162199b28c13a410421893ffa2e32 -> 
  custom:video-encoder-webm-vp8: eb34c28f22e8b96e1ab97ce403110664 -> 
  custom:audio-decoder-ogg-vorbis: bf7c407c2cedff20999df2af8eb42d56 -> 
  custom:container-demuxer-webm: 4f35f7cbe854078d1ac9338744f61a02 -> 
  custom:audio-encoder-webm-vorbis: bf7c407c2cedff20999df2af8eb42d56 -> 
  custom:container-muxer-webm: aa71ff27fc2769a1b78a27578f13a17b -> 
========================================================================
Received Prepare
Begin MonoManager ReloadAssembly
- Loaded All Assemblies, in  1.044 seconds
Refreshing native plugins compatible for Editor in 4.41 ms, found 1 plugins.
Native extension for WindowsStandalone target not found
Native extension for WebGL target not found
Mono: successfully reloaded assembly
- Finished resetting the current domain, in  1.602 seconds
Domain Reload Profiling: 2641ms
	BeginReloadAssembly (263ms)
		ExecutionOrderSort (0ms)
		DisableScriptedObjects (29ms)
		BackupInstance (0ms)
		ReleaseScriptingObjects (0ms)
		CreateAndSetChildDomain (50ms)
	RebuildCommonClasses (76ms)
	RebuildNativeTypeToScriptingClass (21ms)
	initialDomainReloadingComplete (62ms)
	LoadAllAssembliesAndSetupDomain (615ms)
		LoadAssemblies (404ms)
		RebuildTransferFunctionScriptingTraits (0ms)
		AnalyzeDomain (325ms)
			TypeCache.Refresh (317ms)
				TypeCache.ScanAssembly (297ms)
			ScanForSourceGeneratedMonoScriptInfo (3ms)
			ResolveRequiredComponents (5ms)
	FinalizeReload (1603ms)
		ReleaseScriptCaches (0ms)
		RebuildScriptCaches (0ms)
		SetupLoadedEditorAssemblies (579ms)
			LogAssemblyErrors (0ms)
			InitializePlatformSupportModulesInManaged (16ms)
			SetLoadedEditorAssemblies (7ms)
			RefreshPlugins (0ms)
			BeforeProcessingInitializeOnLoad (124ms)
			ProcessInitializeOnLoadAttributes (347ms)
			ProcessInitializeOnLoadMethodAttributes (67ms)
			AfterProcessingInitializeOnLoad (17ms)
			EditorAssembliesLoaded (0ms)
		ExecutionOrderSort2 (0ms)
		AwakeInstancesAfterBackupRestoration (27ms)
Refreshing native plugins compatible for Editor in 4.95 ms, found 1 plugins.
Preloading 0 native plugins for Editor in 0.00 ms.
Unloading 1740 Unused Serialized files (Serialized files now loaded: 0)
Unloading 19 unused Assets / (99.2 KB). Loaded Objects now: 3529.
Memory consumption went from 87.6 MB to 87.5 MB.
Total: 5.138100 ms (FindLiveObjects: 0.409800 ms CreateObjectMapping: 0.121900 ms MarkObjects: 4.531200 ms  DeleteObjects: 0.073500 ms)

Prepare: number of updated asset objects reloaded= 0
AssetImportParameters requested are different than current active one (requested -> active):
  custom:video-decoder-webm-vp8: 9c59270c3fd7afecdb556c50c9e8de78 -> 
  custom:container-demuxer-ogg: 62fdf1f143b41e24485cea50d1cbac27 -> 
  custom:AudioImporter_EditorPlatform: d09bf68614088b80899f8185d706f6e7 -> 
  custom:video-codec-MediaFoundation-h265: 746d11721c4dcdbdad8f713fa42b33f4 -> 
  custom:video-decoder-ogg-theora: a1e56fd34408186e4bbccfd4996cb3dc -> 
  custom:framework-win-MediaFoundation: 216162199b28c13a410421893ffa2e32 -> 
  custom:video-encoder-webm-vp8: eb34c28f22e8b96e1ab97ce403110664 -> 
  custom:audio-decoder-ogg-vorbis: bf7c407c2cedff20999df2af8eb42d56 -> 
  custom:container-demuxer-webm: 4f35f7cbe854078d1ac9338744f61a02 -> 
  custom:audio-encoder-webm-vorbis: bf7c407c2cedff20999df2af8eb42d56 -> 
  custom:container-muxer-webm: aa71ff27fc2769a1b78a27578f13a17b -> 
========================================================================
Received Import Request.
  Time since last request: 227.785132 seconds.
  path: Assets/Scripts/Questions.cs
  artifactKey: Guid(3cf9c09ae821db2448fd759b0f654760) Importer(815301076,1909f56bfc062723c751e8b465ee728b)
Start importing Assets/Scripts/Questions.cs using Guid(3cf9c09ae821db2448fd759b0f654760) Importer(815301076,1909f56bfc062723c751e8b465ee728b)  -> (artifact id: 'b8a1b35bd95477eae4f7b176a0c98462') in 0.002865 seconds
Number of updated asset objects reloaded before import = 0
Number of asset objects unloaded after import = 0
========================================================================
Received Prepare
Begin MonoManager ReloadAssembly
- Loaded All Assemblies, in  1.215 seconds
Refreshing native plugins compatible for Editor in 3.97 ms, found 1 plugins.
Native extension for WindowsStandalone target not found
Native extension for WebGL target not found
Mono: successfully reloaded assembly
- Finished resetting the current domain, in  1.664 seconds
Domain Reload Profiling: 2873ms
	BeginReloadAssembly (402ms)
		ExecutionOrderSort (0ms)
		DisableScriptedObjects (53ms)
		BackupInstance (0ms)
		ReleaseScriptingObjects (0ms)
		CreateAndSetChildDomain (78ms)
	RebuildCommonClasses (71ms)
	RebuildNativeTypeToScriptingClass (27ms)
	initialDomainReloadingComplete (65ms)
	LoadAllAssembliesAndSetupDomain (643ms)
		LoadAssemblies (457ms)
		RebuildTransferFunctionScriptingTraits (0ms)
		AnalyzeDomain (337ms)
			TypeCache.Refresh (324ms)
				TypeCache.ScanAssembly (298ms)
			ScanForSourceGeneratedMonoScriptInfo (5ms)
			ResolveRequiredComponents (7ms)
	FinalizeReload (1666ms)
		ReleaseScriptCaches (0ms)
		RebuildScriptCaches (0ms)
		SetupLoadedEditorAssemblies (534ms)
			LogAssemblyErrors (0ms)
			InitializePlatformSupportModulesInManaged (18ms)
			SetLoadedEditorAssemblies (8ms)
			RefreshPlugins (0ms)
			BeforeProcessingInitializeOnLoad (130ms)
			ProcessInitializeOnLoadAttributes (309ms)
			ProcessInitializeOnLoadMethodAttributes (53ms)
			AfterProcessingInitializeOnLoad (15ms)
			EditorAssembliesLoaded (0ms)
		ExecutionOrderSort2 (0ms)
		AwakeInstancesAfterBackupRestoration (22ms)
Refreshing native plugins compatible for Editor in 4.25 ms, found 1 plugins.
Preloading 0 native plugins for Editor in 0.00 ms.
Unloading 1739 Unused Serialized files (Serialized files now loaded: 0)
Unloading 19 unused Assets / (99.2 KB). Loaded Objects now: 3545.
Memory consumption went from 87.3 MB to 87.2 MB.
Total: 5.071000 ms (FindLiveObjects: 0.434100 ms CreateObjectMapping: 0.124700 ms MarkObjects: 4.421500 ms  DeleteObjects: 0.089100 ms)

Prepare: number of updated asset objects reloaded= 0
AssetImportParameters requested are different than current active one (requested -> active):
  custom:video-decoder-webm-vp8: 9c59270c3fd7afecdb556c50c9e8de78 -> 
  custom:container-demuxer-ogg: 62fdf1f143b41e24485cea50d1cbac27 -> 
  custom:AudioImporter_EditorPlatform: d09bf68614088b80899f8185d706f6e7 -> 
  custom:video-codec-MediaFoundation-h265: 746d11721c4dcdbdad8f713fa42b33f4 -> 
  custom:video-decoder-ogg-theora: a1e56fd34408186e4bbccfd4996cb3dc -> 
  custom:framework-win-MediaFoundation: 216162199b28c13a410421893ffa2e32 -> 
  custom:video-encoder-webm-vp8: eb34c28f22e8b96e1ab97ce403110664 -> 
  custom:audio-decoder-ogg-vorbis: bf7c407c2cedff20999df2af8eb42d56 -> 
  custom:container-demuxer-webm: 4f35f7cbe854078d1ac9338744f61a02 -> 
  custom:audio-encoder-webm-vorbis: bf7c407c2cedff20999df2af8eb42d56 -> 
  custom:container-muxer-webm: aa71ff27fc2769a1b78a27578f13a17b -> 
========================================================================
Received Import Request.
  Time since last request: 366.732022 seconds.
  path: Assets/Scripts/Questions.cs
  artifactKey: Guid(3cf9c09ae821db2448fd759b0f654760) Importer(815301076,1909f56bfc062723c751e8b465ee728b)
Start importing Assets/Scripts/Questions.cs using Guid(3cf9c09ae821db2448fd759b0f654760) Importer(815301076,1909f56bfc062723c751e8b465ee728b)  -> (artifact id: 'c6353e4bd82c0e7d7995f2fb141cbad7') in 0.002711 seconds
Number of updated asset objects reloaded before import = 0
Number of asset objects unloaded after import = 0
========================================================================
Received Prepare
Begin MonoManager ReloadAssembly
- Loaded All Assemblies, in  1.007 seconds
Refreshing native plugins compatible for Editor in 3.64 ms, found 1 plugins.
Native extension for WindowsStandalone target not found
Native extension for WebGL target not found
Mono: successfully reloaded assembly
- Finished resetting the current domain, in  1.002 seconds
Domain Reload Profiling: 2003ms
	BeginReloadAssembly (259ms)
		ExecutionOrderSort (0ms)
		DisableScriptedObjects (20ms)
		BackupInstance (0ms)
		ReleaseScriptingObjects (0ms)
		CreateAndSetChildDomain (45ms)
	RebuildCommonClasses (86ms)
	RebuildNativeTypeToScriptingClass (21ms)
	initialDomainReloadingComplete (61ms)
	LoadAllAssembliesAndSetupDomain (572ms)
		LoadAssemblies (394ms)
		RebuildTransferFunctionScriptingTraits (0ms)
		AnalyzeDomain (308ms)
			TypeCache.Refresh (301ms)
				TypeCache.ScanAssembly (284ms)
			ScanForSourceGeneratedMonoScriptInfo (2ms)
			ResolveRequiredComponents (5ms)
	FinalizeReload (1003ms)
		ReleaseScriptCaches (0ms)
		RebuildScriptCaches (0ms)
		SetupLoadedEditorAssemblies (466ms)
			LogAssemblyErrors (0ms)
			InitializePlatformSupportModulesInManaged (14ms)
			SetLoadedEditorAssemblies (6ms)
			RefreshPlugins (0ms)
			BeforeProcessingInitializeOnLoad (97ms)
			ProcessInitializeOnLoadAttributes (274ms)
			ProcessInitializeOnLoadMethodAttributes (57ms)
			AfterProcessingInitializeOnLoad (18ms)
			EditorAssembliesLoaded (0ms)
		ExecutionOrderSort2 (0ms)
		AwakeInstancesAfterBackupRestoration (22ms)
Refreshing native plugins compatible for Editor in 5.65 ms, found 1 plugins.
Preloading 0 native plugins for Editor in 0.00 ms.
Unloading 1739 Unused Serialized files (Serialized files now loaded: 0)
Unloading 19 unused Assets / (99.3 KB). Loaded Objects now: 3561.
Memory consumption went from 87.3 MB to 87.2 MB.
Total: 5.572900 ms (FindLiveObjects: 0.452800 ms CreateObjectMapping: 0.124900 ms MarkObjects: 4.899600 ms  DeleteObjects: 0.093200 ms)

Prepare: number of updated asset objects reloaded= 0
AssetImportParameters requested are different than current active one (requested -> active):
  custom:video-decoder-webm-vp8: 9c59270c3fd7afecdb556c50c9e8de78 -> 
  custom:container-demuxer-ogg: 62fdf1f143b41e24485cea50d1cbac27 -> 
  custom:AudioImporter_EditorPlatform: d09bf68614088b80899f8185d706f6e7 -> 
  custom:video-codec-MediaFoundation-h265: 746d11721c4dcdbdad8f713fa42b33f4 -> 
  custom:video-decoder-ogg-theora: a1e56fd34408186e4bbccfd4996cb3dc -> 
  custom:framework-win-MediaFoundation: 216162199b28c13a410421893ffa2e32 -> 
  custom:video-encoder-webm-vp8: eb34c28f22e8b96e1ab97ce403110664 -> 
  custom:audio-decoder-ogg-vorbis: bf7c407c2cedff20999df2af8eb42d56 -> 
  custom:container-demuxer-webm: 4f35f7cbe854078d1ac9338744f61a02 -> 
  custom:audio-encoder-webm-vorbis: bf7c407c2cedff20999df2af8eb42d56 -> 
  custom:container-muxer-webm: aa71ff27fc2769a1b78a27578f13a17b -> 
========================================================================
Received Prepare
Begin MonoManager ReloadAssembly
- Loaded All Assemblies, in  0.912 seconds
Refreshing native plugins compatible for Editor in 4.10 ms, found 1 plugins.
Native extension for WindowsStandalone target not found
Native extension for WebGL target not found
Mono: successfully reloaded assembly
- Finished resetting the current domain, in  1.107 seconds
Domain Reload Profiling: 2015ms
	BeginReloadAssembly (229ms)
		ExecutionOrderSort (0ms)
		DisableScriptedObjects (22ms)
		BackupInstance (0ms)
		ReleaseScriptingObjects (0ms)
		CreateAndSetChildDomain (38ms)
	RebuildCommonClasses (66ms)
	RebuildNativeTypeToScriptingClass (19ms)
	initialDomainReloadingComplete (53ms)
	LoadAllAssembliesAndSetupDomain (539ms)
		LoadAssemblies (351ms)
		RebuildTransferFunctionScriptingTraits (0ms)
		AnalyzeDomain (293ms)
			TypeCache.Refresh (287ms)
				TypeCache.ScanAssembly (268ms)
			ScanForSourceGeneratedMonoScriptInfo (0ms)
			ResolveRequiredComponents (6ms)
	FinalizeReload (1109ms)
		ReleaseScriptCaches (0ms)
		RebuildScriptCaches (0ms)
		SetupLoadedEditorAssemblies (530ms)
			LogAssemblyErrors (0ms)
			InitializePlatformSupportModulesInManaged (14ms)
			SetLoadedEditorAssemblies (6ms)
			RefreshPlugins (0ms)
			BeforeProcessingInitializeOnLoad (104ms)
			ProcessInitializeOnLoadAttributes (294ms)
			ProcessInitializeOnLoadMethodAttributes (90ms)
			AfterProcessingInitializeOnLoad (21ms)
			EditorAssembliesLoaded (0ms)
		ExecutionOrderSort2 (0ms)
		AwakeInstancesAfterBackupRestoration (35ms)
Refreshing native plugins compatible for Editor in 6.75 ms, found 1 plugins.
Preloading 0 native plugins for Editor in 0.00 ms.
Unloading 1740 Unused Serialized files (Serialized files now loaded: 0)
Unloading 19 unused Assets / (99.2 KB). Loaded Objects now: 3577.
Memory consumption went from 87.6 MB to 87.5 MB.
Total: 8.062000 ms (FindLiveObjects: 0.430200 ms CreateObjectMapping: 0.128600 ms MarkObjects: 7.261700 ms  DeleteObjects: 0.238600 ms)

Prepare: number of updated asset objects reloaded= 0
AssetImportParameters requested are different than current active one (requested -> active):
  custom:video-decoder-webm-vp8: 9c59270c3fd7afecdb556c50c9e8de78 -> 
  custom:container-demuxer-ogg: 62fdf1f143b41e24485cea50d1cbac27 -> 
  custom:AudioImporter_EditorPlatform: d09bf68614088b80899f8185d706f6e7 -> 
  custom:video-codec-MediaFoundation-h265: 746d11721c4dcdbdad8f713fa42b33f4 -> 
  custom:video-decoder-ogg-theora: a1e56fd34408186e4bbccfd4996cb3dc -> 
  custom:framework-win-MediaFoundation: 216162199b28c13a410421893ffa2e32 -> 
  custom:video-encoder-webm-vp8: eb34c28f22e8b96e1ab97ce403110664 -> 
  custom:audio-decoder-ogg-vorbis: bf7c407c2cedff20999df2af8eb42d56 -> 
  custom:container-demuxer-webm: 4f35f7cbe854078d1ac9338744f61a02 -> 
  custom:audio-encoder-webm-vorbis: bf7c407c2cedff20999df2af8eb42d56 -> 
  custom:container-muxer-webm: aa71ff27fc2769a1b78a27578f13a17b -> 
========================================================================
Received Prepare
Begin MonoManager ReloadAssembly
- Loaded All Assemblies, in  1.079 seconds
Refreshing native plugins compatible for Editor in 17.05 ms, found 1 plugins.
Native extension for WindowsStandalone target not found
Native extension for WebGL target not found
Mono: successfully reloaded assembly
- Finished resetting the current domain, in  1.467 seconds
Domain Reload Profiling: 2543ms
	BeginReloadAssembly (285ms)
		ExecutionOrderSort (0ms)
		DisableScriptedObjects (35ms)
		BackupInstance (0ms)
		ReleaseScriptingObjects (0ms)
		CreateAndSetChildDomain (60ms)
	RebuildCommonClasses (74ms)
	RebuildNativeTypeToScriptingClass (26ms)
	initialDomainReloadingComplete (68ms)
	LoadAllAssembliesAndSetupDomain (623ms)
		LoadAssemblies (421ms)
		RebuildTransferFunctionScriptingTraits (0ms)
		AnalyzeDomain (322ms)
			TypeCache.Refresh (311ms)
				TypeCache.ScanAssembly (287ms)
			ScanForSourceGeneratedMonoScriptInfo (0ms)
			ResolveRequiredComponents (10ms)
	FinalizeReload (1468ms)
		ReleaseScriptCaches (0ms)
		RebuildScriptCaches (0ms)
		SetupLoadedEditorAssemblies (700ms)
			LogAssemblyErrors (0ms)
			InitializePlatformSupportModulesInManaged (19ms)
			SetLoadedEditorAssemblies (8ms)
			RefreshPlugins (0ms)
			BeforeProcessingInitializeOnLoad (117ms)
			ProcessInitializeOnLoadAttributes (429ms)
			ProcessInitializeOnLoadMethodAttributes (101ms)
			AfterProcessingInitializeOnLoad (25ms)
			EditorAssembliesLoaded (1ms)
		ExecutionOrderSort2 (0ms)
		AwakeInstancesAfterBackupRestoration (45ms)
Refreshing native plugins compatible for Editor in 5.11 ms, found 1 plugins.
Preloading 0 native plugins for Editor in 0.00 ms.
Unloading 1740 Unused Serialized files (Serialized files now loaded: 0)
Unloading 19 unused Assets / (99.2 KB). Loaded Objects now: 3593.
Memory consumption went from 87.6 MB to 87.5 MB.
Total: 6.695500 ms (FindLiveObjects: 0.512000 ms CreateObjectMapping: 0.143500 ms MarkObjects: 5.938100 ms  DeleteObjects: 0.099800 ms)

Prepare: number of updated asset objects reloaded= 0
AssetImportParameters requested are different than current active one (requested -> active):
  custom:video-decoder-webm-vp8: 9c59270c3fd7afecdb556c50c9e8de78 -> 
  custom:container-demuxer-ogg: 62fdf1f143b41e24485cea50d1cbac27 -> 
  custom:AudioImporter_EditorPlatform: d09bf68614088b80899f8185d706f6e7 -> 
  custom:video-codec-MediaFoundation-h265: 746d11721c4dcdbdad8f713fa42b33f4 -> 
  custom:video-decoder-ogg-theora: a1e56fd34408186e4bbccfd4996cb3dc -> 
  custom:framework-win-MediaFoundation: 216162199b28c13a410421893ffa2e32 -> 
  custom:video-encoder-webm-vp8: eb34c28f22e8b96e1ab97ce403110664 -> 
  custom:audio-decoder-ogg-vorbis: bf7c407c2cedff20999df2af8eb42d56 -> 
  custom:container-demuxer-webm: 4f35f7cbe854078d1ac9338744f61a02 -> 
  custom:audio-encoder-webm-vorbis: bf7c407c2cedff20999df2af8eb42d56 -> 
  custom:container-muxer-webm: aa71ff27fc2769a1b78a27578f13a17b -> 
========================================================================
Received Import Request.
  Time since last request: 626.545337 seconds.
  path: Assets/Scripts/Questions.cs
  artifactKey: Guid(3cf9c09ae821db2448fd759b0f654760) Importer(815301076,1909f56bfc062723c751e8b465ee728b)
Start importing Assets/Scripts/Questions.cs using Guid(3cf9c09ae821db2448fd759b0f654760) Importer(815301076,1909f56bfc062723c751e8b465ee728b)  -> (artifact id: '7a075627baa25e86bdfc5b26a632c683') in 0.005243 seconds
Number of updated asset objects reloaded before import = 0
Number of asset objects unloaded after import = 0
========================================================================
Received Prepare
Begin MonoManager ReloadAssembly
- Loaded All Assemblies, in  2.254 seconds
Refreshing native plugins compatible for Editor in 4.16 ms, found 1 plugins.
Native extension for WindowsStandalone target not found
Native extension for WebGL target not found
Mono: successfully reloaded assembly
- Finished resetting the current domain, in  1.853 seconds
Domain Reload Profiling: 4100ms
	BeginReloadAssembly (1120ms)
		ExecutionOrderSort (0ms)
		DisableScriptedObjects (150ms)
		BackupInstance (0ms)
		ReleaseScriptingObjects (1ms)
		CreateAndSetChildDomain (516ms)
	RebuildCommonClasses (99ms)
	RebuildNativeTypeToScriptingClass (26ms)
	initialDomainReloadingComplete (95ms)
	LoadAllAssembliesAndSetupDomain (906ms)
		LoadAssemblies (797ms)
		RebuildTransferFunctionScriptingTraits (0ms)
		AnalyzeDomain (390ms)
			TypeCache.Refresh (376ms)
				TypeCache.ScanAssembly (345ms)
			ScanForSourceGeneratedMonoScriptInfo (6ms)
			ResolveRequiredComponents (8ms)
	FinalizeReload (1854ms)
		ReleaseScriptCaches (0ms)
		RebuildScriptCaches (0ms)
		SetupLoadedEditorAssemblies (669ms)
			LogAssemblyErrors (0ms)
			InitializePlatformSupportModulesInManaged (22ms)
			SetLoadedEditorAssemblies (11ms)
			RefreshPlugins (0ms)
			BeforeProcessingInitializeOnLoad (140ms)
			ProcessInitializeOnLoadAttributes (407ms)
			ProcessInitializeOnLoadMethodAttributes (72ms)
			AfterProcessingInitializeOnLoad (16ms)
			EditorAssembliesLoaded (0ms)
		ExecutionOrderSort2 (0ms)
		AwakeInstancesAfterBackupRestoration (27ms)
Refreshing native plugins compatible for Editor in 6.53 ms, found 1 plugins.
Preloading 0 native plugins for Editor in 0.00 ms.
Unloading 1739 Unused Serialized files (Serialized files now loaded: 0)
Unloading 19 unused Assets / (99.2 KB). Loaded Objects now: 3609.
Memory consumption went from 87.4 MB to 87.3 MB.
Total: 8.746100 ms (FindLiveObjects: 0.562500 ms CreateObjectMapping: 0.225700 ms MarkObjects: 7.854200 ms  DeleteObjects: 0.101800 ms)

Prepare: number of updated asset objects reloaded= 0
AssetImportParameters requested are different than current active one (requested -> active):
  custom:video-decoder-webm-vp8: 9c59270c3fd7afecdb556c50c9e8de78 -> 
  custom:container-demuxer-ogg: 62fdf1f143b41e24485cea50d1cbac27 -> 
  custom:AudioImporter_EditorPlatform: d09bf68614088b80899f8185d706f6e7 -> 
  custom:video-codec-MediaFoundation-h265: 746d11721c4dcdbdad8f713fa42b33f4 -> 
  custom:video-decoder-ogg-theora: a1e56fd34408186e4bbccfd4996cb3dc -> 
  custom:framework-win-MediaFoundation: 216162199b28c13a410421893ffa2e32 -> 
  custom:video-encoder-webm-vp8: eb34c28f22e8b96e1ab97ce403110664 -> 
  custom:audio-decoder-ogg-vorbis: bf7c407c2cedff20999df2af8eb42d56 -> 
  custom:container-demuxer-webm: 4f35f7cbe854078d1ac9338744f61a02 -> 
  custom:audio-encoder-webm-vorbis: bf7c407c2cedff20999df2af8eb42d56 -> 
  custom:container-muxer-webm: aa71ff27fc2769a1b78a27578f13a17b -> 
========================================================================
Received Import Request.
  Time since last request: 780.524142 seconds.
  path: Assets/Project2D.unity
  artifactKey: Guid(0a9723287d4efba41b1c5698d6311006) Importer(815301076,1909f56bfc062723c751e8b465ee728b)
Start importing Assets/Project2D.unity using Guid(0a9723287d4efba41b1c5698d6311006) Importer(815301076,1909f56bfc062723c751e8b465ee728b)  -> (artifact id: 'a3176258d2a3d3338743cad32301fae1') in 0.007878 seconds
Number of updated asset objects reloaded before import = 0
Number of asset objects unloaded after import = 0
========================================================================
Received Prepare
Begin MonoManager ReloadAssembly
- Loaded All Assemblies, in  1.063 seconds
Refreshing native plugins compatible for Editor in 4.68 ms, found 1 plugins.
Native extension for WindowsStandalone target not found
Native extension for WebGL target not found
Mono: successfully reloaded assembly
- Finished resetting the current domain, in  1.241 seconds
Domain Reload Profiling: 2299ms
	BeginReloadAssembly (371ms)
		ExecutionOrderSort (0ms)
		DisableScriptedObjects (21ms)
		BackupInstance (0ms)
		ReleaseScriptingObjects (0ms)
		CreateAndSetChildDomain (72ms)
	RebuildCommonClasses (83ms)
	RebuildNativeTypeToScriptingClass (23ms)
	initialDomainReloadingComplete (60ms)
	LoadAllAssembliesAndSetupDomain (519ms)
		LoadAssemblies (450ms)
		RebuildTransferFunctionScriptingTraits (0ms)
		AnalyzeDomain (276ms)
			TypeCache.Refresh (270ms)
				TypeCache.ScanAssembly (250ms)
			ScanForSourceGeneratedMonoScriptInfo (0ms)
			ResolveRequiredComponents (6ms)
	FinalizeReload (1242ms)
		ReleaseScriptCaches (0ms)
		RebuildScriptCaches (0ms)
		SetupLoadedEditorAssemblies (638ms)
			LogAssemblyErrors (0ms)
			InitializePlatformSupportModulesInManaged (16ms)
			SetLoadedEditorAssemblies (7ms)
			RefreshPlugins (0ms)
			BeforeProcessingInitializeOnLoad (106ms)
			ProcessInitializeOnLoadAttributes (388ms)
			ProcessInitializeOnLoadMethodAttributes (97ms)
			AfterProcessingInitializeOnLoad (23ms)
			EditorAssembliesLoaded (1ms)
		ExecutionOrderSort2 (0ms)
		AwakeInstancesAfterBackupRestoration (37ms)
Refreshing native plugins compatible for Editor in 5.81 ms, found 1 plugins.
Preloading 0 native plugins for Editor in 0.00 ms.
Unloading 1739 Unused Serialized files (Serialized files now loaded: 0)
Unloading 19 unused Assets / (99.1 KB). Loaded Objects now: 3625.
Memory consumption went from 87.4 MB to 87.3 MB.
Total: 9.732900 ms (FindLiveObjects: 1.094400 ms CreateObjectMapping: 0.413800 ms MarkObjects: 8.117300 ms  DeleteObjects: 0.104000 ms)

Prepare: number of updated asset objects reloaded= 0
AssetImportParameters requested are different than current active one (requested -> active):
  custom:video-decoder-webm-vp8: 9c59270c3fd7afecdb556c50c9e8de78 -> 
  custom:container-demuxer-ogg: 62fdf1f143b41e24485cea50d1cbac27 -> 
  custom:AudioImporter_EditorPlatform: d09bf68614088b80899f8185d706f6e7 -> 
  custom:video-codec-MediaFoundation-h265: 746d11721c4dcdbdad8f713fa42b33f4 -> 
  custom:video-decoder-ogg-theora: a1e56fd34408186e4bbccfd4996cb3dc -> 
  custom:framework-win-MediaFoundation: 216162199b28c13a410421893ffa2e32 -> 
  custom:video-encoder-webm-vp8: eb34c28f22e8b96e1ab97ce403110664 -> 
  custom:audio-decoder-ogg-vorbis: bf7c407c2cedff20999df2af8eb42d56 -> 
  custom:container-demuxer-webm: 4f35f7cbe854078d1ac9338744f61a02 -> 
  custom:audio-encoder-webm-vorbis: bf7c407c2cedff20999df2af8eb42d56 -> 
  custom:container-muxer-webm: aa71ff27fc2769a1b78a27578f13a17b -> 
========================================================================
Received Import Request.
  Time since last request: 353.296212 seconds.
  path: Assets/Images/FirstScreen.png
  artifactKey: Guid(8783f0cb93328f746bcee95ac7443853) Importer(815301076,1909f56bfc062723c751e8b465ee728b)
Start importing Assets/Images/FirstScreen.png using Guid(8783f0cb93328f746bcee95ac7443853) Importer(815301076,1909f56bfc062723c751e8b465ee728b)  -> (artifact id: '6413bb56fdf3e009d1a60285f61ce6dc') in 0.252276 seconds
Number of updated asset objects reloaded before import = 0
Number of asset objects unloaded after import = 3
========================================================================
Received Import Request.
  Time since last request: 634.833363 seconds.
  path: Assets/Font
  artifactKey: Guid(442acaeb6257b6445b8189117dd70bdf) Importer(815301076,1909f56bfc062723c751e8b465ee728b)
Start importing Assets/Font using Guid(442acaeb6257b6445b8189117dd70bdf) Importer(815301076,1909f56bfc062723c751e8b465ee728b)  -> (artifact id: '734272de225f55d3c2006a860ed3fc9b') in 0.000861 seconds
Number of updated asset objects reloaded before import = 0
Number of asset objects unloaded after import = 0
========================================================================
Received Import Request.
  Time since last request: 0.086659 seconds.
  path: Assets/Font/PixelifySans-VariableFont_wght.ttf
  artifactKey: Guid(c09f62436bedf6f4abad3cf7fe726ece) Importer(815301076,1909f56bfc062723c751e8b465ee728b)
Start importing Assets/Font/PixelifySans-VariableFont_wght.ttf using Guid(c09f62436bedf6f4abad3cf7fe726ece) Importer(815301076,1909f56bfc062723c751e8b465ee728b)  -> (artifact id: '315db77e1a55bd2ec8d57f412223c65b') in 0.161329 seconds
Number of updated asset objects reloaded before import = 0
Number of asset objects unloaded after import = 4
========================================================================
Received Import Request.
  Time since last request: 200.066070 seconds.
  path: Assets/TelaInicial.unity
  artifactKey: Guid(8cf18a7b9293c9045ae0eeb9fa25b36a) Importer(815301076,1909f56bfc062723c751e8b465ee728b)
Start importing Assets/TelaInicial.unity using Guid(8cf18a7b9293c9045ae0eeb9fa25b36a) Importer(815301076,1909f56bfc062723c751e8b465ee728b)  -> (artifact id: '3a056ca6ab5b9d32ffdef4c0925707bf') in 0.001160 seconds
Number of updated asset objects reloaded before import = 0
Number of asset objects unloaded after import = 0
========================================================================
Received Import Request.
  Time since last request: 45.800129 seconds.
  path: Assets/Images/Credits.png
  artifactKey: Guid(b350d0f10adacd7488af847933897987) Importer(815301076,1909f56bfc062723c751e8b465ee728b)
Start importing Assets/Images/Credits.png using Guid(b350d0f10adacd7488af847933897987) Importer(815301076,1909f56bfc062723c751e8b465ee728b)  -> (artifact id: 'ebfd856e12d4579118ff80fd528d26df') in 0.044536 seconds
Number of updated asset objects reloaded before import = 0
Number of asset objects unloaded after import = 3
========================================================================
Received Prepare
Begin MonoManager ReloadAssembly
- Loaded All Assemblies, in  1.610 seconds
Refreshing native plugins compatible for Editor in 5.96 ms, found 1 plugins.
Native extension for WindowsStandalone target not found
Native extension for WebGL target not found
Mono: successfully reloaded assembly
- Finished resetting the current domain, in  1.860 seconds
Domain Reload Profiling: 3463ms
	BeginReloadAssembly (402ms)
		ExecutionOrderSort (0ms)
		DisableScriptedObjects (30ms)
		BackupInstance (0ms)
		ReleaseScriptingObjects (0ms)
		CreateAndSetChildDomain (126ms)
	RebuildCommonClasses (92ms)
	RebuildNativeTypeToScriptingClass (21ms)
	initialDomainReloadingComplete (68ms)
	LoadAllAssembliesAndSetupDomain (1019ms)
		LoadAssemblies (622ms)
		RebuildTransferFunctionScriptingTraits (0ms)
		AnalyzeDomain (556ms)
			TypeCache.Refresh (544ms)
				TypeCache.ScanAssembly (501ms)
			ScanForSourceGeneratedMonoScriptInfo (1ms)
			ResolveRequiredComponents (11ms)
	FinalizeReload (1862ms)
		ReleaseScriptCaches (0ms)
		RebuildScriptCaches (0ms)
		SetupLoadedEditorAssemblies (569ms)
			LogAssemblyErrors (0ms)
			InitializePlatformSupportModulesInManaged (15ms)
			SetLoadedEditorAssemblies (8ms)
			RefreshPlugins (0ms)
			BeforeProcessingInitializeOnLoad (109ms)
			ProcessInitializeOnLoadAttributes (317ms)
			ProcessInitializeOnLoadMethodAttributes (95ms)
			AfterProcessingInitializeOnLoad (25ms)
			EditorAssembliesLoaded (1ms)
		ExecutionOrderSort2 (0ms)
		AwakeInstancesAfterBackupRestoration (43ms)
Refreshing native plugins compatible for Editor in 8.21 ms, found 1 plugins.
Preloading 0 native plugins for Editor in 0.00 ms.
Unloading 1739 Unused Serialized files (Serialized files now loaded: 0)
Unloading 19 unused Assets / (99.2 KB). Loaded Objects now: 3691.
Memory consumption went from 91.8 MB to 91.7 MB.
Total: 11.715000 ms (FindLiveObjects: 1.622000 ms CreateObjectMapping: 0.509600 ms MarkObjects: 9.366700 ms  DeleteObjects: 0.212800 ms)

Prepare: number of updated asset objects reloaded= 0
AssetImportParameters requested are different than current active one (requested -> active):
  custom:video-decoder-webm-vp8: 9c59270c3fd7afecdb556c50c9e8de78 -> 
  custom:container-demuxer-ogg: 62fdf1f143b41e24485cea50d1cbac27 -> 
  custom:AudioImporter_EditorPlatform: d09bf68614088b80899f8185d706f6e7 -> 
  custom:video-codec-MediaFoundation-h265: 746d11721c4dcdbdad8f713fa42b33f4 -> 
  custom:video-decoder-ogg-theora: a1e56fd34408186e4bbccfd4996cb3dc -> 
  custom:framework-win-MediaFoundation: 216162199b28c13a410421893ffa2e32 -> 
  custom:video-encoder-webm-vp8: eb34c28f22e8b96e1ab97ce403110664 -> 
  custom:audio-decoder-ogg-vorbis: bf7c407c2cedff20999df2af8eb42d56 -> 
  custom:container-demuxer-webm: 4f35f7cbe854078d1ac9338744f61a02 -> 
  custom:audio-encoder-webm-vorbis: bf7c407c2cedff20999df2af8eb42d56 -> 
  custom:container-muxer-webm: aa71ff27fc2769a1b78a27578f13a17b -> 
========================================================================
Received Prepare
Begin MonoManager ReloadAssembly
- Loaded All Assemblies, in  0.963 seconds
Refreshing native plugins compatible for Editor in 7.35 ms, found 1 plugins.
Native extension for WindowsStandalone target not found
Native extension for WebGL target not found
Mono: successfully reloaded assembly
- Finished resetting the current domain, in  1.909 seconds
Domain Reload Profiling: 2867ms
	BeginReloadAssembly (246ms)
		ExecutionOrderSort (0ms)
		DisableScriptedObjects (19ms)
		BackupInstance (0ms)
		ReleaseScriptingObjects (0ms)
		CreateAndSetChildDomain (46ms)
	RebuildCommonClasses (65ms)
	RebuildNativeTypeToScriptingClass (17ms)
	initialDomainReloadingComplete (60ms)
	LoadAllAssembliesAndSetupDomain (569ms)
		LoadAssemblies (378ms)
		RebuildTransferFunctionScriptingTraits (0ms)
		AnalyzeDomain (308ms)
			TypeCache.Refresh (299ms)
				TypeCache.ScanAssembly (281ms)
			ScanForSourceGeneratedMonoScriptInfo (0ms)
			ResolveRequiredComponents (9ms)
	FinalizeReload (1910ms)
		ReleaseScriptCaches (0ms)
		RebuildScriptCaches (0ms)
		SetupLoadedEditorAssemblies (833ms)
			LogAssemblyErrors (0ms)
			InitializePlatformSupportModulesInManaged (25ms)
			SetLoadedEditorAssemblies (11ms)
			RefreshPlugins (0ms)
			BeforeProcessingInitializeOnLoad (163ms)
			ProcessInitializeOnLoadAttributes (514ms)
			ProcessInitializeOnLoadMethodAttributes (96ms)
			AfterProcessingInitializeOnLoad (25ms)
			EditorAssembliesLoaded (0ms)
		ExecutionOrderSort2 (0ms)
		AwakeInstancesAfterBackupRestoration (36ms)
Refreshing native plugins compatible for Editor in 7.22 ms, found 1 plugins.
Preloading 0 native plugins for Editor in 0.00 ms.
Unloading 1740 Unused Serialized files (Serialized files now loaded: 0)
Unloading 19 unused Assets / (99.2 KB). Loaded Objects now: 3707.
Memory consumption went from 92.1 MB to 92.0 MB.
Total: 8.670800 ms (FindLiveObjects: 0.955100 ms CreateObjectMapping: 0.241200 ms MarkObjects: 7.371900 ms  DeleteObjects: 0.098500 ms)

Prepare: number of updated asset objects reloaded= 0
AssetImportParameters requested are different than current active one (requested -> active):
  custom:video-decoder-webm-vp8: 9c59270c3fd7afecdb556c50c9e8de78 -> 
  custom:container-demuxer-ogg: 62fdf1f143b41e24485cea50d1cbac27 -> 
  custom:AudioImporter_EditorPlatform: d09bf68614088b80899f8185d706f6e7 -> 
  custom:video-codec-MediaFoundation-h265: 746d11721c4dcdbdad8f713fa42b33f4 -> 
  custom:video-decoder-ogg-theora: a1e56fd34408186e4bbccfd4996cb3dc -> 
  custom:framework-win-MediaFoundation: 216162199b28c13a410421893ffa2e32 -> 
  custom:video-encoder-webm-vp8: eb34c28f22e8b96e1ab97ce403110664 -> 
  custom:audio-decoder-ogg-vorbis: bf7c407c2cedff20999df2af8eb42d56 -> 
  custom:container-demuxer-webm: 4f35f7cbe854078d1ac9338744f61a02 -> 
  custom:audio-encoder-webm-vorbis: bf7c407c2cedff20999df2af8eb42d56 -> 
  custom:container-muxer-webm: aa71ff27fc2769a1b78a27578f13a17b -> 
========================================================================
Received Prepare
Begin MonoManager ReloadAssembly
- Loaded All Assemblies, in  0.958 seconds
Refreshing native plugins compatible for Editor in 3.75 ms, found 1 plugins.
Native extension for WindowsStandalone target not found
Native extension for WebGL target not found
Mono: successfully reloaded assembly
- Finished resetting the current domain, in  1.009 seconds
Domain Reload Profiling: 1961ms
	BeginReloadAssembly (269ms)
		ExecutionOrderSort (0ms)
		DisableScriptedObjects (31ms)
		BackupInstance (0ms)
		ReleaseScriptingObjects (0ms)
		CreateAndSetChildDomain (53ms)
	RebuildCommonClasses (58ms)
	RebuildNativeTypeToScriptingClass (21ms)
	initialDomainReloadingComplete (69ms)
	LoadAllAssembliesAndSetupDomain (534ms)
		LoadAssemblies (374ms)
		RebuildTransferFunctionScriptingTraits (0ms)
		AnalyzeDomain (277ms)
			TypeCache.Refresh (271ms)
				TypeCache.ScanAssembly (254ms)
			ScanForSourceGeneratedMonoScriptInfo (0ms)
			ResolveRequiredComponents (6ms)
	FinalizeReload (1010ms)
		ReleaseScriptCaches (0ms)
		RebuildScriptCaches (0ms)
		SetupLoadedEditorAssemblies (480ms)
			LogAssemblyErrors (0ms)
			InitializePlatformSupportModulesInManaged (13ms)
			SetLoadedEditorAssemblies (6ms)
			RefreshPlugins (0ms)
			BeforeProcessingInitializeOnLoad (102ms)
			ProcessInitializeOnLoadAttributes (285ms)
			ProcessInitializeOnLoadMethodAttributes (59ms)
			AfterProcessingInitializeOnLoad (14ms)
			EditorAssembliesLoaded (0ms)
		ExecutionOrderSort2 (0ms)
		AwakeInstancesAfterBackupRestoration (22ms)
Refreshing native plugins compatible for Editor in 4.58 ms, found 1 plugins.
Preloading 0 native plugins for Editor in 0.00 ms.
Unloading 1740 Unused Serialized files (Serialized files now loaded: 0)
Unloading 19 unused Assets / (99.2 KB). Loaded Objects now: 3723.
Memory consumption went from 92.1 MB to 92.0 MB.
Total: 5.368300 ms (FindLiveObjects: 0.460200 ms CreateObjectMapping: 0.120700 ms MarkObjects: 4.636900 ms  DeleteObjects: 0.148300 ms)

Prepare: number of updated asset objects reloaded= 0
AssetImportParameters requested are different than current active one (requested -> active):
  custom:video-decoder-webm-vp8: 9c59270c3fd7afecdb556c50c9e8de78 -> 
  custom:container-demuxer-ogg: 62fdf1f143b41e24485cea50d1cbac27 -> 
  custom:AudioImporter_EditorPlatform: d09bf68614088b80899f8185d706f6e7 -> 
  custom:video-codec-MediaFoundation-h265: 746d11721c4dcdbdad8f713fa42b33f4 -> 
  custom:video-decoder-ogg-theora: a1e56fd34408186e4bbccfd4996cb3dc -> 
  custom:framework-win-MediaFoundation: 216162199b28c13a410421893ffa2e32 -> 
  custom:video-encoder-webm-vp8: eb34c28f22e8b96e1ab97ce403110664 -> 
  custom:audio-decoder-ogg-vorbis: bf7c407c2cedff20999df2af8eb42d56 -> 
  custom:container-demuxer-webm: 4f35f7cbe854078d1ac9338744f61a02 -> 
  custom:audio-encoder-webm-vorbis: bf7c407c2cedff20999df2af8eb42d56 -> 
  custom:container-muxer-webm: aa71ff27fc2769a1b78a27578f13a17b -> 
========================================================================
Received Import Request.
  Time since last request: 1000.704766 seconds.
  path: Assets/Scripts/NewGame.cs
  artifactKey: Guid(f28c098df77e173498484c803d5857e3) Importer(815301076,1909f56bfc062723c751e8b465ee728b)
Start importing Assets/Scripts/NewGame.cs using Guid(f28c098df77e173498484c803d5857e3) Importer(815301076,1909f56bfc062723c751e8b465ee728b)  -> (artifact id: '82b7c361f68251ef3018c7c215d0502a') in 0.002974 seconds
Number of updated asset objects reloaded before import = 0
Number of asset objects unloaded after import = 0
========================================================================
Received Prepare
Begin MonoManager ReloadAssembly
- Loaded All Assemblies, in  1.322 seconds
Refreshing native plugins compatible for Editor in 6.49 ms, found 1 plugins.
Native extension for WindowsStandalone target not found
Native extension for WebGL target not found
Mono: successfully reloaded assembly
- Finished resetting the current domain, in  2.829 seconds
Domain Reload Profiling: 4143ms
	BeginReloadAssembly (330ms)
		ExecutionOrderSort (0ms)
		DisableScriptedObjects (27ms)
		BackupInstance (0ms)
		ReleaseScriptingObjects (0ms)
		CreateAndSetChildDomain (67ms)
	RebuildCommonClasses (98ms)
	RebuildNativeTypeToScriptingClass (26ms)
	initialDomainReloadingComplete (76ms)
	LoadAllAssembliesAndSetupDomain (784ms)
		LoadAssemblies (507ms)
		RebuildTransferFunctionScriptingTraits (0ms)
		AnalyzeDomain (425ms)
			TypeCache.Refresh (412ms)
				TypeCache.ScanAssembly (387ms)
			ScanForSourceGeneratedMonoScriptInfo (4ms)
			ResolveRequiredComponents (9ms)
	FinalizeReload (2830ms)
		ReleaseScriptCaches (0ms)
		RebuildScriptCaches (0ms)
		SetupLoadedEditorAssemblies (1045ms)
			LogAssemblyErrors (0ms)
			InitializePlatformSupportModulesInManaged (33ms)
			SetLoadedEditorAssemblies (17ms)
			RefreshPlugins (0ms)
			BeforeProcessingInitializeOnLoad (348ms)
			ProcessInitializeOnLoadAttributes (535ms)
			ProcessInitializeOnLoadMethodAttributes (88ms)
			AfterProcessingInitializeOnLoad (23ms)
			EditorAssembliesLoaded (1ms)
		ExecutionOrderSort2 (0ms)
		AwakeInstancesAfterBackupRestoration (35ms)
Refreshing native plugins compatible for Editor in 6.36 ms, found 1 plugins.
Preloading 0 native plugins for Editor in 0.00 ms.
Unloading 1739 Unused Serialized files (Serialized files now loaded: 0)
Unloading 19 unused Assets / (99.2 KB). Loaded Objects now: 3739.
Memory consumption went from 91.8 MB to 91.7 MB.
Total: 8.708400 ms (FindLiveObjects: 1.123700 ms CreateObjectMapping: 0.222000 ms MarkObjects: 7.228400 ms  DeleteObjects: 0.132600 ms)

Prepare: number of updated asset objects reloaded= 0
AssetImportParameters requested are different than current active one (requested -> active):
  custom:video-decoder-webm-vp8: 9c59270c3fd7afecdb556c50c9e8de78 -> 
  custom:container-demuxer-ogg: 62fdf1f143b41e24485cea50d1cbac27 -> 
  custom:AudioImporter_EditorPlatform: d09bf68614088b80899f8185d706f6e7 -> 
  custom:video-codec-MediaFoundation-h265: 746d11721c4dcdbdad8f713fa42b33f4 -> 
  custom:video-decoder-ogg-theora: a1e56fd34408186e4bbccfd4996cb3dc -> 
  custom:framework-win-MediaFoundation: 216162199b28c13a410421893ffa2e32 -> 
  custom:video-encoder-webm-vp8: eb34c28f22e8b96e1ab97ce403110664 -> 
  custom:audio-decoder-ogg-vorbis: bf7c407c2cedff20999df2af8eb42d56 -> 
  custom:container-demuxer-webm: 4f35f7cbe854078d1ac9338744f61a02 -> 
  custom:audio-encoder-webm-vorbis: bf7c407c2cedff20999df2af8eb42d56 -> 
  custom:container-muxer-webm: aa71ff27fc2769a1b78a27578f13a17b -> 
========================================================================
Received Prepare
Begin MonoManager ReloadAssembly
- Loaded All Assemblies, in  1.202 seconds
Refreshing native plugins compatible for Editor in 5.47 ms, found 1 plugins.
Native extension for WindowsStandalone target not found
Native extension for WebGL target not found
Mono: successfully reloaded assembly
- Finished resetting the current domain, in  1.490 seconds
Domain Reload Profiling: 2644ms
	BeginReloadAssembly (278ms)
		ExecutionOrderSort (0ms)
		DisableScriptedObjects (24ms)
		BackupInstance (0ms)
		ReleaseScriptingObjects (0ms)
		CreateAndSetChildDomain (64ms)
	RebuildCommonClasses (78ms)
	RebuildNativeTypeToScriptingClass (19ms)
	initialDomainReloadingComplete (100ms)
	LoadAllAssembliesAndSetupDomain (679ms)
		LoadAssemblies (499ms)
		RebuildTransferFunctionScriptingTraits (0ms)
		AnalyzeDomain (307ms)
			TypeCache.Refresh (296ms)
				TypeCache.ScanAssembly (274ms)
			ScanForSourceGeneratedMonoScriptInfo (4ms)
			ResolveRequiredComponents (7ms)
	FinalizeReload (1491ms)
		ReleaseScriptCaches (0ms)
		RebuildScriptCaches (0ms)
		SetupLoadedEditorAssemblies (577ms)
			LogAssemblyErrors (0ms)
			InitializePlatformSupportModulesInManaged (18ms)
			SetLoadedEditorAssemblies (8ms)
			RefreshPlugins (0ms)
			BeforeProcessingInitializeOnLoad (124ms)
			ProcessInitializeOnLoadAttributes (340ms)
			ProcessInitializeOnLoadMethodAttributes (71ms)
			AfterProcessingInitializeOnLoad (16ms)
			EditorAssembliesLoaded (0ms)
		ExecutionOrderSort2 (0ms)
		AwakeInstancesAfterBackupRestoration (23ms)
Refreshing native plugins compatible for Editor in 4.82 ms, found 1 plugins.
Preloading 0 native plugins for Editor in 0.00 ms.
Unloading 1740 Unused Serialized files (Serialized files now loaded: 0)
Unloading 19 unused Assets / (99.2 KB). Loaded Objects now: 3755.
Memory consumption went from 92.1 MB to 92.0 MB.
Total: 6.788700 ms (FindLiveObjects: 0.585300 ms CreateObjectMapping: 0.157400 ms MarkObjects: 5.946600 ms  DeleteObjects: 0.097300 ms)

Prepare: number of updated asset objects reloaded= 0
AssetImportParameters requested are different than current active one (requested -> active):
  custom:video-decoder-webm-vp8: 9c59270c3fd7afecdb556c50c9e8de78 -> 
  custom:container-demuxer-ogg: 62fdf1f143b41e24485cea50d1cbac27 -> 
  custom:AudioImporter_EditorPlatform: d09bf68614088b80899f8185d706f6e7 -> 
  custom:video-codec-MediaFoundation-h265: 746d11721c4dcdbdad8f713fa42b33f4 -> 
  custom:video-decoder-ogg-theora: a1e56fd34408186e4bbccfd4996cb3dc -> 
  custom:framework-win-MediaFoundation: 216162199b28c13a410421893ffa2e32 -> 
  custom:video-encoder-webm-vp8: eb34c28f22e8b96e1ab97ce403110664 -> 
  custom:audio-decoder-ogg-vorbis: bf7c407c2cedff20999df2af8eb42d56 -> 
  custom:container-demuxer-webm: 4f35f7cbe854078d1ac9338744f61a02 -> 
  custom:audio-encoder-webm-vorbis: bf7c407c2cedff20999df2af8eb42d56 -> 
  custom:container-muxer-webm: aa71ff27fc2769a1b78a27578f13a17b -> 
========================================================================
Received Prepare
Begin MonoManager ReloadAssembly
- Loaded All Assemblies, in  1.088 seconds
Refreshing native plugins compatible for Editor in 4.02 ms, found 1 plugins.
Native extension for WindowsStandalone target not found
Native extension for WebGL target not found
Mono: successfully reloaded assembly
- Finished resetting the current domain, in  1.022 seconds
Domain Reload Profiling: 2101ms
	BeginReloadAssembly (252ms)
		ExecutionOrderSort (0ms)
		DisableScriptedObjects (25ms)
		BackupInstance (0ms)
		ReleaseScriptingObjects (0ms)
		CreateAndSetChildDomain (47ms)
	RebuildCommonClasses (67ms)
	RebuildNativeTypeToScriptingClass (25ms)
	initialDomainReloadingComplete (58ms)
	LoadAllAssembliesAndSetupDomain (676ms)
		LoadAssemblies (399ms)
		RebuildTransferFunctionScriptingTraits (0ms)
		AnalyzeDomain (349ms)
			TypeCache.Refresh (341ms)
				TypeCache.ScanAssembly (306ms)
			ScanForSourceGeneratedMonoScriptInfo (0ms)
			ResolveRequiredComponents (7ms)
	FinalizeReload (1023ms)
		ReleaseScriptCaches (0ms)
		RebuildScriptCaches (0ms)
		SetupLoadedEditorAssemblies (472ms)
			LogAssemblyErrors (0ms)
			InitializePlatformSupportModulesInManaged (20ms)
			SetLoadedEditorAssemblies (9ms)
			RefreshPlugins (0ms)
			BeforeProcessingInitializeOnLoad (101ms)
			ProcessInitializeOnLoadAttributes (277ms)
			ProcessInitializeOnLoadMethodAttributes (50ms)
			AfterProcessingInitializeOnLoad (15ms)
			EditorAssembliesLoaded (0ms)
		ExecutionOrderSort2 (0ms)
		AwakeInstancesAfterBackupRestoration (19ms)
Refreshing native plugins compatible for Editor in 5.73 ms, found 1 plugins.
Preloading 0 native plugins for Editor in 0.00 ms.
Unloading 1740 Unused Serialized files (Serialized files now loaded: 0)
Unloading 19 unused Assets / (99.2 KB). Loaded Objects now: 3771.
Memory consumption went from 92.1 MB to 92.0 MB.
Total: 6.957400 ms (FindLiveObjects: 0.681300 ms CreateObjectMapping: 0.296600 ms MarkObjects: 5.863600 ms  DeleteObjects: 0.113800 ms)

Prepare: number of updated asset objects reloaded= 0
AssetImportParameters requested are different than current active one (requested -> active):
  custom:video-decoder-webm-vp8: 9c59270c3fd7afecdb556c50c9e8de78 -> 
  custom:container-demuxer-ogg: 62fdf1f143b41e24485cea50d1cbac27 -> 
  custom:AudioImporter_EditorPlatform: d09bf68614088b80899f8185d706f6e7 -> 
  custom:video-codec-MediaFoundation-h265: 746d11721c4dcdbdad8f713fa42b33f4 -> 
  custom:video-decoder-ogg-theora: a1e56fd34408186e4bbccfd4996cb3dc -> 
  custom:framework-win-MediaFoundation: 216162199b28c13a410421893ffa2e32 -> 
  custom:video-encoder-webm-vp8: eb34c28f22e8b96e1ab97ce403110664 -> 
  custom:audio-decoder-ogg-vorbis: bf7c407c2cedff20999df2af8eb42d56 -> 
  custom:container-demuxer-webm: 4f35f7cbe854078d1ac9338744f61a02 -> 
  custom:audio-encoder-webm-vorbis: bf7c407c2cedff20999df2af8eb42d56 -> 
  custom:container-muxer-webm: aa71ff27fc2769a1b78a27578f13a17b -> 
========================================================================
Received Prepare
Begin MonoManager ReloadAssembly
- Loaded All Assemblies, in  1.103 seconds
Refreshing native plugins compatible for Editor in 3.88 ms, found 1 plugins.
Native extension for WindowsStandalone target not found
Native extension for WebGL target not found
Mono: successfully reloaded assembly
- Finished resetting the current domain, in  1.007 seconds
Domain Reload Profiling: 2105ms
	BeginReloadAssembly (248ms)
		ExecutionOrderSort (0ms)
		DisableScriptedObjects (21ms)
		BackupInstance (0ms)
		ReleaseScriptingObjects (0ms)
		CreateAndSetChildDomain (41ms)
	RebuildCommonClasses (71ms)
	RebuildNativeTypeToScriptingClass (23ms)
	initialDomainReloadingComplete (65ms)
	LoadAllAssembliesAndSetupDomain (690ms)
		LoadAssemblies (489ms)
		RebuildTransferFunctionScriptingTraits (0ms)
		AnalyzeDomain (324ms)
			TypeCache.Refresh (318ms)
				TypeCache.ScanAssembly (296ms)
			ScanForSourceGeneratedMonoScriptInfo (0ms)
			ResolveRequiredComponents (6ms)
	FinalizeReload (1008ms)
		ReleaseScriptCaches (0ms)
		RebuildScriptCaches (0ms)
		SetupLoadedEditorAssemblies (480ms)
			LogAssemblyErrors (0ms)
			InitializePlatformSupportModulesInManaged (13ms)
			SetLoadedEditorAssemblies (8ms)
			RefreshPlugins (0ms)
			BeforeProcessingInitializeOnLoad (109ms)
			ProcessInitializeOnLoadAttributes (277ms)
			ProcessInitializeOnLoadMethodAttributes (58ms)
			AfterProcessingInitializeOnLoad (15ms)
			EditorAssembliesLoaded (0ms)
		ExecutionOrderSort2 (0ms)
		AwakeInstancesAfterBackupRestoration (20ms)
Refreshing native plugins compatible for Editor in 5.29 ms, found 1 plugins.
Preloading 0 native plugins for Editor in 0.00 ms.
Unloading 1740 Unused Serialized files (Serialized files now loaded: 0)
Unloading 19 unused Assets / (99.2 KB). Loaded Objects now: 3787.
Memory consumption went from 92.1 MB to 92.0 MB.
Total: 6.043900 ms (FindLiveObjects: 0.509400 ms CreateObjectMapping: 0.283500 ms MarkObjects: 5.139900 ms  DeleteObjects: 0.109200 ms)

Prepare: number of updated asset objects reloaded= 0
AssetImportParameters requested are different than current active one (requested -> active):
  custom:video-decoder-webm-vp8: 9c59270c3fd7afecdb556c50c9e8de78 -> 
  custom:container-demuxer-ogg: 62fdf1f143b41e24485cea50d1cbac27 -> 
  custom:AudioImporter_EditorPlatform: d09bf68614088b80899f8185d706f6e7 -> 
  custom:video-codec-MediaFoundation-h265: 746d11721c4dcdbdad8f713fa42b33f4 -> 
  custom:video-decoder-ogg-theora: a1e56fd34408186e4bbccfd4996cb3dc -> 
  custom:framework-win-MediaFoundation: 216162199b28c13a410421893ffa2e32 -> 
  custom:video-encoder-webm-vp8: eb34c28f22e8b96e1ab97ce403110664 -> 
  custom:audio-decoder-ogg-vorbis: bf7c407c2cedff20999df2af8eb42d56 -> 
  custom:container-demuxer-webm: 4f35f7cbe854078d1ac9338744f61a02 -> 
  custom:audio-encoder-webm-vorbis: bf7c407c2cedff20999df2af8eb42d56 -> 
  custom:container-muxer-webm: aa71ff27fc2769a1b78a27578f13a17b -> 
========================================================================
Received Import Request.
  Time since last request: 816.750213 seconds.
  path: Assets/Scripts/NewGame.cs
  artifactKey: Guid(f28c098df77e173498484c803d5857e3) Importer(815301076,1909f56bfc062723c751e8b465ee728b)
Start importing Assets/Scripts/NewGame.cs using Guid(f28c098df77e173498484c803d5857e3) Importer(815301076,1909f56bfc062723c751e8b465ee728b)  -> (artifact id: 'e93d22b119d9ddbd256e5737ad952568') in 0.008251 seconds
Number of updated asset objects reloaded before import = 0
Number of asset objects unloaded after import = 0
========================================================================
Received Prepare
Begin MonoManager ReloadAssembly
- Loaded All Assemblies, in  1.223 seconds
Refreshing native plugins compatible for Editor in 5.30 ms, found 1 plugins.
Native extension for WindowsStandalone target not found
Native extension for WebGL target not found
Mono: successfully reloaded assembly
- Finished resetting the current domain, in  1.438 seconds
Domain Reload Profiling: 2631ms
	BeginReloadAssembly (284ms)
		ExecutionOrderSort (0ms)
		DisableScriptedObjects (29ms)
		BackupInstance (0ms)
		ReleaseScriptingObjects (0ms)
		CreateAndSetChildDomain (57ms)
	RebuildCommonClasses (64ms)
	RebuildNativeTypeToScriptingClass (27ms)
	initialDomainReloadingComplete (70ms)
	LoadAllAssembliesAndSetupDomain (747ms)
		LoadAssemblies (556ms)
		RebuildTransferFunctionScriptingTraits (0ms)
		AnalyzeDomain (315ms)
			TypeCache.Refresh (305ms)
				TypeCache.ScanAssembly (287ms)
			ScanForSourceGeneratedMonoScriptInfo (3ms)
			ResolveRequiredComponents (7ms)
	FinalizeReload (1439ms)
		ReleaseScriptCaches (0ms)
		RebuildScriptCaches (0ms)
		SetupLoadedEditorAssemblies (776ms)
			LogAssemblyErrors (0ms)
			InitializePlatformSupportModulesInManaged (38ms)
			SetLoadedEditorAssemblies (14ms)
			RefreshPlugins (0ms)
			BeforeProcessingInitializeOnLoad (172ms)
			ProcessInitializeOnLoadAttributes (414ms)
			ProcessInitializeOnLoadMethodAttributes (116ms)
			AfterProcessingInitializeOnLoad (22ms)
			EditorAssembliesLoaded (1ms)
		ExecutionOrderSort2 (0ms)
		AwakeInstancesAfterBackupRestoration (54ms)
Refreshing native plugins compatible for Editor in 5.64 ms, found 1 plugins.
Preloading 0 native plugins for Editor in 0.00 ms.
Unloading 1739 Unused Serialized files (Serialized files now loaded: 0)
Unloading 19 unused Assets / (99.2 KB). Loaded Objects now: 3803.
Memory consumption went from 91.9 MB to 91.8 MB.
Total: 6.056200 ms (FindLiveObjects: 0.575200 ms CreateObjectMapping: 0.259600 ms MarkObjects: 5.113100 ms  DeleteObjects: 0.106900 ms)

Prepare: number of updated asset objects reloaded= 0
AssetImportParameters requested are different than current active one (requested -> active):
  custom:video-decoder-webm-vp8: 9c59270c3fd7afecdb556c50c9e8de78 -> 
  custom:container-demuxer-ogg: 62fdf1f143b41e24485cea50d1cbac27 -> 
  custom:AudioImporter_EditorPlatform: d09bf68614088b80899f8185d706f6e7 -> 
  custom:video-codec-MediaFoundation-h265: 746d11721c4dcdbdad8f713fa42b33f4 -> 
  custom:video-decoder-ogg-theora: a1e56fd34408186e4bbccfd4996cb3dc -> 
  custom:framework-win-MediaFoundation: 216162199b28c13a410421893ffa2e32 -> 
  custom:video-encoder-webm-vp8: eb34c28f22e8b96e1ab97ce403110664 -> 
  custom:audio-decoder-ogg-vorbis: bf7c407c2cedff20999df2af8eb42d56 -> 
  custom:container-demuxer-webm: 4f35f7cbe854078d1ac9338744f61a02 -> 
  custom:audio-encoder-webm-vorbis: bf7c407c2cedff20999df2af8eb42d56 -> 
  custom:container-muxer-webm: aa71ff27fc2769a1b78a27578f13a17b -> 
========================================================================
Received Prepare
Begin MonoManager ReloadAssembly
- Loaded All Assemblies, in  1.018 seconds
Refreshing native plugins compatible for Editor in 5.68 ms, found 1 plugins.
Native extension for WindowsStandalone target not found
Native extension for WebGL target not found
Mono: successfully reloaded assembly
- Finished resetting the current domain, in  1.219 seconds
Domain Reload Profiling: 2228ms
	BeginReloadAssembly (241ms)
		ExecutionOrderSort (0ms)
		DisableScriptedObjects (20ms)
		BackupInstance (0ms)
		ReleaseScriptingObjects (0ms)
		CreateAndSetChildDomain (45ms)
	RebuildCommonClasses (62ms)
	RebuildNativeTypeToScriptingClass (17ms)
	initialDomainReloadingComplete (57ms)
	LoadAllAssembliesAndSetupDomain (631ms)
		LoadAssemblies (386ms)
		RebuildTransferFunctionScriptingTraits (0ms)
		AnalyzeDomain (354ms)
			TypeCache.Refresh (346ms)
				TypeCache.ScanAssembly (326ms)
			ScanForSourceGeneratedMonoScriptInfo (0ms)
			ResolveRequiredComponents (8ms)
	FinalizeReload (1220ms)
		ReleaseScriptCaches (0ms)
		RebuildScriptCaches (0ms)
		SetupLoadedEditorAssemblies (560ms)
			LogAssemblyErrors (0ms)
			InitializePlatformSupportModulesInManaged (15ms)
			SetLoadedEditorAssemblies (6ms)
			RefreshPlugins (0ms)
			BeforeProcessingInitializeOnLoad (121ms)
			ProcessInitializeOnLoadAttributes (313ms)
			ProcessInitializeOnLoadMethodAttributes (85ms)
			AfterProcessingInitializeOnLoad (20ms)
			EditorAssembliesLoaded (0ms)
		ExecutionOrderSort2 (0ms)
		AwakeInstancesAfterBackupRestoration (26ms)
Refreshing native plugins compatible for Editor in 5.14 ms, found 1 plugins.
Preloading 0 native plugins for Editor in 0.00 ms.
Unloading 1740 Unused Serialized files (Serialized files now loaded: 0)
Unloading 19 unused Assets / (99.1 KB). Loaded Objects now: 3819.
Memory consumption went from 92.3 MB to 92.2 MB.
Total: 6.087200 ms (FindLiveObjects: 0.632900 ms CreateObjectMapping: 0.233400 ms MarkObjects: 5.112900 ms  DeleteObjects: 0.106700 ms)

Prepare: number of updated asset objects reloaded= 0
AssetImportParameters requested are different than current active one (requested -> active):
  custom:video-decoder-webm-vp8: 9c59270c3fd7afecdb556c50c9e8de78 -> 
  custom:container-demuxer-ogg: 62fdf1f143b41e24485cea50d1cbac27 -> 
  custom:AudioImporter_EditorPlatform: d09bf68614088b80899f8185d706f6e7 -> 
  custom:video-codec-MediaFoundation-h265: 746d11721c4dcdbdad8f713fa42b33f4 -> 
  custom:video-decoder-ogg-theora: a1e56fd34408186e4bbccfd4996cb3dc -> 
  custom:framework-win-MediaFoundation: 216162199b28c13a410421893ffa2e32 -> 
  custom:video-encoder-webm-vp8: eb34c28f22e8b96e1ab97ce403110664 -> 
  custom:audio-decoder-ogg-vorbis: bf7c407c2cedff20999df2af8eb42d56 -> 
  custom:container-demuxer-webm: 4f35f7cbe854078d1ac9338744f61a02 -> 
  custom:audio-encoder-webm-vorbis: bf7c407c2cedff20999df2af8eb42d56 -> 
  custom:container-muxer-webm: aa71ff27fc2769a1b78a27578f13a17b -> 
========================================================================
Received Prepare
Begin MonoManager ReloadAssembly
- Loaded All Assemblies, in  1.251 seconds
Refreshing native plugins compatible for Editor in 3.83 ms, found 1 plugins.
Native extension for WindowsStandalone target not found
Native extension for WebGL target not found
Mono: successfully reloaded assembly
- Finished resetting the current domain, in  1.135 seconds
Domain Reload Profiling: 2377ms
	BeginReloadAssembly (273ms)
		ExecutionOrderSort (0ms)
		DisableScriptedObjects (23ms)
		BackupInstance (0ms)
		ReleaseScriptingObjects (0ms)
		CreateAndSetChildDomain (47ms)
	RebuildCommonClasses (91ms)
	RebuildNativeTypeToScriptingClass (29ms)
	initialDomainReloadingComplete (200ms)
	LoadAllAssembliesAndSetupDomain (649ms)
		LoadAssemblies (443ms)
		RebuildTransferFunctionScriptingTraits (0ms)
		AnalyzeDomain (342ms)
			TypeCache.Refresh (333ms)
				TypeCache.ScanAssembly (310ms)
			ScanForSourceGeneratedMonoScriptInfo (3ms)
			ResolveRequiredComponents (6ms)
	FinalizeReload (1135ms)
		ReleaseScriptCaches (0ms)
		RebuildScriptCaches (0ms)
		SetupLoadedEditorAssemblies (568ms)
			LogAssemblyErrors (0ms)
			InitializePlatformSupportModulesInManaged (15ms)
			SetLoadedEditorAssemblies (7ms)
			RefreshPlugins (0ms)
			BeforeProcessingInitializeOnLoad (114ms)
			ProcessInitializeOnLoadAttributes (347ms)
			ProcessInitializeOnLoadMethodAttributes (67ms)
			AfterProcessingInitializeOnLoad (18ms)
			EditorAssembliesLoaded (0ms)
		ExecutionOrderSort2 (0ms)
		AwakeInstancesAfterBackupRestoration (22ms)
Refreshing native plugins compatible for Editor in 3.88 ms, found 1 plugins.
Preloading 0 native plugins for Editor in 0.00 ms.
Unloading 1740 Unused Serialized files (Serialized files now loaded: 0)
Unloading 19 unused Assets / (99.2 KB). Loaded Objects now: 3835.
Memory consumption went from 92.2 MB to 92.1 MB.
Total: 4.857300 ms (FindLiveObjects: 0.416900 ms CreateObjectMapping: 0.082900 ms MarkObjects: 4.268400 ms  DeleteObjects: 0.087500 ms)

Prepare: number of updated asset objects reloaded= 0
AssetImportParameters requested are different than current active one (requested -> active):
  custom:video-decoder-webm-vp8: 9c59270c3fd7afecdb556c50c9e8de78 -> 
  custom:container-demuxer-ogg: 62fdf1f143b41e24485cea50d1cbac27 -> 
  custom:AudioImporter_EditorPlatform: d09bf68614088b80899f8185d706f6e7 -> 
  custom:video-codec-MediaFoundation-h265: 746d11721c4dcdbdad8f713fa42b33f4 -> 
  custom:video-decoder-ogg-theora: a1e56fd34408186e4bbccfd4996cb3dc -> 
  custom:framework-win-MediaFoundation: 216162199b28c13a410421893ffa2e32 -> 
  custom:video-encoder-webm-vp8: eb34c28f22e8b96e1ab97ce403110664 -> 
  custom:audio-decoder-ogg-vorbis: bf7c407c2cedff20999df2af8eb42d56 -> 
  custom:container-demuxer-webm: 4f35f7cbe854078d1ac9338744f61a02 -> 
  custom:audio-encoder-webm-vorbis: bf7c407c2cedff20999df2af8eb42d56 -> 
  custom:container-muxer-webm: aa71ff27fc2769a1b78a27578f13a17b -> 
========================================================================
Received Prepare
Begin MonoManager ReloadAssembly
- Loaded All Assemblies, in  1.082 seconds
Refreshing native plugins compatible for Editor in 4.32 ms, found 1 plugins.
Native extension for WindowsStandalone target not found
Native extension for WebGL target not found
Mono: successfully reloaded assembly
- Finished resetting the current domain, in  1.028 seconds
Domain Reload Profiling: 2104ms
	BeginReloadAssembly (233ms)
		ExecutionOrderSort (0ms)
		DisableScriptedObjects (20ms)
		BackupInstance (0ms)
		ReleaseScriptingObjects (0ms)
		CreateAndSetChildDomain (47ms)
	RebuildCommonClasses (73ms)
	RebuildNativeTypeToScriptingClass (19ms)
	initialDomainReloadingComplete (58ms)
	LoadAllAssembliesAndSetupDomain (693ms)
		LoadAssemblies (524ms)
		RebuildTransferFunctionScriptingTraits (0ms)
		AnalyzeDomain (274ms)
			TypeCache.Refresh (267ms)
				TypeCache.ScanAssembly (249ms)
			ScanForSourceGeneratedMonoScriptInfo (0ms)
			ResolveRequiredComponents (6ms)
	FinalizeReload (1029ms)
		ReleaseScriptCaches (0ms)
		RebuildScriptCaches (0ms)
		SetupLoadedEditorAssemblies (487ms)
			LogAssemblyErrors (0ms)
			InitializePlatformSupportModulesInManaged (18ms)
			SetLoadedEditorAssemblies (6ms)
			RefreshPlugins (0ms)
			BeforeProcessingInitializeOnLoad (110ms)
			ProcessInitializeOnLoadAttributes (268ms)
			ProcessInitializeOnLoadMethodAttributes (67ms)
			AfterProcessingInitializeOnLoad (17ms)
			EditorAssembliesLoaded (0ms)
		ExecutionOrderSort2 (0ms)
		AwakeInstancesAfterBackupRestoration (19ms)
Refreshing native plugins compatible for Editor in 4.24 ms, found 1 plugins.
Preloading 0 native plugins for Editor in 0.00 ms.
Unloading 1740 Unused Serialized files (Serialized files now loaded: 0)
Unloading 19 unused Assets / (99.2 KB). Loaded Objects now: 3851.
Memory consumption went from 92.2 MB to 92.1 MB.
Total: 4.707300 ms (FindLiveObjects: 0.488800 ms CreateObjectMapping: 0.106600 ms MarkObjects: 4.021600 ms  DeleteObjects: 0.088300 ms)

Prepare: number of updated asset objects reloaded= 0
AssetImportParameters requested are different than current active one (requested -> active):
  custom:video-decoder-webm-vp8: 9c59270c3fd7afecdb556c50c9e8de78 -> 
  custom:container-demuxer-ogg: 62fdf1f143b41e24485cea50d1cbac27 -> 
  custom:AudioImporter_EditorPlatform: d09bf68614088b80899f8185d706f6e7 -> 
  custom:video-codec-MediaFoundation-h265: 746d11721c4dcdbdad8f713fa42b33f4 -> 
  custom:video-decoder-ogg-theora: a1e56fd34408186e4bbccfd4996cb3dc -> 
  custom:framework-win-MediaFoundation: 216162199b28c13a410421893ffa2e32 -> 
  custom:video-encoder-webm-vp8: eb34c28f22e8b96e1ab97ce403110664 -> 
  custom:audio-decoder-ogg-vorbis: bf7c407c2cedff20999df2af8eb42d56 -> 
  custom:container-demuxer-webm: 4f35f7cbe854078d1ac9338744f61a02 -> 
  custom:audio-encoder-webm-vorbis: bf7c407c2cedff20999df2af8eb42d56 -> 
  custom:container-muxer-webm: aa71ff27fc2769a1b78a27578f13a17b -> 
========================================================================
Received Import Request.
  Time since last request: 168.401945 seconds.
  path: Assets/Scripts/NewGame.cs
  artifactKey: Guid(f28c098df77e173498484c803d5857e3) Importer(815301076,1909f56bfc062723c751e8b465ee728b)
Start importing Assets/Scripts/NewGame.cs using Guid(f28c098df77e173498484c803d5857e3) Importer(815301076,1909f56bfc062723c751e8b465ee728b)  -> (artifact id: '1a65f982ae75196ab50b93b634212628') in 0.003288 seconds
Number of updated asset objects reloaded before import = 0
Number of asset objects unloaded after import = 0
========================================================================
Received Prepare
Begin MonoManager ReloadAssembly
- Loaded All Assemblies, in  1.093 seconds
Refreshing native plugins compatible for Editor in 3.73 ms, found 1 plugins.
Native extension for WindowsStandalone target not found
Native extension for WebGL target not found
Mono: successfully reloaded assembly
- Finished resetting the current domain, in  1.098 seconds
Domain Reload Profiling: 2183ms
	BeginReloadAssembly (242ms)
		ExecutionOrderSort (0ms)
		DisableScriptedObjects (23ms)
		BackupInstance (0ms)
		ReleaseScriptingObjects (0ms)
		CreateAndSetChildDomain (47ms)
	RebuildCommonClasses (187ms)
	RebuildNativeTypeToScriptingClass (30ms)
	initialDomainReloadingComplete (79ms)
	LoadAllAssembliesAndSetupDomain (546ms)
		LoadAssemblies (382ms)
		RebuildTransferFunctionScriptingTraits (0ms)
		AnalyzeDomain (276ms)
			TypeCache.Refresh (270ms)
				TypeCache.ScanAssembly (252ms)
			ScanForSourceGeneratedMonoScriptInfo (0ms)
			ResolveRequiredComponents (6ms)
	FinalizeReload (1099ms)
		ReleaseScriptCaches (0ms)
		RebuildScriptCaches (0ms)
		SetupLoadedEditorAssemblies (530ms)
			LogAssemblyErrors (0ms)
			InitializePlatformSupportModulesInManaged (19ms)
			SetLoadedEditorAssemblies (8ms)
			RefreshPlugins (0ms)
			BeforeProcessingInitializeOnLoad (114ms)
			ProcessInitializeOnLoadAttributes (308ms)
			ProcessInitializeOnLoadMethodAttributes (64ms)
			AfterProcessingInitializeOnLoad (16ms)
			EditorAssembliesLoaded (0ms)
		ExecutionOrderSort2 (0ms)
		AwakeInstancesAfterBackupRestoration (19ms)
Refreshing native plugins compatible for Editor in 4.37 ms, found 1 plugins.
Preloading 0 native plugins for Editor in 0.00 ms.
Unloading 1739 Unused Serialized files (Serialized files now loaded: 0)
Unloading 19 unused Assets / (99.3 KB). Loaded Objects now: 3867.
Memory consumption went from 91.9 MB to 91.8 MB.
Total: 6.550700 ms (FindLiveObjects: 0.698200 ms CreateObjectMapping: 0.199500 ms MarkObjects: 5.538800 ms  DeleteObjects: 0.112100 ms)

Prepare: number of updated asset objects reloaded= 0
AssetImportParameters requested are different than current active one (requested -> active):
  custom:video-decoder-webm-vp8: 9c59270c3fd7afecdb556c50c9e8de78 -> 
  custom:container-demuxer-ogg: 62fdf1f143b41e24485cea50d1cbac27 -> 
  custom:AudioImporter_EditorPlatform: d09bf68614088b80899f8185d706f6e7 -> 
  custom:video-codec-MediaFoundation-h265: 746d11721c4dcdbdad8f713fa42b33f4 -> 
  custom:video-decoder-ogg-theora: a1e56fd34408186e4bbccfd4996cb3dc -> 
  custom:framework-win-MediaFoundation: 216162199b28c13a410421893ffa2e32 -> 
  custom:video-encoder-webm-vp8: eb34c28f22e8b96e1ab97ce403110664 -> 
  custom:audio-decoder-ogg-vorbis: bf7c407c2cedff20999df2af8eb42d56 -> 
  custom:container-demuxer-webm: 4f35f7cbe854078d1ac9338744f61a02 -> 
  custom:audio-encoder-webm-vorbis: bf7c407c2cedff20999df2af8eb42d56 -> 
  custom:container-muxer-webm: aa71ff27fc2769a1b78a27578f13a17b -> 
========================================================================
Received Prepare
Begin MonoManager ReloadAssembly
- Loaded All Assemblies, in  0.884 seconds
Refreshing native plugins compatible for Editor in 4.21 ms, found 1 plugins.
Native extension for WindowsStandalone target not found
Native extension for WebGL target not found
Mono: successfully reloaded assembly
- Finished resetting the current domain, in  1.273 seconds
Domain Reload Profiling: 2152ms
	BeginReloadAssembly (227ms)
		ExecutionOrderSort (0ms)
		DisableScriptedObjects (20ms)
		BackupInstance (0ms)
		ReleaseScriptingObjects (0ms)
		CreateAndSetChildDomain (46ms)
	RebuildCommonClasses (62ms)
	RebuildNativeTypeToScriptingClass (17ms)
	initialDomainReloadingComplete (52ms)
	LoadAllAssembliesAndSetupDomain (520ms)
		LoadAssemblies (355ms)
		RebuildTransferFunctionScriptingTraits (0ms)
		AnalyzeDomain (263ms)
			TypeCache.Refresh (257ms)
				TypeCache.ScanAssembly (235ms)
			ScanForSourceGeneratedMonoScriptInfo (0ms)
			ResolveRequiredComponents (6ms)
	FinalizeReload (1275ms)
		ReleaseScriptCaches (0ms)
		RebuildScriptCaches (0ms)
		SetupLoadedEditorAssemblies (647ms)
			LogAssemblyErrors (0ms)
			InitializePlatformSupportModulesInManaged (16ms)
			SetLoadedEditorAssemblies (9ms)
			RefreshPlugins (0ms)
			BeforeProcessingInitializeOnLoad (120ms)
			ProcessInitializeOnLoadAttributes (378ms)
			ProcessInitializeOnLoadMethodAttributes (93ms)
			AfterProcessingInitializeOnLoad (29ms)
			EditorAssembliesLoaded (1ms)
		ExecutionOrderSort2 (0ms)
		AwakeInstancesAfterBackupRestoration (42ms)
Refreshing native plugins compatible for Editor in 7.08 ms, found 1 plugins.
Preloading 0 native plugins for Editor in 0.00 ms.
Unloading 1740 Unused Serialized files (Serialized files now loaded: 0)
Unloading 19 unused Assets / (99.2 KB). Loaded Objects now: 3883.
Memory consumption went from 92.2 MB to 92.1 MB.
Total: 9.008300 ms (FindLiveObjects: 0.562500 ms CreateObjectMapping: 0.474000 ms MarkObjects: 7.746400 ms  DeleteObjects: 0.223300 ms)

Prepare: number of updated asset objects reloaded= 0
AssetImportParameters requested are different than current active one (requested -> active):
  custom:video-decoder-webm-vp8: 9c59270c3fd7afecdb556c50c9e8de78 -> 
  custom:container-demuxer-ogg: 62fdf1f143b41e24485cea50d1cbac27 -> 
  custom:AudioImporter_EditorPlatform: d09bf68614088b80899f8185d706f6e7 -> 
  custom:video-codec-MediaFoundation-h265: 746d11721c4dcdbdad8f713fa42b33f4 -> 
  custom:video-decoder-ogg-theora: a1e56fd34408186e4bbccfd4996cb3dc -> 
  custom:framework-win-MediaFoundation: 216162199b28c13a410421893ffa2e32 -> 
  custom:video-encoder-webm-vp8: eb34c28f22e8b96e1ab97ce403110664 -> 
  custom:audio-decoder-ogg-vorbis: bf7c407c2cedff20999df2af8eb42d56 -> 
  custom:container-demuxer-webm: 4f35f7cbe854078d1ac9338744f61a02 -> 
  custom:audio-encoder-webm-vorbis: bf7c407c2cedff20999df2af8eb42d56 -> 
  custom:container-muxer-webm: aa71ff27fc2769a1b78a27578f13a17b -> 
========================================================================
Received Prepare
Begin MonoManager ReloadAssembly
- Loaded All Assemblies, in  1.219 seconds
Refreshing native plugins compatible for Editor in 3.59 ms, found 1 plugins.
Native extension for WindowsStandalone target not found
Native extension for WebGL target not found
Mono: successfully reloaded assembly
- Finished resetting the current domain, in  1.015 seconds
Domain Reload Profiling: 2224ms
	BeginReloadAssembly (266ms)
		ExecutionOrderSort (0ms)
		DisableScriptedObjects (21ms)
		BackupInstance (0ms)
		ReleaseScriptingObjects (0ms)
		CreateAndSetChildDomain (46ms)
	RebuildCommonClasses (102ms)
	RebuildNativeTypeToScriptingClass (18ms)
	initialDomainReloadingComplete (69ms)
	LoadAllAssembliesAndSetupDomain (754ms)
		LoadAssemblies (543ms)
		RebuildTransferFunctionScriptingTraits (0ms)
		AnalyzeDomain (335ms)
			TypeCache.Refresh (327ms)
				TypeCache.ScanAssembly (307ms)
			ScanForSourceGeneratedMonoScriptInfo (2ms)
			ResolveRequiredComponents (5ms)
	FinalizeReload (1015ms)
		ReleaseScriptCaches (0ms)
		RebuildScriptCaches (0ms)
		SetupLoadedEditorAssemblies (472ms)
			LogAssemblyErrors (0ms)
			InitializePlatformSupportModulesInManaged (16ms)
			SetLoadedEditorAssemblies (8ms)
			RefreshPlugins (0ms)
			BeforeProcessingInitializeOnLoad (92ms)
			ProcessInitializeOnLoadAttributes (291ms)
			ProcessInitializeOnLoadMethodAttributes (51ms)
			AfterProcessingInitializeOnLoad (14ms)
			EditorAssembliesLoaded (0ms)
		ExecutionOrderSort2 (0ms)
		AwakeInstancesAfterBackupRestoration (22ms)
Refreshing native plugins compatible for Editor in 3.64 ms, found 1 plugins.
Preloading 0 native plugins for Editor in 0.00 ms.
Unloading 1740 Unused Serialized files (Serialized files now loaded: 0)
Unloading 19 unused Assets / (99.3 KB). Loaded Objects now: 3899.
Memory consumption went from 92.3 MB to 92.2 MB.
Total: 4.591000 ms (FindLiveObjects: 0.578000 ms CreateObjectMapping: 0.161500 ms MarkObjects: 3.776800 ms  DeleteObjects: 0.073100 ms)

Prepare: number of updated asset objects reloaded= 0
AssetImportParameters requested are different than current active one (requested -> active):
  custom:video-decoder-webm-vp8: 9c59270c3fd7afecdb556c50c9e8de78 -> 
  custom:container-demuxer-ogg: 62fdf1f143b41e24485cea50d1cbac27 -> 
  custom:AudioImporter_EditorPlatform: d09bf68614088b80899f8185d706f6e7 -> 
  custom:video-codec-MediaFoundation-h265: 746d11721c4dcdbdad8f713fa42b33f4 -> 
  custom:video-decoder-ogg-theora: a1e56fd34408186e4bbccfd4996cb3dc -> 
  custom:framework-win-MediaFoundation: 216162199b28c13a410421893ffa2e32 -> 
  custom:video-encoder-webm-vp8: eb34c28f22e8b96e1ab97ce403110664 -> 
  custom:audio-decoder-ogg-vorbis: bf7c407c2cedff20999df2af8eb42d56 -> 
  custom:container-demuxer-webm: 4f35f7cbe854078d1ac9338744f61a02 -> 
  custom:audio-encoder-webm-vorbis: bf7c407c2cedff20999df2af8eb42d56 -> 
  custom:container-muxer-webm: aa71ff27fc2769a1b78a27578f13a17b -> 
========================================================================
Received Prepare
Begin MonoManager ReloadAssembly
- Loaded All Assemblies, in  1.227 seconds
Refreshing native plugins compatible for Editor in 4.31 ms, found 1 plugins.
Native extension for WindowsStandalone target not found
Native extension for WebGL target not found
Mono: successfully reloaded assembly
- Finished resetting the current domain, in  1.251 seconds
Domain Reload Profiling: 2472ms
	BeginReloadAssembly (261ms)
		ExecutionOrderSort (0ms)
		DisableScriptedObjects (21ms)
		BackupInstance (0ms)
		ReleaseScriptingObjects (0ms)
		CreateAndSetChildDomain (50ms)
	RebuildCommonClasses (140ms)
	RebuildNativeTypeToScriptingClass (19ms)
	initialDomainReloadingComplete (55ms)
	LoadAllAssembliesAndSetupDomain (744ms)
		LoadAssemblies (547ms)
		RebuildTransferFunctionScriptingTraits (0ms)
		AnalyzeDomain (317ms)
			TypeCache.Refresh (311ms)
				TypeCache.ScanAssembly (291ms)
			ScanForSourceGeneratedMonoScriptInfo (0ms)
			ResolveRequiredComponents (6ms)
	FinalizeReload (1252ms)
		ReleaseScriptCaches (0ms)
		RebuildScriptCaches (0ms)
		SetupLoadedEditorAssemblies (614ms)
			LogAssemblyErrors (0ms)
			InitializePlatformSupportModulesInManaged (19ms)
			SetLoadedEditorAssemblies (8ms)
			RefreshPlugins (0ms)
			BeforeProcessingInitializeOnLoad (103ms)
			ProcessInitializeOnLoadAttributes (368ms)
			ProcessInitializeOnLoadMethodAttributes (94ms)
			AfterProcessingInitializeOnLoad (22ms)
			EditorAssembliesLoaded (1ms)
		ExecutionOrderSort2 (0ms)
		AwakeInstancesAfterBackupRestoration (39ms)
Refreshing native plugins compatible for Editor in 6.95 ms, found 1 plugins.
Preloading 0 native plugins for Editor in 0.00 ms.
Unloading 1740 Unused Serialized files (Serialized files now loaded: 0)
Unloading 19 unused Assets / (99.2 KB). Loaded Objects now: 3915.
Memory consumption went from 92.2 MB to 92.1 MB.
Total: 8.865100 ms (FindLiveObjects: 1.066500 ms CreateObjectMapping: 0.252100 ms MarkObjects: 7.448100 ms  DeleteObjects: 0.095700 ms)

Prepare: number of updated asset objects reloaded= 0
AssetImportParameters requested are different than current active one (requested -> active):
  custom:video-decoder-webm-vp8: 9c59270c3fd7afecdb556c50c9e8de78 -> 
  custom:container-demuxer-ogg: 62fdf1f143b41e24485cea50d1cbac27 -> 
  custom:AudioImporter_EditorPlatform: d09bf68614088b80899f8185d706f6e7 -> 
  custom:video-codec-MediaFoundation-h265: 746d11721c4dcdbdad8f713fa42b33f4 -> 
  custom:video-decoder-ogg-theora: a1e56fd34408186e4bbccfd4996cb3dc -> 
  custom:framework-win-MediaFoundation: 216162199b28c13a410421893ffa2e32 -> 
  custom:video-encoder-webm-vp8: eb34c28f22e8b96e1ab97ce403110664 -> 
  custom:audio-decoder-ogg-vorbis: bf7c407c2cedff20999df2af8eb42d56 -> 
  custom:container-demuxer-webm: 4f35f7cbe854078d1ac9338744f61a02 -> 
  custom:audio-encoder-webm-vorbis: bf7c407c2cedff20999df2af8eb42d56 -> 
  custom:container-muxer-webm: aa71ff27fc2769a1b78a27578f13a17b -> 
========================================================================
Received Prepare
Begin MonoManager ReloadAssembly
- Loaded All Assemblies, in  0.905 seconds
Refreshing native plugins compatible for Editor in 3.70 ms, found 1 plugins.
Native extension for WindowsStandalone target not found
Native extension for WebGL target not found
Mono: successfully reloaded assembly
- Finished resetting the current domain, in  1.124 seconds
Domain Reload Profiling: 2023ms
	BeginReloadAssembly (233ms)
		ExecutionOrderSort (0ms)
		DisableScriptedObjects (21ms)
		BackupInstance (0ms)
		ReleaseScriptingObjects (0ms)
		CreateAndSetChildDomain (42ms)
	RebuildCommonClasses (64ms)
	RebuildNativeTypeToScriptingClass (17ms)
	initialDomainReloadingComplete (56ms)
	LoadAllAssembliesAndSetupDomain (528ms)
		LoadAssemblies (356ms)
		RebuildTransferFunctionScriptingTraits (0ms)
		AnalyzeDomain (281ms)
			TypeCache.Refresh (274ms)
				TypeCache.ScanAssembly (254ms)
			ScanForSourceGeneratedMonoScriptInfo (0ms)
			ResolveRequiredComponents (7ms)
	FinalizeReload (1125ms)
		ReleaseScriptCaches (0ms)
		RebuildScriptCaches (0ms)
		SetupLoadedEditorAssemblies (516ms)
			LogAssemblyErrors (0ms)
			InitializePlatformSupportModulesInManaged (14ms)
			SetLoadedEditorAssemblies (6ms)
			RefreshPlugins (0ms)
			BeforeProcessingInitializeOnLoad (108ms)
			ProcessInitializeOnLoadAttributes (284ms)
			ProcessInitializeOnLoadMethodAttributes (81ms)
			AfterProcessingInitializeOnLoad (22ms)
			EditorAssembliesLoaded (1ms)
		ExecutionOrderSort2 (0ms)
		AwakeInstancesAfterBackupRestoration (32ms)
Refreshing native plugins compatible for Editor in 7.66 ms, found 1 plugins.
Preloading 0 native plugins for Editor in 0.00 ms.
Unloading 1740 Unused Serialized files (Serialized files now loaded: 0)
Unloading 19 unused Assets / (99.2 KB). Loaded Objects now: 3931.
Memory consumption went from 92.2 MB to 92.1 MB.
Total: 9.650400 ms (FindLiveObjects: 0.631500 ms CreateObjectMapping: 0.364200 ms MarkObjects: 8.408100 ms  DeleteObjects: 0.244300 ms)

Prepare: number of updated asset objects reloaded= 0
AssetImportParameters requested are different than current active one (requested -> active):
  custom:video-decoder-webm-vp8: 9c59270c3fd7afecdb556c50c9e8de78 -> 
  custom:container-demuxer-ogg: 62fdf1f143b41e24485cea50d1cbac27 -> 
  custom:AudioImporter_EditorPlatform: d09bf68614088b80899f8185d706f6e7 -> 
  custom:video-codec-MediaFoundation-h265: 746d11721c4dcdbdad8f713fa42b33f4 -> 
  custom:video-decoder-ogg-theora: a1e56fd34408186e4bbccfd4996cb3dc -> 
  custom:framework-win-MediaFoundation: 216162199b28c13a410421893ffa2e32 -> 
  custom:video-encoder-webm-vp8: eb34c28f22e8b96e1ab97ce403110664 -> 
  custom:audio-decoder-ogg-vorbis: bf7c407c2cedff20999df2af8eb42d56 -> 
  custom:container-demuxer-webm: 4f35f7cbe854078d1ac9338744f61a02 -> 
  custom:audio-encoder-webm-vorbis: bf7c407c2cedff20999df2af8eb42d56 -> 
  custom:container-muxer-webm: aa71ff27fc2769a1b78a27578f13a17b -> 
========================================================================
Received Prepare
Begin MonoManager ReloadAssembly
- Loaded All Assemblies, in  1.172 seconds
Refreshing native plugins compatible for Editor in 4.63 ms, found 1 plugins.
Native extension for WindowsStandalone target not found
Native extension for WebGL target not found
Mono: successfully reloaded assembly
- Finished resetting the current domain, in  1.099 seconds
Domain Reload Profiling: 2263ms
	BeginReloadAssembly (249ms)
		ExecutionOrderSort (0ms)
		DisableScriptedObjects (29ms)
		BackupInstance (0ms)
		ReleaseScriptingObjects (0ms)
		CreateAndSetChildDomain (52ms)
	RebuildCommonClasses (80ms)
	RebuildNativeTypeToScriptingClass (25ms)
	initialDomainReloadingComplete (66ms)
	LoadAllAssembliesAndSetupDomain (744ms)
		LoadAssemblies (444ms)
		RebuildTransferFunctionScriptingTraits (0ms)
		AnalyzeDomain (351ms)
			TypeCache.Refresh (343ms)
				TypeCache.ScanAssembly (322ms)
			ScanForSourceGeneratedMonoScriptInfo (2ms)
			ResolveRequiredComponents (5ms)
	FinalizeReload (1100ms)
		ReleaseScriptCaches (0ms)
		RebuildScriptCaches (0ms)
		SetupLoadedEditorAssemblies (497ms)
			LogAssemblyErrors (0ms)
			InitializePlatformSupportModulesInManaged (15ms)
			SetLoadedEditorAssemblies (7ms)
			RefreshPlugins (0ms)
			BeforeProcessingInitializeOnLoad (109ms)
			ProcessInitializeOnLoadAttributes (294ms)
			ProcessInitializeOnLoadMethodAttributes (57ms)
			AfterProcessingInitializeOnLoad (14ms)
			EditorAssembliesLoaded (0ms)
		ExecutionOrderSort2 (0ms)
		AwakeInstancesAfterBackupRestoration (22ms)
Refreshing native plugins compatible for Editor in 5.91 ms, found 1 plugins.
Preloading 0 native plugins for Editor in 0.00 ms.
Unloading 1740 Unused Serialized files (Serialized files now loaded: 0)
Unloading 19 unused Assets / (99.2 KB). Loaded Objects now: 3947.
Memory consumption went from 92.2 MB to 92.1 MB.
Total: 5.819100 ms (FindLiveObjects: 0.537500 ms CreateObjectMapping: 0.206800 ms MarkObjects: 4.961600 ms  DeleteObjects: 0.110400 ms)

Prepare: number of updated asset objects reloaded= 0
AssetImportParameters requested are different than current active one (requested -> active):
  custom:video-decoder-webm-vp8: 9c59270c3fd7afecdb556c50c9e8de78 -> 
  custom:container-demuxer-ogg: 62fdf1f143b41e24485cea50d1cbac27 -> 
  custom:AudioImporter_EditorPlatform: d09bf68614088b80899f8185d706f6e7 -> 
  custom:video-codec-MediaFoundation-h265: 746d11721c4dcdbdad8f713fa42b33f4 -> 
  custom:video-decoder-ogg-theora: a1e56fd34408186e4bbccfd4996cb3dc -> 
  custom:framework-win-MediaFoundation: 216162199b28c13a410421893ffa2e32 -> 
  custom:video-encoder-webm-vp8: eb34c28f22e8b96e1ab97ce403110664 -> 
  custom:audio-decoder-ogg-vorbis: bf7c407c2cedff20999df2af8eb42d56 -> 
  custom:container-demuxer-webm: 4f35f7cbe854078d1ac9338744f61a02 -> 
  custom:audio-encoder-webm-vorbis: bf7c407c2cedff20999df2af8eb42d56 -> 
  custom:container-muxer-webm: aa71ff27fc2769a1b78a27578f13a17b -> 
========================================================================
Received Prepare
Begin MonoManager ReloadAssembly
- Loaded All Assemblies, in  1.088 seconds
Refreshing native plugins compatible for Editor in 5.75 ms, found 1 plugins.
Native extension for WindowsStandalone target not found
Native extension for WebGL target not found
Mono: successfully reloaded assembly
- Finished resetting the current domain, in  1.292 seconds
Domain Reload Profiling: 2374ms
	BeginReloadAssembly (250ms)
		ExecutionOrderSort (0ms)
		DisableScriptedObjects (27ms)
		BackupInstance (0ms)
		ReleaseScriptingObjects (0ms)
		CreateAndSetChildDomain (43ms)
	RebuildCommonClasses (60ms)
	RebuildNativeTypeToScriptingClass (17ms)
	initialDomainReloadingComplete (61ms)
	LoadAllAssembliesAndSetupDomain (693ms)
		LoadAssemblies (382ms)
		RebuildTransferFunctionScriptingTraits (0ms)
		AnalyzeDomain (430ms)
			TypeCache.Refresh (421ms)
				TypeCache.ScanAssembly (401ms)
			ScanForSourceGeneratedMonoScriptInfo (0ms)
			ResolveRequiredComponents (9ms)
	FinalizeReload (1293ms)
		ReleaseScriptCaches (0ms)
		RebuildScriptCaches (0ms)
		SetupLoadedEditorAssemblies (673ms)
			LogAssemblyErrors (0ms)
			InitializePlatformSupportModulesInManaged (20ms)
			SetLoadedEditorAssemblies (7ms)
			RefreshPlugins (0ms)
			BeforeProcessingInitializeOnLoad (110ms)
			ProcessInitializeOnLoadAttributes (420ms)
			ProcessInitializeOnLoadMethodAttributes (88ms)
			AfterProcessingInitializeOnLoad (24ms)
			EditorAssembliesLoaded (4ms)
		ExecutionOrderSort2 (0ms)
		AwakeInstancesAfterBackupRestoration (33ms)
Refreshing native plugins compatible for Editor in 6.78 ms, found 1 plugins.
Preloading 0 native plugins for Editor in 0.00 ms.
Unloading 1740 Unused Serialized files (Serialized files now loaded: 0)
Unloading 19 unused Assets / (99.2 KB). Loaded Objects now: 3963.
Memory consumption went from 92.2 MB to 92.1 MB.
Total: 10.279400 ms (FindLiveObjects: 1.054900 ms CreateObjectMapping: 0.448700 ms MarkObjects: 8.476100 ms  DeleteObjects: 0.297400 ms)

Prepare: number of updated asset objects reloaded= 0
AssetImportParameters requested are different than current active one (requested -> active):
  custom:video-decoder-webm-vp8: 9c59270c3fd7afecdb556c50c9e8de78 -> 
  custom:container-demuxer-ogg: 62fdf1f143b41e24485cea50d1cbac27 -> 
  custom:AudioImporter_EditorPlatform: d09bf68614088b80899f8185d706f6e7 -> 
  custom:video-codec-MediaFoundation-h265: 746d11721c4dcdbdad8f713fa42b33f4 -> 
  custom:video-decoder-ogg-theora: a1e56fd34408186e4bbccfd4996cb3dc -> 
  custom:framework-win-MediaFoundation: 216162199b28c13a410421893ffa2e32 -> 
  custom:video-encoder-webm-vp8: eb34c28f22e8b96e1ab97ce403110664 -> 
  custom:audio-decoder-ogg-vorbis: bf7c407c2cedff20999df2af8eb42d56 -> 
  custom:container-demuxer-webm: 4f35f7cbe854078d1ac9338744f61a02 -> 
  custom:audio-encoder-webm-vorbis: bf7c407c2cedff20999df2af8eb42d56 -> 
  custom:container-muxer-webm: aa71ff27fc2769a1b78a27578f13a17b -> 
========================================================================
Received Prepare
Begin MonoManager ReloadAssembly
- Loaded All Assemblies, in  1.242 seconds
Refreshing native plugins compatible for Editor in 3.96 ms, found 1 plugins.
Native extension for WindowsStandalone target not found
Native extension for WebGL target not found
Mono: successfully reloaded assembly
- Finished resetting the current domain, in  0.947 seconds
Domain Reload Profiling: 2183ms
	BeginReloadAssembly (268ms)
		ExecutionOrderSort (0ms)
		DisableScriptedObjects (24ms)
		BackupInstance (0ms)
		ReleaseScriptingObjects (0ms)
		CreateAndSetChildDomain (53ms)
	RebuildCommonClasses (92ms)
	RebuildNativeTypeToScriptingClass (18ms)
	initialDomainReloadingComplete (62ms)
	LoadAllAssembliesAndSetupDomain (796ms)
		LoadAssemblies (520ms)
		RebuildTransferFunctionScriptingTraits (0ms)
		AnalyzeDomain (390ms)
			TypeCache.Refresh (382ms)
				TypeCache.ScanAssembly (361ms)
			ScanForSourceGeneratedMonoScriptInfo (3ms)
			ResolveRequiredComponents (5ms)
	FinalizeReload (948ms)
		ReleaseScriptCaches (0ms)
		RebuildScriptCaches (0ms)
		SetupLoadedEditorAssemblies (453ms)
			LogAssemblyErrors (0ms)
			InitializePlatformSupportModulesInManaged (12ms)
			SetLoadedEditorAssemblies (5ms)
			RefreshPlugins (0ms)
			BeforeProcessingInitializeOnLoad (95ms)
			ProcessInitializeOnLoadAttributes (274ms)
			ProcessInitializeOnLoadMethodAttributes (53ms)
			AfterProcessingInitializeOnLoad (14ms)
			EditorAssembliesLoaded (0ms)
		ExecutionOrderSort2 (0ms)
		AwakeInstancesAfterBackupRestoration (18ms)
Refreshing native plugins compatible for Editor in 3.89 ms, found 1 plugins.
Preloading 0 native plugins for Editor in 0.00 ms.
Unloading 1740 Unused Serialized files (Serialized files now loaded: 0)
Unloading 19 unused Assets / (99.2 KB). Loaded Objects now: 3979.
Memory consumption went from 92.4 MB to 92.3 MB.
Total: 5.349100 ms (FindLiveObjects: 0.549800 ms CreateObjectMapping: 0.127100 ms MarkObjects: 4.587000 ms  DeleteObjects: 0.083400 ms)

Prepare: number of updated asset objects reloaded= 0
AssetImportParameters requested are different than current active one (requested -> active):
  custom:video-decoder-webm-vp8: 9c59270c3fd7afecdb556c50c9e8de78 -> 
  custom:container-demuxer-ogg: 62fdf1f143b41e24485cea50d1cbac27 -> 
  custom:AudioImporter_EditorPlatform: d09bf68614088b80899f8185d706f6e7 -> 
  custom:video-codec-MediaFoundation-h265: 746d11721c4dcdbdad8f713fa42b33f4 -> 
  custom:video-decoder-ogg-theora: a1e56fd34408186e4bbccfd4996cb3dc -> 
  custom:framework-win-MediaFoundation: 216162199b28c13a410421893ffa2e32 -> 
  custom:video-encoder-webm-vp8: eb34c28f22e8b96e1ab97ce403110664 -> 
  custom:audio-decoder-ogg-vorbis: bf7c407c2cedff20999df2af8eb42d56 -> 
  custom:container-demuxer-webm: 4f35f7cbe854078d1ac9338744f61a02 -> 
  custom:audio-encoder-webm-vorbis: bf7c407c2cedff20999df2af8eb42d56 -> 
  custom:container-muxer-webm: aa71ff27fc2769a1b78a27578f13a17b -> 
========================================================================
Received Prepare
Begin MonoManager ReloadAssembly
- Loaded All Assemblies, in  0.948 seconds
Refreshing native plugins compatible for Editor in 3.74 ms, found 1 plugins.
Native extension for WindowsStandalone target not found
Native extension for WebGL target not found
Mono: successfully reloaded assembly
- Finished resetting the current domain, in  1.197 seconds
Domain Reload Profiling: 2140ms
	BeginReloadAssembly (247ms)
		ExecutionOrderSort (0ms)
		DisableScriptedObjects (24ms)
		BackupInstance (0ms)
		ReleaseScriptingObjects (0ms)
		CreateAndSetChildDomain (45ms)
	RebuildCommonClasses (60ms)
	RebuildNativeTypeToScriptingClass (21ms)
	initialDomainReloadingComplete (58ms)
	LoadAllAssembliesAndSetupDomain (556ms)
		LoadAssemblies (371ms)
		RebuildTransferFunctionScriptingTraits (0ms)
		AnalyzeDomain (296ms)
			TypeCache.Refresh (291ms)
				TypeCache.ScanAssembly (273ms)
			ScanForSourceGeneratedMonoScriptInfo (0ms)
			ResolveRequiredComponents (6ms)
	FinalizeReload (1198ms)
		ReleaseScriptCaches (0ms)
		RebuildScriptCaches (0ms)
		SetupLoadedEditorAssemblies (573ms)
			LogAssemblyErrors (0ms)
			InitializePlatformSupportModulesInManaged (17ms)
			SetLoadedEditorAssemblies (8ms)
			RefreshPlugins (0ms)
			BeforeProcessingInitializeOnLoad (102ms)
			ProcessInitializeOnLoadAttributes (331ms)
			ProcessInitializeOnLoadMethodAttributes (91ms)
			AfterProcessingInitializeOnLoad (23ms)
			EditorAssembliesLoaded (1ms)
		ExecutionOrderSort2 (0ms)
		AwakeInstancesAfterBackupRestoration (33ms)
Refreshing native plugins compatible for Editor in 6.28 ms, found 1 plugins.
Preloading 0 native plugins for Editor in 0.00 ms.
Unloading 1740 Unused Serialized files (Serialized files now loaded: 0)
Unloading 19 unused Assets / (99.3 KB). Loaded Objects now: 3995.
Memory consumption went from 92.3 MB to 92.2 MB.
Total: 6.852700 ms (FindLiveObjects: 0.671000 ms CreateObjectMapping: 0.232700 ms MarkObjects: 5.841500 ms  DeleteObjects: 0.105700 ms)

Prepare: number of updated asset objects reloaded= 0
AssetImportParameters requested are different than current active one (requested -> active):
  custom:video-decoder-webm-vp8: 9c59270c3fd7afecdb556c50c9e8de78 -> 
  custom:container-demuxer-ogg: 62fdf1f143b41e24485cea50d1cbac27 -> 
  custom:AudioImporter_EditorPlatform: d09bf68614088b80899f8185d706f6e7 -> 
  custom:video-codec-MediaFoundation-h265: 746d11721c4dcdbdad8f713fa42b33f4 -> 
  custom:video-decoder-ogg-theora: a1e56fd34408186e4bbccfd4996cb3dc -> 
  custom:framework-win-MediaFoundation: 216162199b28c13a410421893ffa2e32 -> 
  custom:video-encoder-webm-vp8: eb34c28f22e8b96e1ab97ce403110664 -> 
  custom:audio-decoder-ogg-vorbis: bf7c407c2cedff20999df2af8eb42d56 -> 
  custom:container-demuxer-webm: 4f35f7cbe854078d1ac9338744f61a02 -> 
  custom:audio-encoder-webm-vorbis: bf7c407c2cedff20999df2af8eb42d56 -> 
  custom:container-muxer-webm: aa71ff27fc2769a1b78a27578f13a17b -> 
========================================================================
Received Prepare
Begin MonoManager ReloadAssembly
- Loaded All Assemblies, in  0.991 seconds
Refreshing native plugins compatible for Editor in 9.21 ms, found 1 plugins.
Native extension for WindowsStandalone target not found
Native extension for WebGL target not found
Mono: successfully reloaded assembly
- Finished resetting the current domain, in  1.326 seconds
Domain Reload Profiling: 2312ms
	BeginReloadAssembly (263ms)
		ExecutionOrderSort (0ms)
		DisableScriptedObjects (26ms)
		BackupInstance (0ms)
		ReleaseScriptingObjects (0ms)
		CreateAndSetChildDomain (46ms)
	RebuildCommonClasses (59ms)
	RebuildNativeTypeToScriptingClass (24ms)
	initialDomainReloadingComplete (60ms)
	LoadAllAssembliesAndSetupDomain (580ms)
		LoadAssemblies (380ms)
		RebuildTransferFunctionScriptingTraits (0ms)
		AnalyzeDomain (319ms)
			TypeCache.Refresh (309ms)
				TypeCache.ScanAssembly (283ms)
			ScanForSourceGeneratedMonoScriptInfo (0ms)
			ResolveRequiredComponents (10ms)
	FinalizeReload (1327ms)
		ReleaseScriptCaches (0ms)
		RebuildScriptCaches (0ms)
		SetupLoadedEditorAssemblies (579ms)
			LogAssemblyErrors (0ms)
			InitializePlatformSupportModulesInManaged (14ms)
			SetLoadedEditorAssemblies (6ms)
			RefreshPlugins (0ms)
			BeforeProcessingInitializeOnLoad (113ms)
			ProcessInitializeOnLoadAttributes (340ms)
			ProcessInitializeOnLoadMethodAttributes (80ms)
			AfterProcessingInitializeOnLoad (26ms)
			EditorAssembliesLoaded (0ms)
		ExecutionOrderSort2 (0ms)
		AwakeInstancesAfterBackupRestoration (39ms)
Refreshing native plugins compatible for Editor in 7.64 ms, found 1 plugins.
Preloading 0 native plugins for Editor in 0.00 ms.
Unloading 1740 Unused Serialized files (Serialized files now loaded: 0)
Unloading 19 unused Assets / (99.3 KB). Loaded Objects now: 4011.
Memory consumption went from 92.3 MB to 92.2 MB.
Total: 10.951200 ms (FindLiveObjects: 1.448900 ms CreateObjectMapping: 0.524500 ms MarkObjects: 8.662500 ms  DeleteObjects: 0.311700 ms)

Prepare: number of updated asset objects reloaded= 0
AssetImportParameters requested are different than current active one (requested -> active):
  custom:video-decoder-webm-vp8: 9c59270c3fd7afecdb556c50c9e8de78 -> 
  custom:container-demuxer-ogg: 62fdf1f143b41e24485cea50d1cbac27 -> 
  custom:AudioImporter_EditorPlatform: d09bf68614088b80899f8185d706f6e7 -> 
  custom:video-codec-MediaFoundation-h265: 746d11721c4dcdbdad8f713fa42b33f4 -> 
  custom:video-decoder-ogg-theora: a1e56fd34408186e4bbccfd4996cb3dc -> 
  custom:framework-win-MediaFoundation: 216162199b28c13a410421893ffa2e32 -> 
  custom:video-encoder-webm-vp8: eb34c28f22e8b96e1ab97ce403110664 -> 
  custom:audio-decoder-ogg-vorbis: bf7c407c2cedff20999df2af8eb42d56 -> 
  custom:container-demuxer-webm: 4f35f7cbe854078d1ac9338744f61a02 -> 
  custom:audio-encoder-webm-vorbis: bf7c407c2cedff20999df2af8eb42d56 -> 
  custom:container-muxer-webm: aa71ff27fc2769a1b78a27578f13a17b -> 
========================================================================
Received Import Request.
  Time since last request: 1115.246185 seconds.
  path: Assets/Scripts/PlayerController.cs
  artifactKey: Guid(66a2bf41fed1a524881321f125af9f07) Importer(815301076,1909f56bfc062723c751e8b465ee728b)
Start importing Assets/Scripts/PlayerController.cs using Guid(66a2bf41fed1a524881321f125af9f07) Importer(815301076,1909f56bfc062723c751e8b465ee728b)  -> (artifact id: 'a5ed39642b2b337f86e1ca8ea761309c') in 0.003445 seconds
Number of updated asset objects reloaded before import = 0
Number of asset objects unloaded after import = 0
========================================================================
Received Prepare
Begin MonoManager ReloadAssembly
- Loaded All Assemblies, in  1.240 seconds
Refreshing native plugins compatible for Editor in 3.71 ms, found 1 plugins.
Native extension for WindowsStandalone target not found
Native extension for WebGL target not found
Mono: successfully reloaded assembly
- Finished resetting the current domain, in  1.578 seconds
Domain Reload Profiling: 2810ms
	BeginReloadAssembly (278ms)
		ExecutionOrderSort (0ms)
		DisableScriptedObjects (19ms)
		BackupInstance (0ms)
		ReleaseScriptingObjects (0ms)
		CreateAndSetChildDomain (48ms)
	RebuildCommonClasses (205ms)
	RebuildNativeTypeToScriptingClass (29ms)
	initialDomainReloadingComplete (82ms)
	LoadAllAssembliesAndSetupDomain (638ms)
		LoadAssemblies (456ms)
		RebuildTransferFunctionScriptingTraits (0ms)
		AnalyzeDomain (327ms)
			TypeCache.Refresh (313ms)
				TypeCache.ScanAssembly (294ms)
			ScanForSourceGeneratedMonoScriptInfo (3ms)
			ResolveRequiredComponents (10ms)
	FinalizeReload (1578ms)
		ReleaseScriptCaches (0ms)
		RebuildScriptCaches (0ms)
		SetupLoadedEditorAssemblies (573ms)
			LogAssemblyErrors (0ms)
			InitializePlatformSupportModulesInManaged (18ms)
			SetLoadedEditorAssemblies (8ms)
			RefreshPlugins (0ms)
			BeforeProcessingInitializeOnLoad (121ms)
			ProcessInitializeOnLoadAttributes (347ms)
			ProcessInitializeOnLoadMethodAttributes (60ms)
			AfterProcessingInitializeOnLoad (18ms)
			EditorAssembliesLoaded (0ms)
		ExecutionOrderSort2 (0ms)
		AwakeInstancesAfterBackupRestoration (24ms)
Refreshing native plugins compatible for Editor in 5.28 ms, found 1 plugins.
Preloading 0 native plugins for Editor in 0.00 ms.
Unloading 1739 Unused Serialized files (Serialized files now loaded: 0)
Unloading 19 unused Assets / (99.2 KB). Loaded Objects now: 4027.
Memory consumption went from 92.0 MB to 91.9 MB.
Total: 5.759900 ms (FindLiveObjects: 0.584100 ms CreateObjectMapping: 0.169200 ms MarkObjects: 4.917800 ms  DeleteObjects: 0.087200 ms)

Prepare: number of updated asset objects reloaded= 0
AssetImportParameters requested are different than current active one (requested -> active):
  custom:video-decoder-webm-vp8: 9c59270c3fd7afecdb556c50c9e8de78 -> 
  custom:container-demuxer-ogg: 62fdf1f143b41e24485cea50d1cbac27 -> 
  custom:AudioImporter_EditorPlatform: d09bf68614088b80899f8185d706f6e7 -> 
  custom:video-codec-MediaFoundation-h265: 746d11721c4dcdbdad8f713fa42b33f4 -> 
  custom:video-decoder-ogg-theora: a1e56fd34408186e4bbccfd4996cb3dc -> 
  custom:framework-win-MediaFoundation: 216162199b28c13a410421893ffa2e32 -> 
  custom:video-encoder-webm-vp8: eb34c28f22e8b96e1ab97ce403110664 -> 
  custom:audio-decoder-ogg-vorbis: bf7c407c2cedff20999df2af8eb42d56 -> 
  custom:container-demuxer-webm: 4f35f7cbe854078d1ac9338744f61a02 -> 
  custom:audio-encoder-webm-vorbis: bf7c407c2cedff20999df2af8eb42d56 -> 
  custom:container-muxer-webm: aa71ff27fc2769a1b78a27578f13a17b -> 
========================================================================
Received Import Request.
  Time since last request: 50.593443 seconds.
  path: Assets/Scripts/PlayerController.cs
  artifactKey: Guid(66a2bf41fed1a524881321f125af9f07) Importer(815301076,1909f56bfc062723c751e8b465ee728b)
Start importing Assets/Scripts/PlayerController.cs using Guid(66a2bf41fed1a524881321f125af9f07) Importer(815301076,1909f56bfc062723c751e8b465ee728b)  -> (artifact id: '9e10ba6d9800f16411b6c71b8ca9651b') in 0.002671 seconds
Number of updated asset objects reloaded before import = 0
Number of asset objects unloaded after import = 0
========================================================================
Received Prepare
Begin MonoManager ReloadAssembly
- Loaded All Assemblies, in  1.154 seconds
Refreshing native plugins compatible for Editor in 4.20 ms, found 1 plugins.
Native extension for WindowsStandalone target not found
Native extension for WebGL target not found
Mono: successfully reloaded assembly
- Finished resetting the current domain, in  1.072 seconds
Domain Reload Profiling: 2219ms
	BeginReloadAssembly (241ms)
		ExecutionOrderSort (0ms)
		DisableScriptedObjects (23ms)
		BackupInstance (0ms)
		ReleaseScriptingObjects (0ms)
		CreateAndSetChildDomain (44ms)
	RebuildCommonClasses (147ms)
	RebuildNativeTypeToScriptingClass (17ms)
	initialDomainReloadingComplete (54ms)
	LoadAllAssembliesAndSetupDomain (687ms)
		LoadAssemblies (521ms)
		RebuildTransferFunctionScriptingTraits (0ms)
		AnalyzeDomain (275ms)
			TypeCache.Refresh (269ms)
				TypeCache.ScanAssembly (252ms)
			ScanForSourceGeneratedMonoScriptInfo (0ms)
			ResolveRequiredComponents (6ms)
	FinalizeReload (1072ms)
		ReleaseScriptCaches (0ms)
		RebuildScriptCaches (0ms)
		SetupLoadedEditorAssemblies (500ms)
			LogAssemblyErrors (0ms)
			InitializePlatformSupportModulesInManaged (15ms)
			SetLoadedEditorAssemblies (7ms)
			RefreshPlugins (0ms)
			BeforeProcessingInitializeOnLoad (102ms)
			ProcessInitializeOnLoadAttributes (299ms)
			ProcessInitializeOnLoadMethodAttributes (60ms)
			AfterProcessingInitializeOnLoad (16ms)
			EditorAssembliesLoaded (0ms)
		ExecutionOrderSort2 (0ms)
		AwakeInstancesAfterBackupRestoration (21ms)
Refreshing native plugins compatible for Editor in 5.90 ms, found 1 plugins.
Preloading 0 native plugins for Editor in 0.00 ms.
Unloading 1739 Unused Serialized files (Serialized files now loaded: 0)
Unloading 19 unused Assets / (99.3 KB). Loaded Objects now: 4043.
Memory consumption went from 92.1 MB to 92.0 MB.
Total: 6.657800 ms (FindLiveObjects: 0.690500 ms CreateObjectMapping: 0.161300 ms MarkObjects: 5.695100 ms  DeleteObjects: 0.108400 ms)

Prepare: number of updated asset objects reloaded= 0
AssetImportParameters requested are different than current active one (requested -> active):
  custom:video-decoder-webm-vp8: 9c59270c3fd7afecdb556c50c9e8de78 -> 
  custom:container-demuxer-ogg: 62fdf1f143b41e24485cea50d1cbac27 -> 
  custom:AudioImporter_EditorPlatform: d09bf68614088b80899f8185d706f6e7 -> 
  custom:video-codec-MediaFoundation-h265: 746d11721c4dcdbdad8f713fa42b33f4 -> 
  custom:video-decoder-ogg-theora: a1e56fd34408186e4bbccfd4996cb3dc -> 
  custom:framework-win-MediaFoundation: 216162199b28c13a410421893ffa2e32 -> 
  custom:video-encoder-webm-vp8: eb34c28f22e8b96e1ab97ce403110664 -> 
  custom:audio-decoder-ogg-vorbis: bf7c407c2cedff20999df2af8eb42d56 -> 
  custom:container-demuxer-webm: 4f35f7cbe854078d1ac9338744f61a02 -> 
  custom:audio-encoder-webm-vorbis: bf7c407c2cedff20999df2af8eb42d56 -> 
  custom:container-muxer-webm: aa71ff27fc2769a1b78a27578f13a17b -> 
========================================================================
Received Prepare
Begin MonoManager ReloadAssembly
- Loaded All Assemblies, in  1.201 seconds
Refreshing native plugins compatible for Editor in 4.22 ms, found 1 plugins.
Native extension for WindowsStandalone target not found
Native extension for WebGL target not found
Mono: successfully reloaded assembly
- Finished resetting the current domain, in  1.403 seconds
Domain Reload Profiling: 2598ms
	BeginReloadAssembly (271ms)
		ExecutionOrderSort (0ms)
		DisableScriptedObjects (24ms)
		BackupInstance (0ms)
		ReleaseScriptingObjects (0ms)
		CreateAndSetChildDomain (53ms)
	RebuildCommonClasses (195ms)
	RebuildNativeTypeToScriptingClass (26ms)
	initialDomainReloadingComplete (80ms)
	LoadAllAssembliesAndSetupDomain (621ms)
		LoadAssemblies (421ms)
		RebuildTransferFunctionScriptingTraits (0ms)
		AnalyzeDomain (325ms)
			TypeCache.Refresh (316ms)
				TypeCache.ScanAssembly (298ms)
			ScanForSourceGeneratedMonoScriptInfo (3ms)
			ResolveRequiredComponents (6ms)
	FinalizeReload (1404ms)
		ReleaseScriptCaches (0ms)
		RebuildScriptCaches (0ms)
		SetupLoadedEditorAssemblies (562ms)
			LogAssemblyErrors (0ms)
			InitializePlatformSupportModulesInManaged (13ms)
			SetLoadedEditorAssemblies (7ms)
			RefreshPlugins (0ms)
			BeforeProcessingInitializeOnLoad (113ms)
			ProcessInitializeOnLoadAttributes (361ms)
			ProcessInitializeOnLoadMethodAttributes (53ms)
			AfterProcessingInitializeOnLoad (14ms)
			EditorAssembliesLoaded (0ms)
		ExecutionOrderSort2 (0ms)
		AwakeInstancesAfterBackupRestoration (22ms)
Refreshing native plugins compatible for Editor in 4.92 ms, found 1 plugins.
Preloading 0 native plugins for Editor in 0.00 ms.
Unloading 1740 Unused Serialized files (Serialized files now loaded: 0)
Unloading 19 unused Assets / (99.2 KB). Loaded Objects now: 4059.
Memory consumption went from 92.4 MB to 92.4 MB.
Total: 5.288300 ms (FindLiveObjects: 0.474500 ms CreateObjectMapping: 0.127400 ms MarkObjects: 4.591600 ms  DeleteObjects: 0.093300 ms)

Prepare: number of updated asset objects reloaded= 0
AssetImportParameters requested are different than current active one (requested -> active):
  custom:video-decoder-webm-vp8: 9c59270c3fd7afecdb556c50c9e8de78 -> 
  custom:container-demuxer-ogg: 62fdf1f143b41e24485cea50d1cbac27 -> 
  custom:AudioImporter_EditorPlatform: d09bf68614088b80899f8185d706f6e7 -> 
  custom:video-codec-MediaFoundation-h265: 746d11721c4dcdbdad8f713fa42b33f4 -> 
  custom:video-decoder-ogg-theora: a1e56fd34408186e4bbccfd4996cb3dc -> 
  custom:framework-win-MediaFoundation: 216162199b28c13a410421893ffa2e32 -> 
  custom:video-encoder-webm-vp8: eb34c28f22e8b96e1ab97ce403110664 -> 
  custom:audio-decoder-ogg-vorbis: bf7c407c2cedff20999df2af8eb42d56 -> 
  custom:container-demuxer-webm: 4f35f7cbe854078d1ac9338744f61a02 -> 
  custom:audio-encoder-webm-vorbis: bf7c407c2cedff20999df2af8eb42d56 -> 
  custom:container-muxer-webm: aa71ff27fc2769a1b78a27578f13a17b -> 
========================================================================
Received Prepare
Begin MonoManager ReloadAssembly
- Loaded All Assemblies, in  1.122 seconds
Refreshing native plugins compatible for Editor in 3.69 ms, found 1 plugins.
Native extension for WindowsStandalone target not found
Native extension for WebGL target not found
Mono: successfully reloaded assembly
- Finished resetting the current domain, in  1.062 seconds
Domain Reload Profiling: 2178ms
	BeginReloadAssembly (409ms)
		ExecutionOrderSort (0ms)
		DisableScriptedObjects (24ms)
		BackupInstance (0ms)
		ReleaseScriptingObjects (0ms)
		CreateAndSetChildDomain (58ms)
	RebuildCommonClasses (78ms)
	RebuildNativeTypeToScriptingClass (22ms)
	initialDomainReloadingComplete (63ms)
	LoadAllAssembliesAndSetupDomain (542ms)
		LoadAssemblies (510ms)
		RebuildTransferFunctionScriptingTraits (0ms)
		AnalyzeDomain (284ms)
			TypeCache.Refresh (277ms)
				TypeCache.ScanAssembly (259ms)
			ScanForSourceGeneratedMonoScriptInfo (0ms)
			ResolveRequiredComponents (7ms)
	FinalizeReload (1063ms)
		ReleaseScriptCaches (0ms)
		RebuildScriptCaches (0ms)
		SetupLoadedEditorAssemblies (522ms)
			LogAssemblyErrors (0ms)
			InitializePlatformSupportModulesInManaged (14ms)
			SetLoadedEditorAssemblies (9ms)
			RefreshPlugins (0ms)
			BeforeProcessingInitializeOnLoad (107ms)
			ProcessInitializeOnLoadAttributes (309ms)
			ProcessInitializeOnLoadMethodAttributes (66ms)
			AfterProcessingInitializeOnLoad (17ms)
			EditorAssembliesLoaded (0ms)
		ExecutionOrderSort2 (0ms)
		AwakeInstancesAfterBackupRestoration (24ms)
Refreshing native plugins compatible for Editor in 5.95 ms, found 1 plugins.
Preloading 0 native plugins for Editor in 0.00 ms.
Unloading 1740 Unused Serialized files (Serialized files now loaded: 0)
Unloading 19 unused Assets / (99.2 KB). Loaded Objects now: 4075.
Memory consumption went from 92.3 MB to 92.2 MB.
Total: 6.427200 ms (FindLiveObjects: 0.840700 ms CreateObjectMapping: 0.228500 ms MarkObjects: 5.260300 ms  DeleteObjects: 0.095700 ms)

Prepare: number of updated asset objects reloaded= 0
AssetImportParameters requested are different than current active one (requested -> active):
  custom:video-decoder-webm-vp8: 9c59270c3fd7afecdb556c50c9e8de78 -> 
  custom:container-demuxer-ogg: 62fdf1f143b41e24485cea50d1cbac27 -> 
  custom:AudioImporter_EditorPlatform: d09bf68614088b80899f8185d706f6e7 -> 
  custom:video-codec-MediaFoundation-h265: 746d11721c4dcdbdad8f713fa42b33f4 -> 
  custom:video-decoder-ogg-theora: a1e56fd34408186e4bbccfd4996cb3dc -> 
  custom:framework-win-MediaFoundation: 216162199b28c13a410421893ffa2e32 -> 
  custom:video-encoder-webm-vp8: eb34c28f22e8b96e1ab97ce403110664 -> 
  custom:audio-decoder-ogg-vorbis: bf7c407c2cedff20999df2af8eb42d56 -> 
  custom:container-demuxer-webm: 4f35f7cbe854078d1ac9338744f61a02 -> 
  custom:audio-encoder-webm-vorbis: bf7c407c2cedff20999df2af8eb42d56 -> 
  custom:container-muxer-webm: aa71ff27fc2769a1b78a27578f13a17b -> 
